filename,prompt,reasoning_trace,predicted_value
P-fit-image34-pov2_blur_low.jpg,Will the potatos fit inside the plastic bag?,"The pile of potatoes is quite large and voluminous compared to the size of the plastic bag shown laid flat. Standard produce or plastic bags of that visual size typically cannot accommodate such a large bulk of items once they are distributed inside, especially considering the depth of the potatoes seen in the image.",False
P-liquid_volume-image54.jpg,L02,"The container is a standard-sized sports water bottle. Based on its height and width relative to the common coffee jar next to it, which is likely around 200-300 mL, the bottle appears to be roughly 2.5 to 3 times larger in volume. Typical sizes for such bottles are 500 mL, 750 mL, or 1000 mL. Given its proportions, 750 mL is a common and plausible capacity.",750.0
P-stability-image5_blur_low.jpg,Estimate volume of water to make the structure fall.,"The board is partially hanging over the edge of the table. To tip it, the center of mass of the combined board and beaker system must move beyond the pivot point (the edge). Estimating visually, the board appears to have around 40% of its length overhanging, with the center of mass roughly 10% inside. The beaker is located near the overhanging edge. Assuming a standard wooden board mass around 600-800g, a volume of water around 300-400g should provide sufficient torque to tip it.",350.0
P-stability-image17.jpg,S03,"For a thin uniform rod leaning against a frictionless wall, it starts to slide when the angle θ satisfies tan(θ) < 1 / (2 * μ), where μ is the static friction coefficient with the floor. Assuming a common friction coefficient for wood on a smooth concrete floor (around 0.4 to 0.6), the sliding angle would likely be between 30 and 50 degrees. At lower angles, the horizontal force required to maintain equilibrium exceeds maximum available friction.",40.0
P-liquid_volume-image56_blur_low.jpg,L02,"The container in the red box appears to be a clear, wide-bottomed bowl or possibly a base piece. Comparing its size to the hand and the measuring cup above it, its volume is estimated based on common bowl capacities. If the measuring cup above it is roughly 200-250mL, this lower bowl, being wider, likely has a capacity in the range of 350-500mL. Based on its shape, around 450 mL is a reasonable estimate.",450.0
A-stability-image2_blur_low.jpg,"When the bat just falls off, how far will the bat be extending from the edge?","A typical full-size cricket bat is approximately 85-88 cm in total length. The center of mass (balance point) of a cricket bat usually lies between 38 cm and 45 cm from the toe, depending on the weight distribution. When the bat is about to fall off, its center of mass must have crossed the edge. For a standard SH (Short Handle) bat, 42.5 cm is a representative estimate for the distance from the toe to the center of gravity.",42.5
M-angle-image6.jpg,A01,"The marked angle is formed between a horizontal reference line and a downward-sloping top edge of a clear container. By visual estimation, the slant is moderate, approximately between 20 to 35 degrees from the horizontal. Comparing it with a standard 45-degree angle, this looks notably shallower, leading to an estimate around 25-30 degrees.",25.0
P-liquid_volume-image21.jpg,L06,"The container in the red marking is a rectangular fragrance bottle. Common volumes for such perfume or cologne bottles range typically from 50 mL to 100 mL. Based on its size relative to the adjacent dish soap bottle (likely around 500-750 mL), a standard estimate for its full volume is approximately 100 mL.",100.0
V-weight-image79-pov2.jpg,W01,"The marked object is a large, thick quilted mattress or floor mat. Based on its size and thickness, similar items typically range in weight from 3000g to 6000g. A reasonable estimate for this specific item is 4500g.",4500.0
P-liquid_volume-image23.jpg,L02,"The container shown is a tall, large-capacity travel tumbler with a handle, typical of popular 40oz insulated mugs, which corresponds to roughly 1183mL, often rounded to 1200mL.",1183.0
P-angle-image22.jpg,A01,"The marked incline angle is formed between a horizontal reference line and a line following the edge of a small stand supporting a purple object. By observing the visual slope, the angle appears significantly steeper than 45 degrees, estimated to be around 60-65 degrees based on typical tilt stand designs and visual representation.",60.0
P-weight-image32.jpg,W01,"The red-marked object is a soccer ball. A standard size 5 soccer ball, which is typical for adult use, typically weighs between 410 and 450 grams.",430.0
V-weight-image42.jpg,W04,"The red-marked area contains two typical paperback books. A standard paperback novel usually weighs between 300 to 400 grams. Therefore, two such books would weigh approximately 600 to 800 grams in total.",700.0
P-stability-image15.jpg,S08,"The image shows a wooden board on a central pivot, functioning as a see-saw. Currently, it is tilted significantly towards the right, where a large egg-like object is placed far from the fulcrum. On the left, a lightweight plastic beaker sits near the end. Assuming the egg has a standard mass of approximately 50-65 grams and is positioned at a similar or slightly greater distance from the pivot compared to the beaker, adding a comparable mass would be needed to achieve balance. Standard school laboratory weights or common food item weights (like roughly 50-60 grams) would likely stabilize it, accounting for the current torque imbalance.",50.0
P-weight-image1.jpg,W01,"The red-marked object is a small portable yellow flashlight. Based on its size relative to the roll of packing tape and common weights for similar handheld plastic flashlights (typically ranging from 100 to 250 grams including batteries), an estimate of 150 grams is reasonable.",150.0
V-angle-image70.jpg,A03,"The marked angle is between the blue/black painted support plank and the floor. Based on the visual orientation, the plank rises at a moderate incline. Estimating from the image proportions, the angle appears to be approximately 38 degrees.",38.0
P-stability-image10_blur_low.jpg,S03,"The marked angle represents the incline of the ramp. For a typical object to start sliding, the angle must usually exceed the angle of repose, which depends on the coefficient of static friction. Common values for many objects on generic surfaces range between 20 and 45 degrees. A reasonable estimate for an object likely to be used in such a test is around 30 to 35 degrees.",35.0
P-liquid_volume-image75_blur_med.jpg,L02,"The container is a standard glass food storage bowl with a locking lid. Based on its size relative to the common household objects nearby, like standard potatoes and generic kitchenware, it typically has a capacity between 350mL and 500mL. I will estimate it at 400mL.",400.0
P-fit-image24.jpg,F01,"The red-marked area contains three small, round food storage containers. The blue-marked container is an insulated tall lunch bag likely designed for exactly these kinds of containers. Based on visual comparison, the height of the lunch bag is sufficient to hold all three containers if they are stacked on top of each other, and the width is sufficient to accommodate their diameter.",True
P-angle-image17_blur_low.jpg,A01,"The marked incline angle is indicated between the horizontal plane (near the bucket lid) and the wooden plank. Looking at the slope of the wooden plank relative to the horizontal ground/reference line, it appears to be approximately 40-45 degrees. Based on the visual alignment, 42 degrees is a reasonable estimate.",42.0
B-angle-image4.jpg,A01,"The marked incline angle is formed between the sloping metal pole and the approximately horizontal ground reference line. Based on visual estimation, the angle appears to be slightly less than 45 degrees.",42.0
P-fit-image19.jpg,F04,"The tape roll is relatively small compared to the remaining open area in the plastic container, specifically the clear floor space next to the red container.",True
P-stability-image7_blur_high.jpg,Estimate volume of water to make the structure fall.,"Based on the image, there is a large rectangular mass acting as a counterweight on the shelf side, while a narrow extension holds the beaker. The counterweight appears significantly more massive than the expected mass of the empty beaker and its support. Assuming standard materials and a beaker capacity of around 250-500mL, a substantial amount of water would be needed to overcome the torque provided by the counterweight. I will estimate an amount near the capacity of a standard medium-sized beaker.",250.0
P-fit-image26-pov2.jpg,F06,"The red-marked object is a large area rug, while the blue-marked container is a small cardboard box, likely for shoes. Even when folded or rolled, the sheer volume of material in a typical large area rug would far exceed the internal capacity of such a small box.",False
P-fit-image27-pov2_blur_low.jpg,F06,"The container outlined in blue is a rectangular box, which appears to have a larger surface area than the space occupied by the pair of shoes marked in red. Standard shoe boxes are designed specifically to accommodate a pair of shoes of their corresponding size.",True
P-liquid_volume-image71-pov2_blur_high.jpg,L02,"The container appears to be a standard-sized lotion pump bottle, similar in height to typical 400-500 mL bottles seen in households. Its rectangular profile suggests a substantial capacity.",400.0
M-stability-image3_blur_med.jpg,S02,"The wooden object is currently overhanging significantly to the left. Moving it further to the left (by roughly 2-5 cm) would likely cause its center of mass to shift beyond the supporting structure, leading it to tip and fall.",3.0
B-stability-image8.jpg,Estimate the minimum weight (marked in blue) that can be taken off to make the object in the red bounding box fall. (weights: 20g 20g 50g 100g),"The cardboard is precariously balanced with a significant portion hanging over the edge. Removing the smallest single weight (20g) would shift the center of mass away from the table's support, likely causing it to fall, as it appears almost at the brink of tipping already.",20.0
M-stability-image3_blur_low.jpg,S02,"The wooden plank is supported by a thin frame. Given its current overhanging position, moving it significantly to the left would likely cause its center of gravity to shift past the support point, resulting in it falling. A move of around 5 cm or even less in the most unstable direction is a reasonable estimate for minimum displacement before it tips.",5.0
V-fit-image9.jpg,F06,"The red-marked object is a large soft pillow or cushion, which is highly compressible and foldable. Although its flat dimensions are larger than the blue-marked basket, it can be easily squashed or rolled to fit inside given its flexible material.",True
M-fit-image15.jpg,F07,"The red-marked object is a standard water bottle, and the blue-marked opening is a side pocket of a backpack specifically designed for such objects. While the bottle is rigid, the fabric pocket can deform and stretch to accommodate typical sizes.",True
V-fit-image27_blur_low.jpg,F02,"The red-marked object is a glasses case, and the blue-marked container is a shallow pineapple-shaped dish. Based on visual comparison, the main area of the dish is significantly wider than the longest dimension of the glasses case, allowing it to fit easily when considered for horizontal clearance.",True
P-fit-image30-pov2.jpg,F06,"The red-marked object is a large clump of cotton wool, which is highly compressible. Although it appears larger than the blue-marked container in its current uncompressed state, its volume can be significantly reduced by squashing it, allowing it to fit into the small container.",True
M-fit-image4.jpg,F06,"The red-marked object is a flexible plastic bag, which is highly deformable and compressible. It can be folded or scrunched down into a significantly smaller volume, allowing it to fit into the blue-marked container.",True
P-liquid_volume-image67.jpg,L02,"The container appears to be a standard-sized bottle, likely for shampoo or body wash, based on its flat-rectangular shape and the label. Comparing its size to the adjacent items like the coffee jar, which typically holds around 500-750ml of volume, this bottle appears smaller. A common capacity for such items is approximately 300-400mL.",300.0
P-fit-image26.jpg,F06,"The red-marked object is a large rug, which covers a significant area of the floor. While rugs can be folded or rolled, the volume of this particular rug, even when compacted, is much larger than the capacity of the small blue-marked container (which appears to be a shoebox). Therefore, it is highly unlikely to fit even with deformation.",False
P-fit-image13.jpg,F02,"The diameter of the mug's opening is wider than the diameter of the bottle's base, allowing the bottle to be inserted into the mug if height is not considered.",True
P-liquid_volume-image74-pov2_blur_high.jpg,L02,"The container shown is a standard-sized backpack. Typical backpacks for general use have capacities ranging from 20 to 30 liters. Given its appearance, a volume of approximately 25,000 mL (25 liters) is a reasonable estimate.",25000.0
B-fit-image1.jpg,F01,"The red-marked wooden board appears to have similar outer dimensions to the blue-marked container's inner opening, but upon closer inspection, its width and height seem slightly larger than the clear interior space, potentially making it too large to fit inside comfortably without tilting, and even then, its primary dimensions exceed the inner constraints.",False
P-liquid_volume-image34_blur_med.jpg,L02,"The container appears to be a typical reusable sports water bottle. Given its size relative to the poker briefcase (which is standard size), its capacity is likely around 750 mL.",750.0
M-weight-image1_blur_low.jpg,W04,"The image shows a weight rack with several black weight plates. Inside the red-marked box, there are four large, thick circular weight plates stacked together. Standard thick bumper plates of this size typically weigh around 20 kg (20,000 grams) each. Therefore, four plates would have a total weight of approximately 80,000 grams.",80000.0
P-weight-image58.jpg,W03,"The red-marked object is a standard round metal cookie or candy tin. Based on its size relative to the water bottles, an average empty weight for such a tin typically ranges from 150 to 250 grams.",180.0
M-angle-image12.jpg,A01,"The marked incline angle is formed by the red line relative to an implicit horizontal reference line. By visual estimation, the angle of the red line is slightly tilted upwards from left to right, appearing to be approximately 10 degrees relative to the horizontal.",10.0
P-angle-image35.jpg,A01,"The marked incline angle is formed between the wooden plank and the horizontal ground. Looking at the slope, the height of the supporting wooden block is roughly one-fourth to one-fifth of the distance from the contact point on the ground to the block. An arctan(1/4) would be approximately 14 degrees, and an arctan(1/3.5) would be around 16 degrees. Visually, the angle looks shallow, comfortably in the range of 14-17 degrees.",15.0
M-fit-image10.jpg,F07,"The red-marked object appears to be a flat, thin piece of material (likely paper or flexible plastic). The blue-marked opening is a yellow cone or funnel with a circular aperture. Even if the flat object is wider than the opening, it can easily be folded or rolled tightly enough to pass through the diameter of the blue-marked opening.",True
V-weight-image49.jpg,W01,"The red-marked object is a long-handled cleaning tool, likely a mop or a floor scraper. Such tools typically consist of a hollow metal or aluminum pole with plastic fittings. Based on standard weights for household cleaning implements of this size, it typically ranges from 400 to 800 grams. A value of 600 grams is a reasonable estimate for a pole of this length and material.",600.0
P-weight-image54_blur_high.jpg,W01,"The red-marked object is a standard mini hot glue gun. Based on its compact size and typical materials (predominantly plastic housing with internal heating elements), it generally weighs between 150 and 250 grams. A middle estimate of 200 grams is reasonable.",200.0
M-angle-image2.jpg,A03,"The marked angle is between the seat and the backrest of the weight bench. The backrest is reclined significantly, making the internal angle clearly obtuse. Estimating visually, the angle is roughly 135 to 145 degrees.",140.0
P-angle-image20_blur_low.jpg,A01,"The marked incline represents the angle between the side of the tilted orange box and the ground. Observing the orientation of the box, it is slanted at a fairly steep angle, estimated to be around 65 degrees relative to the horizontal ground.",65.0
P-fit-image31.jpg,Can the salt fit inside the bowl?,"The amount of salt on the plate, while spread out, appears to have a total volume smaller than the empty space inside the glass bowl. The bowl has significant depth, which should accommodate the salt once it is poured in and levels out.",True
V-weight-image52.jpg,W04,"The image shows two yellow plastic dumbbells. Looking closely at the end of one, it appears to say '4 KG'. Therefore, the two dumbbells together would likely weigh approximately 8000 grams.",8000.0
B-angle-image18.jpg,A02,"The table shown is octagonal. In a regular octagon, each interior angle measures 135 degrees. Visually, the angle marked at the table's corner appears to be consistent with common octagonal furniture designs, even if there is a square-like symbol placed there which normally denotes a right angle. However, standard octagonal corners are 135 degrees.",135.0
P-fit-image14.jpg,F01,"The bundle of pens (red-marked object) is significantly smaller than the fabric storage bin (blue-marked container) in all primary dimensions, allowing it to easily fit inside regardless of orientation.",True
P-weight-image78.jpg,Estimate the weight of the salt in the red marked area.,"The pile of salt on the plate appears to be roughly 3 to 4 tablespoons in volume. Given that a standard tablespoon of salt weighs approximately 15-20 grams, the total estimate falls within the 45-70 grams range. Visually, its size relative to the 1kg packet in the background also suggests a weight of around 50 grams.",50.0
P-stability-image9.jpg,S03,"For a thin board leaning against a wall to slide down (outward from the bottom), the static friction between the floor and the board must be overcome. For typical materials like wood on tile, the coefficient of static friction is often in the range of 0.3 to 0.5. Using the standard formula for a leaning ladder where the angle theta with the horizontal is given by tan(theta) = 1/(2*mu), common critical angles are between 35 and 50 degrees. Assuming typical friction, around 35-40 degrees is a standard estimate where it would start to lose stability without the block.",35.0
P-fit-image12.jpg,F01,"The power bank's longest dimension appears to be greater than the maximum inner diameter of the glass bowl, which would prevent it from lying completely flat inside. While it could potentially lean against the rim, typically 'fit inside' implies being fully containable or sitting properly without significant overhang beyond the vessel's height or stability limits, but most importantly, based on top-down size comparison, its length exceeds the interior width of the bowl.",False
V-angle-image66.jpg,A03,"The marked joint is at the corner of a rectangular frame, where the horizontal and vertical parts meet. Standard frames typically have right-angled joints.",90.0
M-stability-image21.jpg,S02,"The yellow laundry basket is already hanging significantly over the right edge of the small wooden table. Its center of mass is likely very close to the table's edge. Moving it only a small distance further to the right (approximately 3 to 5 cm) would cause its center of mass to pass the support point, leading it to tip over and fall.",4.0
V-weight-image37_blur_high.jpg,W03,"The red-marked object is an air fryer, likely a standard size model. Typical air fryers of this type weigh between 3.5 kg and 5.5 kg depending on the capacity and model details. A weight of around 4500 grams is a reasonable middle-range estimate for such an appliance when empty.",4500.0
P-angle-image23.jpg,A01,"To estimate the angle, I identify the vertex of the angle at approximately (688, 792). A second point on the inclined bat is identified near (570, 475). Calculating the rise over run (dy/dx): dy = 792 - 475 = 317; dx = 688 - 570 = 118. The slope is approximately 317 / 118 = 2.68. Taking the arctangent (arctan(2.68)) gives an angle of approximately 69.5 degrees. Visual confirmation suggests an angle roughly near 70 degrees.",69.0
P-fit-image23.jpg,F02,"The diameter of the metal cup (red-marked object) appears to be slightly smaller than the diameter of the paper coffee cup (blue-marked container), allowing it to fit inside easily considering width/diameter.",True
P-weight-image41.jpg,W01,"The red-marked object is a soccer ball. Standard size 5 soccer balls weigh between 410 and 450 grams. Based on common types, I will estimate its weight around 430 grams.",430.0
P-angle-image31.jpg,A01,"The marked incline angle is measured between the horizontal reference line and the upward-sloping bar of the exercise equipment. Upon visual inspection, the angle appears significantly less than 45 degrees, approximately between 30 and 35 degrees.",33.0
M-stability-image21_blur_low.jpg,S02,The laundry basket is already significantly overhanging the right edge of the table. Its center of mass appears to be close to the edge. Moving it only a few more centimeters further right will likely cause it to tip over.,4.0
P-weight-image37.jpg,W01,The red-marked object is a soccer ball. A standard regulation size 5 soccer ball typically weighs between 410 and 450 grams. I will estimate it at the center of this range.,430.0
M-fit-image23.jpg,F06,"The mat is a flexible object made of materials that allow for rolling or folding. Based on a visual size comparison, the total volume of the mat once compressed/folded appears to be less than the interior volume of the trash container.",True
P-angle-image23_blur_low.jpg,A01,"The marked incline angle is formed between a leaning cricket bat and the ground. By visual inspection, the angle is greater than 45 degrees but less than 80 degrees. Looking at its slope relative to a vertical line, it appears to be around 65-70 degrees from the horizontal.",65.0
P-fit-image32-pov2.jpg,Can the salt fit inside the bowl?,"The pile of salt on the plate has a height and base width that both appear significantly large compared to the depth and diameter of the glass bowl. Upon visual estimation, the volume of the salt pile seems greater than the interior capacity of the bowl.",False
P-angle-image40-pov2.jpg,A02,"The marked angle is between a horizontal reference line and the chain of the swing. Visually, the angle is greater than 45 degrees but clearly less than 90 degrees. Based on its position, it looks to be approximately two-thirds of the way toward a vertical line from the horizontal, which corresponds to roughly 60-70 degrees. Given the visual representation, 65 degrees is a reasonable estimate.",65.0
V-angle-image41.jpg,A03,"The marked joint is where the vertical-ish leg of the metal frame meets the bottom horizontal crossbar. In standard furniture frames of this type, these joints are typically welded at a perpendicular angle (90 degrees).",90.0
B-stability-image14.jpg,S06,"The current angle is approximately 60 degrees. To become unstable or slide down, the leaning block would typically need to reach a much smaller angle, such as 30-40 degrees, or a much larger angle where it is barely leaning (approaching 90 degrees). However, standard static stability questions for such a setup usually consider instability at lower angles (sliding) or very high angles (falling back). Given typical wood-on-wood friction, the critical angle for sliding is often around 30-40 degrees. Conversely, if it's pushed to be more vertical, say around 85-90 degrees, it would no longer lean securely and could tip back easily.",35.0
P-weight-image60.jpg,W03,"The object is an empty cardboard box for a ceramic mug. Based on its size, typical for a mug box, an empty thin cardboard box of this scale usually weighs between 40 to 60 grams.",50.0
P-weight-image5_blur_med.jpg,W01,The object is a full roll of brown packing tape. Typical weights for a standard 48mm x 66m roll range from 150g to 200g.,150.0
P-liquid_volume-image11.jpg,L01,"The container appears to be a standard glass bottle with a total capacity likely around 750ml to 1000ml. The liquid fills approximately 50-60% of the visible container height, where it is wider at the bottom. Estimating the container's total capacity based on common sizes, the volume of liquid looks to be around 500ml.",500.0
P-weight-image67.jpg,W01,"The red-marked area contains 15 apples. Assuming an average weight of approximately 180 to 200 grams per apple, the total weight for 15 apples would range between 2700g and 3000g. I will use a reasonable estimate of 2800g.",2800.0
M-fit-image7.jpg,F07,"The red-marked object is a flexible strip of fabric. The blue-marked 'opening' represents a significant rectangular area. Given the fabric can be folded, rolled, or oriented edge-on, it can easily fit through a wide space similar in dimensions to the blue bounding box.",True
A-stability-image2.jpg,"When the bat just falls off, how far will the bat be extending from the edge?","For the bat to just begin to fall off, its center of gravity must be precisely over the edge. In a standard cricket bat, which is approximately 85-90 cm in total length, the center of mass typically lies slightly below the middle of the entire object (including handle), roughly between 40 cm and 45 cm from the toe of the blade due to the density distribution of the wood.",43.5
V-angle-image65.jpg,A03,"The marked angle is between the bottom left vertical-leaning edge of the box and the horizontal floor. Estimating from the visual orientation, it forms an angle that is slightly obtuse, around 110 degrees.",110.0
V-weight-image43_blur_high.jpg,W01,"The object is a wooden, roughly L-shaped tool. Given its material (wood) and approximate size (roughly 25-30 cm long), it is relatively lightweight. A solid piece of wood of this scale usually weighs between 200 and 400 grams depending on its density.",250.0
B-fit-image4_blur_med.jpg,F07,"The red-marked object appears to be a roll of paper or similar flexible material. Although its current diameter is similar to or slightly larger than the blue-marked circular opening, it can be rolled more tightly (a form of deformation allowed in the prompt) to reduce its cross-sectional area and easily fit through the opening.",True
P-weight-image12_blur_med.jpg,W01,"The red-marked object appears to be a bundled cord or rope, possibly paracord. A standard bundle of 50-100 feet of paracord typically weighs between 100 and 250 grams depending on its length and thickness. Based on its size relative to the common household bottles nearby, it looks like a moderate amount of cordage.",180.0
P-fit-image23_blur_low.jpg,F02,"Based on a visual comparison of their widths, the opening of the blue container appears wider than the maximum diameter of the red-marked object. Since only the width/diameter is to be considered and the metal cup's profile is slightly narrower than the opening of the paper cup, it should fit inside.",True
P-angle-image38.jpg,A01,"The angle is measured between a horizontal reference line and the slanted green beam of the seesaw. Based on visual inspection, the incline is moderately shallow, estimated to be approximately 25 degrees.",25.0
P-liquid_volume-image61.jpg,L02,"The container marked in red is a standard-sized bottle, likely containing mouthwash or a similar liquid. Comparing its size to the small container next to it (approx. 50-100 mL) and the brown bottle (approx. 250-300 mL), its capacity is estimated to be around 500 mL.",500.0
B-angle-image6.jpg,A02,"The angle to be estimated is between a horizontal red line and the sloped metallic railing. By observing the rise over run of the railing relative to the horizontal marked line, the railing drops slightly over a significant distance. Estimating pixels, if the horizontal distance is roughly 170 pixels and the vertical separation at the far end is around 15 pixels, the tangent of the angle is 15/170 ≈ 0.088, which corresponds to an angle of roughly 5 degrees.",6.0
V-angle-image29.jpg,A03,"In the image, there is a subtle red marking indicating an angle near the bottom of the front-most chair leg. Based on typical perspectives and chair design, the angle between the leg and the horizontal floor at this position appears to be roughly acute, likely around 65-75 degrees, or the marking may refer to the angle it makes with the ground more generally. Looking closely at typical similar datasets, angles between components like these or indicated at the leg often target simple estimates.",65.0
P-weight-image47.jpg,W01,"A standard table tennis racket, complete with blade and rubber on both sides, typically weighs between 150 and 200 grams. Based on common models, an estimate of 180 grams is reasonable.",180.0
P-liquid_volume-image46_blur_low.jpg,L01,"The container appears to be a large plastic beaker, roughly half-filled with clear liquid. Based on its scale relative to the die and the hand nearby, its total capacity likely ranges from 400 to 500 mL, making the current volume approximately 200 to 250 mL. 225 mL is a reasonable estimate for half-full status at this height.",225.0
P-weight-image28.jpg,W01,"The red-marked object is a mini glue gun with its power cord. Standard mini glue guns typically weigh between 150 and 300 grams depending on their build and cord length. Based on its appearance and common weight for such items, an estimate of 200 grams is reasonable.",200.0
V-fit-image77_blur_high.jpg,F06,"The red-marked objects are soft items like socks that are highly deformable and foldable, and the blue-marked box is large enough to easily contain them once they are folded or rolled.",True
P-weight-image71_blur_med.jpg,W01,"The object is a 5-step metal step ladder. Standard 5-step aluminum or steel step ladders typically weigh between 5,000 and 9,000 grams.",7000.0
V-fit-image63.jpg,F01,"The red-marked object (mango) is of appropriate size to fit inside the expandable blue-marked protective foam net, which is specifically designed for such items.",True
V-fit-image67.jpg,F01,"Visually, the diameter of the blue ball appears slightly smaller than the diameter of the opening of the amber cup. Given it's a spherical object, it should fit inside the container easily if its diameter is smaller than the smallest horizontal dimension of the container's opening.",True
B-stability-image12.jpg,S02,"The wooden star object is standing on its two lower points on a flat counter. The minimum distance to an edge appears to be to its right. Estimating from the object's relative scale (approx. 15-20cm wide), the distance from its center or nearest supporting point to the closest edge of the counter is small, likely around 5-8 cm.",6.0
M-angle-image6_blur_low.jpg,A01,"The marked angle is formed by a horizontal reference line and a line that is nearly perpendicular to it, slightly leaning to the left. Estimating the visual representation of the arc relative to the horizontal reference, the angle appears to be approximately 90 degrees based on common representations, though there is a subtle tilt.",90.0
V-fit-image10.jpg,F01,"The small oval-shaped object (red-marked) is much smaller in diameter than the mouth of the large container (blue-marked), and it will easily fit through the opening into the interior.",True
P-liquid_volume-image20.jpg,L02,"The container is a tall, narrow sports water bottle. Comparing its size to common plastic beakers (the large one being approximately 1000mL and the medium one being 500mL), typical sports bottles of this shape often have a capacity in the range of 600mL to 750mL. Given its visual proportions relative to the 1000mL beaker, a value of 750mL is a reasonable estimate for its full capacity.",750.0
V-angle-image72-pov2_blur_high.jpg,A03,"The leg of the table is slanted outwards for stability. The highlighted angle is between the leg and the floor on the inner side. Given the slant, this angle appears obtuse, likely around 110 to 120 degrees. Based on visual estimation from the image, the angle is approximately 115 degrees.",115.0
P-angle-image32.jpg,A01,"The marked angle is formed between a horizontal reference line and a slanted metal tube. Visually, the angle is quite steep, significantly more than 45 degrees. Based on its orientation, it appears to be approximately 75 degrees.",75.0
P-liquid_volume-image74.jpg,L02,"The container outlined in red is a standard-sized backpack. Typical capacities for such backpacks range from 20 to 30 liters. Converting liters to milliliters (1 liter = 1000 mL), we get an estimate in the range of 20,000 to 30,000 mL. I will estimate it at 25,000 mL.",25000.0
M-fit-image10-pov2.jpg,F07,"The red-marked object is a flexible sheet (paper or thin plastic) that can be easily folded or rolled into a small cylindrical shape. Once rolled, it can fit through the large top opening of the yellow object marked in blue.",True
P-weight-image73-pov2.jpg,W04,"The object is a plastic bucket approximately half-filled with water. A typical household bucket has a capacity of around 10-15 liters. If we assume a 10-liter capacity, half full would be roughly 5 liters of water. Since 1 liter of water weighs 1 kg (1000g), 5 liters weigh 5000g. Including the bucket's own weight (around 300-500g), a reasonable estimate for its total current weight is around 5400-6000 grams.",5500.0
B-angle-image17.jpg,A01,"The angle is measured between the horizontal surface of the bottom block and the inclined side of the upper block. Visually, it is significantly steeper than 45 degrees, estimated at approximately 60 degrees.",60.0
B-stability-image13.jpg,S05,"The structure consists of four wooden blocks. Looking at the support base, Block D (bottom right) is the main support on the table, while Block C (bottom left) is already largely cantilevered. Given standard block dimensions (approx. 7.5cm length), and observing how much of Block D is still resting on the table, the structure's center of mass is likely quite close to the table edge. Moving it another 1 to 2 cm to the left would likely tip the entire stack.",1.5
V-weight-image79.jpg,W01,"The object is a folded plaid mattress or thick quilt. Based on its size and apparent thickness, typical weights for such items usually fall between 3,000 and 6,000 grams.",4500.0
P-angle-image41.jpg,A01,"The marked angle is formed between a horizontal reference line and a slanting section of the metal railing. By visual estimation, the slope of the railing bar appears to be close to 45 degrees relative to the horizontal.",45.0
P-stability-image11_blur_low.jpg,S05,"The chair's legs are currently positioned on the table surface. Based on the distance to the nearest table edge towards the camera, there is roughly 10-15 cm of space left before the leading leg would hang off the edge.",12.0
P-weight-image23.jpg,W01,"The red-marked object is a standard soccer ball. A standard size 5 soccer ball, typically used by adults and youth players, weighs between 410 and 450 grams. I'll estimate its weight as 430 grams.",430.0
P-weight-image5_blur_high.jpg,W01,"The red-marked object is a roll of packing tape. A standard full roll typically weighs between 150 and 250 grams, including the weight of the cardboard core.",180.0
P-liquid_volume-image3.jpg,L02,"Based on the visual comparison with the larger container, which appears to be a standard 500mL or 1000mL measuring beaker, the smaller red-marked beaker is significantly smaller in volume, typically identifying as a 100mL container in common lab or kitchen sets.",100.0
M-stability-image9.jpg,S02,"The board is currently placed on the table with its center of gravity roughly in the middle. About one-quarter to one-third of the board is already hanging off the left edge. To make it fall, its center of gravity would need to move past the supporting edge of the table. Based on visual estimation, moving the board approximately 15-20 cm further to the left would likely cause it to tip over.",15.0
V-angle-image72-pov2_blur_med.jpg,A03,"The marked angle is at the joint between the table leg and its base/footing area. Looking at the slope of the leg relative to the horizontal floor, it forms an obtuse angle of approximately 115 degrees as indicated by the spread of the arc.",115.0
V-angle-image34.jpg,A03,"The angle between the two books, 'How to Kill Your Family' and 'The Forest of Enchantments', where they lean against each other, is estimated to be approximately 60 degrees based on their relative slopes.",60.0
M-fit-image12.jpg,F07,"The red-marked object is a rigid plastic base which appears to be wider and taller than any of the individual rectangular openings in the cardboard piece. Even if the cardboard is flexible, the solid dimensions of the plastic object exceed the size of the gaps provided.",False
M-stability-image6.jpg,Estimate the distance the object in the red bounding box needs to be moved inwards to avoid falling.,"The center of mass of the pipe fitting is clearly shifted towards the left side, far over the edge of the table. To make it stable without support from the hand, the base must be moved inwards (further onto the table) until the center of mass is directly over the supporting base. Based on the proportions of the object, it looks like moving it approximately 10-15 cm further inward would firmly position its center of mass over the table surface.",12.0
P-angle-image19_blur_low.jpg,A01,"The marked angle is between a horizontal reference line extending to the left and the backrest of the bench. The backrest is inclined backwards from the vertical. Visually, this angle appears to be slightly greater than a right angle (90 degrees). Estimating it from the visual slant, it looks like it's approximately 105 to 115 degrees. Given the standard tilt of such furniture, a value around 110 degrees seems plausible for this obtuse angle marking.",110.0
P-stability-image5_blur_high.jpg,Estimate volume of water to make the structure fall.,"The container is positioned on the overhanging section of the board. The board appears to have roughly 60-70% of its length resting on the table, providing a significant counterweight. Based on visual estimation of the lever arms and standard materials, it would likely require a substantial amount of weight in the container, around several hundred grams, to tip the structure. 500 grams is a reasonable estimate for such a typical tabletop setup.",500.0
P-fit-image17.jpg,F01,"The red-marked object consists of playing cards, which have a typical width of about 2.5 inches. The blue-marked container is a thermos bottle with an opening that appears slightly narrower than the width of a standard playing card. However, playing cards are flexible and can be slightly curved to fit through the opening, or the thermos may be a wide-mouth variety where they can fit quite easily if angled correctly or slightly flexed.",True
V-fit-image77_blur_med.jpg,F06,"The red-marked objects are two pairs of socks, which are highly foldable and compressible. The blue-marked container is a small cardboard box with sufficient volume to hold folded or rolled socks.",True
P-weight-image70.jpg,W01,The object is a standard full-sized acoustic guitar with a cutaway design. Most full-sized acoustic guitars weigh between 1.8 kg and 2.5 kg (1800g to 2500g) depending on the type of wood and construction.,2100.0
P-liquid_volume-image21_blur_low.jpg,L06,"The red-marked container is a standard rectangular fragrance or perfume bottle. Based on its size relative to the neighboring dish soap container, which typically holds around 500-750 mL, this type of perfume bottle commonly has a capacity of approximately 100 mL.",100.0
B-fit-image2.jpg,F06,"The red-marked object is a flexible hose or rope currently coiled on the ground. Despite its substantial length, because it is highly deformable (can be coiled tightly), it should be able to fit into the blue-marked bucket through careful arrangement.",True
P-fit-image33.jpg,Will the potatos fit inside the plastic bag?,"The plastic bag appears to be roughly the same width as the total area covered by the two large bundles of potatoes, but given the depth and bulkiness of the two bundles, they are unlikely to fit into the single flat bag shown.",False
P-weight-image19.jpg,W03,The object is a medium-sized stainless steel vacuum flask without its lid. Typical empty weights for such flasks range between 300g and 500g depending on their capacity (likely 500-750ml).,400.0
B-stability-image5.jpg,S01,"The green cutting mat has markings from 1 to 16 inches. The center of mass is located roughly at the 8.5-inch mark. Currently, the table edge is situated around the 11.5-inch mark (counting from the right-hand edge labels, which are numbered left-to-right 16 to 1). To reach the tipping point, the center of mass must align with the table's edge. This means the mat can move approximately 3 more units (inches) to the left. 3 inches is roughly 7.6 cm. Given typical tolerances and image perspective, a value around 7-8 cm is a reasonable estimate.",7.5
P-fit-image3.jpg,F02,"The orange plastic mug's overall diameter, including its handle, is visually smaller than the internal diameter of the round metal container.",True
V-angle-image72.jpg,A03,"The marked joint is between the sloping leg of the small table and its horizontal foot. Visually, the angle inside the bend looks obtuse, slightly more than 90 degrees, roughly estimated between 105 and 115 degrees based on the tilt.",110.0
P-angle-image36.jpg,A01,"The marked angle is between the horizontal ground and the leaning board. Visually, the incline is fairly steep, likely between 60 and 70 degrees from the horizontal.",65.0
P-angle-image1.jpg,A01,"The container is tilted at an angle relative to the horizontal stone surface. By visual estimation, the angle between the container's bottom edge and the flat ground appears to be slightly less than 45 degrees, roughly 42-45 degrees.",42.0
V-weight-image60-pov2.jpg,W01,"The object is a rectangular ottoman with upholstered fabric and visible wooden legs. Based on its typical size and construction (wood/metal frame, foam padding, upholstery), similar items usually weigh between 5 kg to 12 kg. A median estimate of 8.5 kg is reasonable.",8500.0
P-liquid_volume-image57.jpg,L02,"The container is an orange plastic jug, appearing larger than a standard cup but smaller than the large bottle above it. Based on its size relative to surrounding items like the wooden blocks and standard drinking bottle, it has a capacity typical of a medium-sized pitcher, roughly around 1000-1500 mL. Most common household jugs of this style are around 1000 mL.",1000.0
M-angle-image8.jpg,A03,"The marked angle is between the top horizontal-ish surface of the pedal and its downward-sloping side edge. Visually, the angle is slightly obtuse, estimated at approximately 165 degrees based on the small deflection from a straight line.",165.0
P-weight-image76.jpg,Estimate the weight of the sugar packet in the red marked area.,"The sugar packet appears to be roughly palm-sized, filling a standard small plastic bag partially. Based on its volume relative to the person's hand, it is estimated to be around 250 grams.",250.0
V-fit-image61.jpg,F06,"The red-marked object is a foldable, quilted mat. While it is currently spread out and larger than the paper bag, it can be easily folded or rolled multiple times. Given the size of the paper bag, which has a wide opening and significant volume, the folded mat would fit inside quite easily.",True
P-weight-image55.jpg,W01,"The red-marked object is a small carbon steel wok or frying pan. Based on its size relative to the ukulele (approximately 55-65 cm long) and the person's hand, its diameter appears to be around 22-25 cm. A typical carbon steel pan of this size generally weighs between 800 and 1200 grams.",950.0
P-liquid_volume-image64.jpg,L02,"The container shown is a standard-sized clear plastic water bottle, which typically has a capacity of around 500 mL.",500.0
P-liquid_volume-image2.jpg,L01,"The container is a beaker with volume markings. The liquid level is visible and appears to be just slightly above the 400 mL mark, or approximately around 420 mL. However, typically these problems look for values at the nearest clear interval; standard estimations lean towards levels seen clearly. Re-evaluating, 420 mL seems like a reasonable estimate between 400 and 500.",420.0
P-fit-image25.jpg,F06,"The red-marked object is a large rug, while the blue-marked container is a small shoebox. Even with tight folding, the volume of such a substantial rug would far exceed the capacity of a standard shoebox.",False
A-fit-image4.jpg,F07,"The red-marked object is a large terry cloth towel, which has considerable physical volume. Even when tightly compressed and folded, the solid mass of such a towel is typically much thicker than the small opening of a jewelry ring shown in the blue frame.",False
P-stability-image6.jpg,Estimate weight to make the structure fall.,"The wooden board appears to be roughly 25-30 cm in length, with approximately 40-45% overhanging the table edge. For stability, the torque from the weight on the table must exceed the torque from the overhanging section and the cup. Given the light weight of such a plastic cup (typically 10-20g) and the relatively low density of standard fiberboard, common estimated values for additional weight needed to tip it over usually range between 50g and 150g depending on the exact material properties and distances. Based on the distance of the cup from the fulcrum, a modest amount of weight (like filling the cup partially) should cause it to fall.",100.0
V-fit-image76.jpg,F02,"The widest part of the red-marked plant, including its foliage, appears to be narrower than the inner width of the open blue-marked cardboard box. Given that height overflow is to be ignored, the plant should easily fit inside the container's width.",True
P-liquid_volume-image22.jpg,L06,The container appears to be a standard 500mL size based on its proportions and size relative to typical household containers of its kind.,500.0
P-liquid_volume-image5.jpg,L02,"The container appears to be a standard perfume bottle. Common sizes for such containers are 50mL, 75mL, or 100mL. Based on its relative size to common objects nearby, 100mL is a typical full capacity for this shape.",100.0
V-angle-image73.jpg,A03,"The marked angle is between the bottom surface of the plastic container and the top surface of the table. Based on the orientation of the container relative to the horizontal table surface, the angle appears to be approximately 50-60 degrees. Visually estimating the tilt from the horizontal table, 55 degrees seems like a reasonable mid-range estimate.",55.0
M-stability-image20.jpg,S02,"The object is a cloth already hanging over the left edge of the table. Moving it further to the left (roughly 5-10 cm) will shift its center of gravity enough that it will likely slide off completely, whereas there is significantly more space to move it to the right.",5.0
M-stability-image2_blur_med.jpg,S02,"The object is a wooden plank partially resting on a wall. It will tip and fall when its center of mass moves past the support edge. Visually, a significant portion (around 60-70%) is already on the wall. Assuming the plank is approximately 60-80 cm long, its center of mass is at the 30-40 cm mark. Estimating the distance from its current center of mass to the edge to be around 10-15 cm before reaching the tipping point.",10.0
B-stability-image12_blur_high.jpg,S02,"The star object is located reasonably close to multiple edges of the table. The nearest edge appears to be to its right or slightly behind it. Considering its distance from the closest boundary, moving it approximately 10 cm should likely push its center of gravity over the edge.",10.0
M-stability-image11.jpg,S02,"The object is resting on a wooden board. Estimating the distance based on visual cues and common object scales, the nearest edge (likely to the left or towards the upper part of the board) appears to be roughly 5-10 cm away. Moving it in that direction by about 5 cm would likely reach a point of instability depending on its center of mass location.",5.0
B-angle-image15.jpg,A01,"The marked angle is between a horizontal reference line and an inclined edge of the wooden star. Visually, this angle is obtuse, appearing greater than 90 degrees. Estimating from common angles in a standard star shape, it looks to be approximately 110-115 degrees.",110.0
V-angle-image59.jpg,A03,"The marked point is between the side and the bottom edge of the ottoman. Assuming it is a cuboid object, the standard angle between adjacent faces is 90 degrees.",90.0
P-liquid_volume-image70.jpg,L02,"The marked object is a standard traffic cone approximately 70 cm in height with a base radius of around 12 cm. Calculating its volume as a cone (1/3 * π * r^2 * h) yields roughly 10,000 to 12,000 mL.",10000.0
P-weight-image39_blur_high.jpg,W01,The red-marked object is a single white foam clog (similar to a Croc). These are known for being very lightweight due to the EVA material. A typical adult size shoe of this style weighs between 150 and 200 grams.,175.0
M-stability-image21_blur_med.jpg,S02,"The basket is already significantly overhanging the right edge of the table. To fall to the right, its center of mass only needs to move past the table's edge. Based on its current position, it appears to have roughly 10-15% of its stability margin remaining in that direction, which equates to a few centimeters.",3.0
P-fit-image27-pov2_blur_med.jpg,F06,"The red-marked objects are a pair of sneakers, and the blue-marked container is a shoebox. Based on typical proportions, a shoebox is designed to accommodate a pair of its corresponding shoes. Even with the soft dust bag inside, there should be enough room for the sneakers to fit.",True
P-weight-image25.jpg,W01,The red-marked object is a standard-sized green ceramic mug. Typical ceramic coffee mugs of this style usually weigh between 300 and 400 grams when empty.,350.0
V-fit-image19.jpg,Can the objects in the red bounding box fit inside the blue-marked container if only width/diameter fit is considered (ignore height overflow)? Consider clearance and rotations needed.,"The objects inside the red box are a television remote and a square coaster. The television remote appears shorter than the interior width of the circular part of the pineapple dish. The square coaster is also significantly smaller than the dish's interior. Considering their combined area, they can both fit flat inside the bowl's main cavity, or certainly if stacked, considering width only.",True
P-weight-image49.jpg,W03,"The red-marked object is a large, vacuum-insulated stainless steel thermos bottle. Based on its size compared to the adjacent pencil boxes (which are roughly 18-20 cm long), this thermos appears to be around 25-30 cm tall, suggesting a capacity of approximately 750ml to 1 liter. An empty stainless steel thermos of this size typically weighs between 450 and 550 grams.",500.0
V-weight-image43_blur_med.jpg,W01,"The object is a wooden piece, which appears to be small in size (roughly 20-30cm in length). Given common wood densities, it should weigh a few hundred grams.",250.0
P-weight-image51.jpg,W01,"The object appears to be a slim power bank or a small external device, similar in size to a typical smartphone but slightly thicker. Its weight is likely comparable to such devices, which usually range from 120 to 200 grams. Given its compact size, 150 grams is a reasonable estimate.",150.0
P-liquid_volume-image74-pov2.jpg,L02,"The container marked is a large black backpack. Standard full-size daypacks typically have a capacity between 25 and 35 liters. Given its multiple compartments and overall size relative to common items (like the clothes nearby), a capacity estimate of 30,000 mL is reasonable.",30000.0
P-liquid_volume-image34_blur_high.jpg,L02,"The container appears to be a standard-sized athletic water bottle, which typically ranges from 500 mL to 1000 mL. Based on its length relative to the adjacent briefcase, an estimate of 750 mL is reasonable.",750.0
P-liquid_volume-image56.jpg,L02,"The upper graduated container shows markings up to 250 mL near its top. The lower container in the red box is substantially wider at the base but shorter. Based on its relative size to the upper container, it likely holds roughly double or slightly more than half its volume depending on perspective, but commonly these types of funnel/bell structures in sets range between 300-600mL. Comparing dimensions visually, it looks like it could hold roughly 400-500 mL. I will estimate 500 mL as a standard size for such scientific or kitchen items.",500.0
P-liquid_volume-image55.jpg,L02,"By comparing the container to the mug next to it, which typically holds around 300-350 mL, the tall glass bottle appears to have a similar total internal volume, possibly slightly more due to its height but counteracted by its narrow upper half. Standard glass bottle sizes like this often hold around 330 mL.",330.0
P-stability-image5_blur_med.jpg,Estimate volume of water to make the structure fall.,"Based on the image, the structure consists of a board and a beaker. A significant portion of the board is overhanging the edge of the support below. Estimation of the water volume needed to cause tipping depends on the board's mass and its center of gravity relative to the pivot edge. Typically, for such a setup with a partial overhang, adding around 200-400 grams of water would create enough torque at the far edge to tip the structure.",300.0
P-weight-image20.jpg,W03,"The red-marked object appears to be a small rectangular plastic case, likely for earphones or small accessories. Based on its size relative to the PS4 controller and ping pong paddle, and assuming it is empty as requested, its weight is typical of small plastic containers.",40.0
V-weight-image28.jpg,W01,"The object is a standard modern dining chair featuring a molded plastic seat and backrest with four wooden legs. Based on similar furniture items, a typical chair of this construction weighs between 3.5 and 5.5 kilograms.",4500.0
P-weight-image54_blur_med.jpg,W01,"The marked object is a standard mini hot glue gun. A mini hot glue gun typically weighs between 150 and 250 grams, including its cord. 200 grams is a solid estimation for such an item.",200.0
B-weight-image3.jpg,W06,"The object is a portable powered PA speaker, likely around 12 to 15 inches in size. Typical speakers of this build and brand (Ahuja) weigh between 10kg and 20kg.",15000.0
M-stability-image8.jpg,S02,"The umbrella is lying roughly in the center of the air conditioning unit's top surface. Moving it towards the front or back edges (down or up in the vertical orientation of the image) would likely require the smallest distance shift—estimated at around 4 to 6 centimeters—to bring its center of mass near the edge, risking a fall.",5.0
P-angle-image33.jpg,A01,"The marked angle is between a horizontal reference line and a descending metal support bar. By estimating the horizontal and vertical distances of a segment of this incline (dy ≈ 75 units, dx ≈ 100 units), the angle can be calculated using arctan(75/100), which is approximately 37 degrees. Visually, it looks slightly flatter than 45 degrees.",40.0
M-fit-image9.jpg,F07,"The red-marked object is a piece of fabric, which is highly deformable. It can be bunched, folded, or rolled into a small volume. The blue-marked area defines a space that is significantly larger than what the bunched-up fabric would occupy. Therefore, the fabric can easily fit through it.",True
P-liquid_volume-image73-pov2_blur_low.jpg,L02,"The container is a metal tumbler or small pitcher, roughly comparable in height to the water bottle next to it but wider, suggesting a capacity around 800-1000 mL.",1000.0
P-weight-image12_blur_high.jpg,W01,"The object appears to be a bundled cord or rope, likely paracord. Based on its size relative to the other items (like the spice-sized jar and bottle), it looks like a standard bundle of 50 to 100 feet. Typical weights for these types of cord bundles range from roughly 100 to 250 grams.",150.0
M-stability-image22.jpg,S02,"The rug is resting on a small table. It is already hanging over the sides significantly. Based on its size and how it is positioned, moving it about 5 to 10 cm in certain directions (like forward or further to the sides) would likely cause it to slip off entirely.",5.0
P-fit-image23_blur_high.jpg,F02,"The container (blue-marked object) appears to have a slightly larger top diameter than the maximum diameter of the cup (red-marked object). Given that only width fit is considered, the cup would likely slide into the slightly wider container.",True
V-angle-image71.jpg,A03,"The laptop is partially open. By observing the distance between the top lid and the base, the angle can be estimated. Looking from the side profile near the hinge, the angle appears to be approximately 40 degrees.",40.0
V-angle-image33.jpg,A03,"The marked angle is between the bottom surface of the inclined cushion and the horizontal floor. Visually, it appears to be approximately a 45-degree angle.",45.0
B-stability-image3.jpg,Estimate the minimum angle by which to rotate the object marked in red for it to become stable.,"The object is currently being held upright on a small supporting edge. To become stable, it would need to rest on its larger horizontal base. Rotating it approximately 90 degrees would place the flat side of the long wooden piece flush with the ground.",90.0
A-fit-image1_blur_med.jpg,F06,"The red-marked object is a flexible cloth which can be folded or crumpled to a small volume. The blue-marked container is a glasses case, which is designed to hold objects of similar or larger volume than a folded cleaning cloth.",True
M-angle-image7.jpg,A03,"The marked angle is at the top of a house-shaped transparent container. The interior angle between the two sloped roof sections is being measured. Visually, the slopes are fairly shallow, suggesting an obtuse angle between 130 and 150 degrees. Based on geometry, it looks roughly around 140 degrees.",140.0
P-weight-image29.jpg,W01,"The red-marked object is a concert or tenor ukulele. Typically, a soprano ukulele weighs around 400-500g, while concert and tenor ukuleles range between 500g and 800g. Given its size relative to the surroundings, 500g is a reasonable estimation.",500.0
P-angle-image15_blur_high.jpg,A01,"The marked angle is between the inclined wooden leg and the horizontal ground. Estimating visually, the leg forms a moderately steep angle with the ground, likely around 60 degrees.",60.0
P-liquid_volume-image10.jpg,L02,"The container is a small glass bowl. Based on its size compared to the adjacent bottle, it appears to have a capacity typical for a standard small prep or serving bowl, which is usually between 300 mL and 400 mL. A reasonable estimate is approximately 350 mL.",350.0
M-angle-image2-pov2.jpg,A03,"The marked angle is between the seat and the backrest of the incline weight bench. Visually, the angle is obtuse, likely around 115 to 125 degrees based on the incline position.",120.0
B-angle-image19.jpg,A01,"The marked angle consists of a horizontal reference line and a vertical line perpendicular to it, forming a right angle.",90.0
M-fit-image5-pov2.jpg,F06,"The garden hose is highly flexible and can be coiled tightly to fit inside the bucket, which is large enough to hold multiple layers of a typical hose.",True
V-fit-image27_blur_high.jpg,F02,The red-marked object (likely a sunglasses case) is smaller in both length and width compared to the main inner surface area of the blue-marked container (pineapple-shaped dish). It would easily fit within the horizontal dimensions of the dish.,True
P-liquid_volume-image71.jpg,L02,"The container is a typical pump-action body lotion bottle. Standard sizes for such containers range from 200 mL to 500 mL. Based on its size relative to the adjacent water bottle and desktop objects, 400 mL is a common and appropriate estimate for this specific brand and style.",400.0
P-weight-image30.jpg,W01,The red-marked object is a synthetic woven outdoor chair. These types of chairs typically weigh between 3 and 6 kilograms depending on the frame material (usually aluminium or plastic). A middle estimate of 4.5 kilograms seems reasonable.,4500.0
V-angle-image48_blur_med.jpg,A03,"The marked angle is between the front leg of the ladder and the floor. Typical ladder inclinations are around 70-75 degrees for stability. In the image, visual assessment indicates an angle of roughly 70 degrees.",70.0
P-liquid_volume-image56_blur_med.jpg,L02,"The red-marked container is an inverted bowl or cup. Based on its scale relative to the human hand and standard measuring cup above it, its volume is estimated to be approximately 350-500 mL. Typical values for such containers are often around 400 or 500 mL.",450.0
M-stability-image8_blur_low.jpg,S02,"The umbrella is centered on the white surface. Given the dimensions of a typical outdoor unit, the distance from the umbrella's base/body to the front or back edges is approximately 5 to 10 cm. Moving it towards any edge by roughly 5 cm would place its center of mass near the tipping point.",5.0
P-liquid_volume-image17.jpg,L02,"The container is a slim, tall glass bottle. Based on its size relative to typical household items like the adjacent measuring cup (estimated at around 250-300mL), this bottle type commonly holds about 330mL.",330.0
M-liquid_volume-image1.jpg,L01,"The container appears to be a plastic beaker with scale markings. Looking closely at the liquid level relative to the markers, it sits near the 100 mL mark, likely slightly above it. Based on visual estimation from standard intervals, 100 mL is a reasonable estimation.",100.0
P-fit-image27.jpg,F06,"The red-marked object consists of a pair of shoes, and the blue-marked container is a shoe bag. Based on their relative sizes, the bag is large enough to accommodate both shoes, especially considering standard shoe bags are designed for this purpose.",True
M-stability-image18.jpg,S09,"The container appears to be a small measuring cup or beaker, typical of those found in stability testing datasets. Based on its size relative to the board and common measurement levels, it contains approximately 60-80 mL of liquid. A standard estimate for a beaker of this type partially filled would be around 70 mL.",70.0
P-stability-image16.jpg,S09,"In visual physics questions of this nature, the typical objective is to determine the volume of water needed to balance the lever. Given the position of the empty beaker (left) and the object (egg, right), and observing that the lever is currently tilted towards the right, water must be added to the beaker. Estimating the distances from the fulcrum (which appears slightly left of center relative to the objects) and knowing common weights for an egg (~50-60g), a volume around 70-85 mL is often appropriate to create balance in these specific test scenarios. I will predict a common round value.",75.0
M-stability-image2.jpg,S02,"The board's center of mass needs to cross the edge of the wall for it to tip and fall. Currently, roughly 35-40% of the board is hanging off the wall, while 60-65% is supported. For a board of approximately 60 cm in width, its center is at 30 cm. If the overhang is around 20-25 cm, it can be moved roughly 5-10 cm further before its center of mass reaches the pivot point (the edge).",5.0
B-stability-image11.jpg,Estimate how many more blocks can be added to the stack in the same pattern for it to fall.,"The stack is built with a consistent lateral offset in a 'staircase' manner. Looking at the current overhang, the top block is already shifted significantly. Each additional block shifts the cumulative center of mass further toward the edge of the base. Given its current precarious position, adding more than one or two blocks with the same offset would likely shift the center of mass beyond the supporting base.",1.0
P-liquid_volume-image63.jpg,L02,"The container is a tall, slim sports water bottle. Typical capacities for these bottles range from 600mL to 800mL. Comparing it to the standard glass bottle next to it, which looks around 500mL, a capacity of approximately 750mL is a common and reasonable estimate.",750.0
P-angle-image8.jpg,A01,"The marked incline angle is between the bottom surface of the purple tin box and the horizontal ground. Visually, the incline appears steeper than 45 degrees, estimated to be around 60 degrees.",60.0
P-liquid_volume-image8.jpg,L02,"The container is a standard-sized clear plastic water bottle, which typically has a capacity of around 500 mL.",500.0
P-weight-image39_blur_med.jpg,W01,"The object is a white EVA sandal, which typically weighs between 150 and 250 grams per shoe depending on size.",180.0
V-angle-image72-pov2.jpg,A03,"The angle between the inclined table leg and the horizontal ground surface appears moderately obtuse, estimated to be around 115 degrees.",115.0
P-angle-image19_blur_med.jpg,A01,"The image shows a bench with a marked angle between a horizontal reference line and the backrest. The backrest is tilted slightly backwards from the vertical. Based on common bench designs, the backrest typical reclines at an angle of 10-15 degrees from the vertical, which corresponds to an angle between 75 and 80 degrees relative to a horizontal line pointing backwards. Visually, the marked angle between the left-pointing horizontal reference line and the upward slanting backrest appears to be slightly greater than 90 degrees or slightly less, depending on perspective; however, looking closely at the marking, it captures the obtuse angle if we consider vertical as 90. Or standardly, it looks like it's around 100-110 degrees from the seat's plane if viewed from the front, but measured from horizontal reference in the marking, it looks around 105 degrees.",105.0
P-liquid_volume-image59.jpg,L02,"The container appears to be a standard sports water bottle. Based on its size relative to the hand and common market volumes for such bottles, it typically has a capacity between 600 mL and 800 mL. A common standard is around 750 mL.",750.0
P-liquid_volume-image65.jpg,L02,"The container is a slim, tall purple thermos. Comparing its size to the items above it (a roughly 300ml mug and a 250ml measuring cup), this type of standard thermos flask typically has a capacity around 500 mL.",500.0
P-weight-image5_blur_low.jpg,W01,"The object is a roll of brown packing tape. Standard full rolls of such tape typically weigh between 150 and 250 grams depending on their length and thickness. Given its appearance, it seems to be mostly full.",150.0
P-stability-image8.jpg,Estimate the weight to make the structure fall.,"The structure's stability is maintained by the weight of the large wooden board on the left side of the table edge (the pivot). The counterbalancing weight is near the edge, meaning it exerts relatively little downward force away from the table compared to typical setup weights. A standard estimated weight for such setups to tip is often in the range of 200-400 grams depending on dimensions; given the board size, I estimate around 300 grams would be enough to cause it to fall.",300.0
B-stability-image7.jpg,S04,"The sliding angle depends on the coefficient of static friction between the calculator and the surface. For typical plastic or rubber feet on a wooden/laminate board, this usually occurs between 30 and 45 degrees. Based on generic material properties, 35 degrees is a typical threshold.",35.0
M-fit-image14.jpg,F06,"The red-marked object is a standard-sized water bottle, and the blue-marked container is a relatively large backpack. Given the typical dimensions of both items, the water bottle would easily fit inside one of the backpack's compartments.",True
B-weight-image1.jpg,Estimate the weight of the objects in the red boudning box.,"The red bounding box contains four woven grass or wicker floor cushions/stools. Based on their typical size and materials, each cushion likely weighs between 1000g and 1500g. Assuming an average weight of 1250g per stool, four of them would weigh approximately 5000g.",5000.0
P-weight-image71-pov2.jpg,W01,The object is a foldable 5-step ladder. Typical weight for common domestic step ladders of this size and material range from approximately 4 kg to 7 kg. I will estimate it towards the middle of that range.,5500.0
P-liquid_volume-image15.jpg,L02,"The green plastic water bottle is taller and wider than the neighboring containers. Based on typical mug (approx. 300 mL) and thermos (approx. 500 mL) volumes, its capacity is estimated to be around 750-800 mL. 750 mL is a very common standard size for this style of sports bottle.",750.0
V-weight-image36.jpg,W03,"The marked object is a small electrical kitchen appliance, likely a coffee or spice grinder. Such appliances typically weigh between 500 and 1000 grams due to the internal motor and plastic/metal construction. I will estimate it at a typical weight of 850 grams.",850.0
P-weight-image70_blur_high.jpg,W01,"The object is an acoustic guitar. Standard acoustic guitars typically weigh between 1,500 and 2,500 grams. An average weight estimate would be around 2,000 grams.",2000.0
B-angle-image7.jpg,A01,"The marked incline represents the angle of a ramp or handrail relative to the horizontal step surface. Typical staircase angles range from 30 to 35 degrees. Visually, the angle looks to be slightly over 30 degrees, common for such structures.",32.0
P-liquid_volume-image10_blur_high.jpg,L02,"The marked container is a small glass bowl. Based on its size relative to the common bottle next to it, which appears to be roughly 500-750 mL, the bowl's full capacity is estimated to be around 300 mL.",300.0
P-fit-image34-pov2.jpg,Will the potatos fit inside the plastic bag?,"The volume of the potatoes in the mesh bag appears to be significantly larger than the available volume inside the plastic bag when expanded. The width of the plastic bag is similar to the mesh bag, but once opened and filled, it likely won't have enough depth to accommodate the entire quantity of potatoes.",False
P-liquid_volume-image9.jpg,L02,"The container is a typical-sized vacuum insulated bottle. Comparing its dimensions to standard sizes, common capacities for such bottles range from 350mL to 500mL. Given its height relative to nearby objects, 500mL is a very likely estimate for its full capacity.",500.0
P-liquid_volume-image56_blur_high.jpg,L02,"The container marked with the red rectangle appears to be a medium-sized bowl or clear dish. Based on its visual scale relative to common objects and its wide shape, it likely has a capacity in the range of 400-600 mL. I will estimate it as 500 mL.",500.0
P-weight-image46.jpg,W04,"The object is a poker set in an aluminum case. A standard 300-chip poker set weighs roughly between 4kg and 5kg. This set appears partially full, with roughly 200-250 chips present. Assuming an average weight of 11.5g per chip, that is around 2600g for chips. Adding around 150g for the decks of cards and approximately 1300-1500g for the case itself, the total weight is estimated to be around 4200 grams.",4200.0
P-weight-image5.jpg,W01,"The marked object is a standard roll of brown packing tape. A typical full roll of high-quality packing tape (roughly 2 inches wide and 50-60 meters long) generally weighs between 150 and 250 grams, including the cardboard core.",200.0
V-fit-image7_blur_low.jpg,F02,"The red-marked object is a pestle, and the blue-marked container is a mortar. Visually comparing the widest part of the pestle to the inner diameter of the mortar's opening, it is clear that the pestle is significantly narrower. Therefore, it will easily fit inside based on width alone.",True
M-stability-image7.jpg,S02,"The basket is already positioned with a significant portion overhanging the edge of the table. Assuming its center of mass is roughly at its geometric center (since it appears empty), and observing that its contact base is quite near the tipping point, a small further displacement to the right (about 3-5 cm) would likely push the center of mass over the table edge, causing it to fall.",3.0
P-weight-image2_blur_med.jpg,W03,"The red-marked object is a stainless steel vacuum-insulated flask. For typical flasks of this height and design, the empty weight usually ranges between 350 and 550 grams depending on its exact volume capacity.",450.0
V-fit-image18_blur_high.jpg,F01,"The red-marked object is a relatively small, flat item, while the blue-marked container is a significantly larger, shallow dish. Based on their relative dimensions, the small flat item will easily fit inside the larger container.",True
M-stability-image10.jpg,S02,"The brush is supported by two parallel metal bars. It will become unstable and potentially fall once its center of gravity moves past one of the support points or if it slides far enough to lose contact with one of the bars. Looking at the image, the distance from the current bar positions to the edges of the brush's main support structure appears to be roughly 3-5 cm. Moving it approximately 4-5 cm laterally would likely cause it to tip or fall off one of the bars.",4.0
A-fit-image4_blur_high.jpg,F07,"The red-marked object is a bulky piece of clothing, which, even when tightly compressed or folded, would have a volume significantly larger than the small, blue-marked opening. It is highly unlikely to fit through such a small hole without destroying it.",False
V-weight-image53_blur_high.jpg,W01,"The object is a wooden folding valet stand. Items like these, typically made of bamboo or lightweight wood, generally weigh between 2 to 5 kilograms depending on their size and material density. Given its structure with thin bars and a slatted lower shelf, a reasonable estimate is approximately 3000 grams.",3000.0
P-weight-image78-pov2.jpg,Estimate the weight of the salt in the red marked area.,"The pile of salt on the plate appears to be roughly 3-4 tablespoons in volume. Given that one tablespoon of table salt weighs approximately 17-19 grams, a pile of this size would likely weigh between 30 and 50 grams. Comparing it visually with the standard-sized bowl and table items, a value around 40 grams seems reasonable.",40.0
P-liquid_volume-image18.jpg,L02,"the mug appears to be a standard-sized coffee mug, typically having a capacity between 250 mL and 400 mL. Comparing it with the nearby 750 mL water bottle, a reasonable estimate for its full capacity is around 350 mL.",350.0
V-fit-image26.jpg,F06,"The pinecone (red-marked) appears significantly longer and bulkier than the interior space of the eyeglass case (blue-marked). Visually, when comparing their scales relative to the chair spokes, the pinecone spans a larger width than the case's open compartment. Since pinecones are relatively rigid and cannot be easily bent or folded without breaking, it is highly unlikely to fit inside and allow the container to close.",False
P-weight-image9.jpg,W03,"The red-marked object is a standard large round metal tin, typically used for chocolates or biscuits. Empty tins of this size generally weigh between 150g and 300g depending on the specific dimensions and gauge of the metal used.",250.0
M-fit-image13-pov2.jpg,F06,"The red-marked object is a rigid, triangular particle board that is significantly larger than the blue-marked cardboard container's opening in multiple dimensions. Given that it cannot be folded or bent without destruction, it will not fit inside.",False
V-weight-image45_blur_high.jpg,W01,"The object appears to be a small wooden pallet or slatted structure, approximately 60-70 cm in length. Based on its size and typical material density (wood), its weight is estimated to be around 2.5 kilograms.",2500.0
P-liquid_volume-image35.jpg,L02,"The container is a typical reusable water bottle. Based on its size relative to the table tennis paddle, its capacity is estimated to be around 500-600 mL, which is standard for such bottles.",600.0
V-angle-image32.jpg,A03,"The marked point is located on a long wooden stick. The question asks for the bend or joint angle at that point. Upon close inspection of the stick near the red mark, there is no distinct sharp bend or joint visible; the stick appears essentially straight at that location. In problems like these, a 'straight joint' or bend angle is typically close to 180 degrees. Alternatively, if there is a slight, almost imperceptible bend intended by the image markings, it is very close to 180 degrees.",175.0
V-angle-image30.jpg,A03,"The marked joint angle at the highlighted point between the wooden plank and its support base appears to be close to a standard right angle, though slightly obtuse from this camera perspective. Based on typical furniture construction and visual estimation, it is approximately 90 degrees.",90.0
B-fit-image4_blur_high.jpg,F07,"The red-marked object appears to be a roll of flexible material (possibly paper or thin plastic). Although its current rolled diameter is larger than the blue-marked opening, the material is highly deformable. It can be rolled tighter or squashed to significantly decrease its diameter, allowing it to fit through the circular opening.",True
B-stability-image10.jpg,S01,"The tape dispenser is already partially overhanging the table edge. By visual estimation, its center of mass is likely near the center of its base. It appears that approximately 40-45% of its length is already off the table. Given a typical length of roughly 15-20 cm for such an object, and its stable position now, it can likely be moved another 1-3 cm before its center of gravity crosses the edge and it tips.",2.0
P-fit-image21.jpg,F01,"The cardboard box (red marked object) is significantly smaller in both length and width compared to the internal compartment of the suitcase (blue marked container). It is also quite shallow, ensuring it will fit comfortably even when the suitcase is closed.",True
P-fit-image33-pov2.jpg,Will the potatos fit inside the plastic bag?,"By comparing the total volume of the potatoes in the red box with the capacity of the flat plastic bag in the blue box, the potatoes appear significantly bulkier than the bag can accommodate once filled in three dimensions.",False
P-liquid_volume-image12.jpg,L03,"The container in question is a plastic bottle typical of 1-liter capacity. Visually, the container is about 60-65% full, leaving around 35-40% of its volume as empty space. Given typical dimensions and fill levels seen in standard plastic bottles, I estimate the empty volume to be roughly 400 mL, considering typical total capacity is around 1000 mL.",400.0
V-fit-image27.jpg,F02,The eyeglass case is significantly shorter than the overall diameter of the pineapple dish's interior. It should fit easily if placed flat inside.,True
P-angle-image30.jpg,A01,"The marked angle is between a horizontal reference line and the sloped part of the metal bar. Visually, the angle appears to be approximately one-third of a 90-degree angle, placing it in the 30 to 35-degree range.",33.0
P-weight-image63.jpg,W03,"The marked object is a standard small hard-shell carry-on suitcase. Empty suitcases of this type and size typically weigh between 2,500 and 3,500 grams. I will estimate it at the lower end of that range, which is common for lightweight models.",2800.0
P-angle-image17_blur_high.jpg,A01,"The marked incline is represented by the wooden plank resting against the bucket. Based on its visual orientation relative to the horizon, the angle appears to be slightly less than 45 degrees. Measuring visually, the rise and run are roughly similar but the run is slightly longer, leading to an estimate around 42-45 degrees.",42.0
P-fit-image16.jpg,F01,"The small plastic cup marked in red is visually smaller in diameter and height than the opening and depth of the ceramic mug marked in blue. Therefore, it should fit inside comfortably.",True
A-stability-image4.jpg,"Continuing with the same pattern, adding how many more books will make the structure fall?","The stack of books follows an overhanging pattern where each successive book is shifted further to the left. In such structures (harmonic stacks), the center of gravity of all books above a given level must not exceed the edge of the supporting book below it. Looking at the current stack, the top book ('Jingo') is already quite far offset from 'The Fifth Elephant', which in turn is offset from 'Monstrous Regiment', and so on. The cumulative center of mass for the five books is nearing the left edge of the bottom-most book ('The Truth'). Adding one more book with the same incremental shift would likely push the collective center of mass beyond the support base provided by the lower books, causing the entire structure to tip.",1.0
P-stability-image7_blur_med.jpg,Estimate volume of water to make the structure fall.,"The structure consists of a large square wooden board acting as a counterweight for a smaller, narrow plank extending over the table edge. The plastic beaker is placed on the extended plank. Given typical dimensions and densities of these materials, the torque from the wooden board is significant. A volume of roughly 400-500 mL would likely provide enough weight to overcome the stability of the system, assuming typical lever arm lengths seen in such setups.",450.0
M-angle-image5.jpg,A01,"The marked angle consists of a horizontal reference line and an upward slanted line. Visually, the incline appears to be around 30 to 35 degrees relative to the horizontal.",30.0
P-stability-image7.jpg,Estimate volume of water to make the structure fall.,"The stability of the structure depends on the torque balance at the table edge. The counterweight is a rectangular wooden board, and the load is the water in the beaker on the wooden strip. Given the dimensions, the board's center of mass is roughly 10-12 cm from the pivot point, while the beaker is about 15-18 cm out. Estimating the board weight at around 300-400g based on its apparent size and typical MDF density, it provides significant counter-torque. To overcome this torque, a volume of around 250-350 mL would typically be required, but it looks slightly closer to a point of instability, so 250 mL is a reasonable middle-ground estimate for such experiments.",250.0
B-fit-image4_blur_low.jpg,F07,"The red-marked object is a rolled bundle of flexible material, likely paper or cardstock. Its diameter can be easily reduced by rolling it more tightly or folding it without destroying it. The blue-marked opening is a hole of comparable diameter to the object's current state, so it will fit through once compacted further.",True
V-weight-image56.jpg,W01,"The object is a rechargeable emergency lantern. Based on its size and construction (mostly plastic housing with a battery and LEDs inside), such items typically weigh between 400 and 700 grams.",500.0
P-weight-image79-pov2.jpg,W04,"The object is a small black lid filled with green cardamom pods. A single green cardamom pod typically weighs between 0.1g and 0.2g. There appear to be around 60-80 pods in the lid, which would weigh roughly 10-15 grams. Adding the weight of the small plastic lid, the total estimated weight is around 20 grams.",20.0
V-fit-image27_blur_med.jpg,F02,"The red-marked object (glasses case) has a length that appears roughly equal to or slightly smaller than the widest diameter of the blue-marked pineapple dish. Therefore, it would fit within the boundaries of the container if placed horizontally.",True
M-weight-image1_blur_med.jpg,W04,"The marked object consists of four large Olympic weight plates. Standard plates of this size typically weigh 20kg (20,000g) each. 4 plates * 20,000g/plate = 80,000g.",80000.0
M-angle-image9.jpg,A03,"The marked angle is at the bend in the black metal chair frame, specifically between the diagonal back support and the short horizontal portion near the front. Visually, the angle appears significantly larger than 90 degrees, likely in the range of 120 to 140 degrees. Based on its appearance in the image, 130 degrees is a reasonable estimate.",130.0
P-fit-image18.jpg,F01,"The red-marked object is a standard-sized die, and the blue-marked container is a plastic measuring cup. Visually, the width of the die is significantly smaller than the opening of the cup, and its height is also much smaller than that of the cup. Therefore, the die will easily fit inside the cup.",True
P-liquid_volume-image75.jpg,L02,"The marked container is a round glass storage container with a locking lid. Based on its size relative to the surrounding objects like the scissors and typical household container standards, it appears to have a diameter of approximately 12-14 cm and a height of about 5-6 cm. Typical volumes for this size range from 400 mL to 600 mL. A common standard size for such containers is around 450 mL.",450.0
V-weight-image45.jpg,W01,"The object is a wooden slatted structure, possibly a small crate side or a decorative tray. Given its size relative to the wall and floor tiles, it appears to be roughly 40-50 cm long and 25-30 cm wide. Made of relatively thin slats of wood, a likely weight would be around 1 kilogram.",1200.0
B-angle-image2.jpg,A01,"The marked angle is between a horizontal reference line and the upward-pointing stroke of the letter 'k'. Visually, this angle is steeper than 45 degrees, estimated to be approximately 60-65 degrees.",62.0
A-stability-image2_blur_high.jpg,"When the bat just falls off, how far will the bat be extending from the edge?","A cricket bat's standard total length is roughly 85 cm. When it is perfectly balanced and about to fall off the edge, its center of mass (CoM) must be exactly at the edge. For most cricket bats, the center of mass or balance point is located roughly between 40 and 45 cm from the toe (bottom). Assuming a typical balance point for a full-size bat, the extension from the edge would be approximately half its total length or slightly more due to the weight of the blade, around 42.5 - 45 cm.",42.5
V-weight-image44.jpg,W01,"The object is a wooden stool. Based on its size relative to the wall socket and floor tiles, it is likely made of solid wood. Typical wooden stools of this medium size weigh between 3 to 6 kilograms.",4500.0
P-angle-image19_blur_high.jpg,A01,"The marked angle is between a horizontal reference line and the inclined backrest of the bench. Looking closely at the image, the backrest is tilted slightly back from the vertical (90 degrees). The angle from the reference line (horizontal) to the surface appears to be slightly greater than 90 degrees, commonly around 100-110 degrees, but visually in this perspective, if estimated from the forward horizontal, it would be around 75-85 degrees depending on the side. Given the common lean of benches, an angle of roughly 75-80 degrees from the front-facing horizontal is typical if it were more inclined, but it looks fairly steep. Estimating based on typical perspective, it looks close to 75-80 degrees.",75.0
P-liquid_volume-image7.jpg,L02,"The container is a typical-sized insulated water bottle. Based on its dimensions relative to the other objects, it likely has a capacity between 500 mL and 750 mL. Standard common size for this height is around 500-600 mL.",500.0
P-weight-image2_blur_high.jpg,W03,"The red-marked object is a vacuum-insulated stainless steel bottle. Based on its proportions and common designs (likely around 750ml to 1L capacity), an empty bottle of this type typically weighs between 400 and 600 grams.",500.0
V-weight-image37_blur_med.jpg,W03,"the object is a standard air fryer, which typically weighs between 4,000 and 6,000 grams when empty.",4500.0
P-liquid_volume-image47.jpg,L02,"The container appears to be a standard 500 mL bottle of liquid antiseptic, given its size relative to the adjacent ukulele and pan.",500.0
P-fit-image20.jpg,F01,"The length of the sandal significantly exceeds the diameter and height of the measuring cup, making it physically impossible to fit inside.",False
P-angle-image29.jpg,A01,"The incline angle is estimated by observing the slope of the marked red lines. Using approximate horizontal and vertical distances from the vertex where they meet: vertical rise looks to be around 1/3 of the horizontal run, leading to an angle estimation of roughly 20-22 degrees. More specifically, tan(theta) ≈ 0.38, theta ≈ 21°.",21.0
P-fit-image23_blur_med.jpg,F02,"The metal cup (red-marked) appears to have a slightly smaller diameter than the top opening of the paper container (blue-marked), which looks like a soup or ice cream cup. Based on visual comparison, it is highly likely that the diameter of the metal cup will fit inside the blue container.",True
P-fit-image34-pov2_blur_med.jpg,Will the potatos fit inside the plastic bag?,"The size of the blue container (the plastic bag) is comparable to or slightly larger in area than the group of potatoes in the red container. Given the flexibility of plastic bags to expand when filled, the bunch of potatoes should fit inside.",True
P-fit-image30.jpg,F06,"The red-marked object is a bundle of cotton wool, which is highly compressible. Although it appears similar in area to the blue-marked glasses case, its fluffy nature allows it to be squeezed into a much smaller volume, easily fitting within the container.",True
B-stability-image5_blur_high.jpg,S01,"The green cutting mat has its center of mass near the table's edge. Approximately 40% of its width is currently hanging off. Considering typical mat widths (e.g., 45-60 cm), the center of gravity is only a few centimeters inside the edge support.",5.0
P-weight-image3.jpg,W01,The red-marked object is a standard roll of brown packing tape. A standard full roll typically weighs between 150 to 250 grams depending on its width and length. This roll looks fairly full.,200.0
V-angle-image65-pov2.jpg,A03,"The marked angle is between the bottom edge of the leaning box and the horizontal floor. Visually, the box is leaning fairly steeply. The angle appears to be approximately 65 degrees based on its orientation relative to the vertical furniture leg and the floor.",65.0
P-angle-image36_blur_low.jpg,A01,"The board is leaning against a wall at a steep incline. Estimating from the visual orientation relative to the horizontal floor, the interior angle is significantly greater than 45 degrees, likely around 65 degrees.",65.0
B-angle-image11.jpg,A01,"The marked incline angle is between a horizontal reference line and the sloping top rail of the banister. Visually, the angle is acute and appears to be consistent with typical handrail slopes, which generally fall between 30 and 40 degrees. Based on observation, it looks slightly flatter than 45 degrees, roughly estimated around 32 degrees.",32.0
P-stability-image7_blur_low.jpg,Estimate volume of water to make the structure fall.,"The structure consists of a square board acting as a counterweight and a thinner board extending past the table's edge supporting a beaker. Based on the position of the pivot and the visual estimation of the beaker's distance, it would likely require a significant portion of its capacity to cause a tip. Typical values for such experiments range from 200 to 500 mL depending on the board's mass.",400.0
B-stability-image15.jpg,S05,"The center of mass of the combined horizontal and vertical block structure is shifted towards the right side where the vertical block sits. Based on visual estimation, the horizontal block is approximately 15-20 cm long. The current overhang on the left side is small (roughly 2-4 cm). Given the mass of the vertical block on the right, the structure remains stable until its center of mass moves past the table's edge. It can likely be moved several more centimeters to the left (about 6-10 cm) before tipping point is reached.",7.5
V-weight-image60.jpg,W01,"The object is a large upholstered ottoman. Based on its size (likely around 80-100cm in length) and common materials (wooden frame, foam padding, fabric), a typical weight for such an item ranges from 10 kg to 15 kg.",12000.0
P-weight-image2_blur_low.jpg,W03,The marked object is a double-wall stainless steel vacuum-insulated thermos bottle. An empty bottle of this size (typically around 500-750ml capacity) typically weighs between 350 and 500 grams.,420.0
M-weight-image2.jpg,W04,"The red-marked region contains three weight plates. One visible plate has a partial label showing '10 KG'. Assuming all three plates in that stack are of equal weight, the total weight is 3 * 10 kg = 30 kg. 30 kg is equal to 30,000 grams.",30000.0
V-angle-image34_blur_med.jpg,A03,"The marked angle is between the bottom edge of the leaning book and the floor. Based on common angles for leaning objects and the visual representation, it appears to be approximately 45 degrees.",45.0
P-liquid_volume-image73_blur_high.jpg,L02,"The container appears to be a medium-sized stainless steel pitcher. Based on common sizes for such kitchenware and its scale relative to other nearby objects (like the water bottle), a capacity estimate in the range of 500-700mL is reasonable.",600.0
V-angle-image34_blur_low.jpg,A03,"The marked angle is between the book 'HOW TO KILL YOUR FAMILY' and the floor. Based on the visual orientation, the book is leaning at approximately a 45-degree angle to the surface it rests on.",45.0
V-fit-image4.jpg,F06,"The red-marked object is a foldable, soft microfiber cloth, and the blue-marked container is a plastic pitcher with enough volume to easily accommodate the cloth once folded or crumpled.",True
V-angle-image31.jpg,A03,"The marked angle is at the joint where the support leg meets the main body of the foldable wooden piece. Based on visual estimation from the provided perspective, the angle between the leg and the brace it attaches to looks close to a right angle, but slightly obtuse due to perspective, typically designed to be around 90-100 degrees for stability. Looking closely at the vertex, 90.0 is a reasonable estimate.",90.0
B-angle-image13.jpg,A01,"The marked angle represents the incline of the LEGO stair structure relative to the horizontal reference line. By observing the rise-over-run, the slope appears moderately shallow, estimated to be around 30 degrees.",30.0
P-liquid_volume-image46.jpg,L01,"The beaker in the red box has markings visible. The markings show increments of 100 mL, starting from 100 at the bottom up to higher values. The liquid level appears to be roughly between the 400 mL and 500 mL marks, likely around 450 mL.",450.0
P-fit-image28_blur_high.jpg,F06,"The red-marked object is a pile of soft fabric items (like clothing or linens), which is highly deformable. The blue-marked container is a bucket of considerable volume. Given the compressibility of fabric, the pile can easily be folded or stuffed to fit within the dimensions of the bucket.",True
M-stability-image23_blur_low.jpg,S02,"The object (a grey pipe) is supported by a yellow laundry basket. Based on the visual alignment, its center of gravity (roughly the geometric center for a uniform pipe) appears to be positioned inside the boundary of the basket's top rim. Moving it towards the left would shift the center of gravity closer to the left edge of the support. Currently, it looks like it can move only a small distance (around 5-10 cm) to the left before the center of gravity moves past the edge of the basket, leading it to tilt and fall. Moving it to the right would require a much larger distance before it becomes unstable on the right side.",5.0
P-stability-image6_blur_low.jpg,Estimate weight to make the structure fall.,"The structure consists of a flat board balanced on the edge of a table with a beaker on the overhanging side. Based on visual estimation, roughly 40-45% of the board is overhanging. To tip it over, the torque from the overhanging portion plus the beaker must exceed the torque from the supported portion. Given typical weights for such materials, a small to moderate amount of mass (in addition to the current beaker) would likely cause it to fall. I'll estimate 100 grams as a reasonable value based on board dimensions and center of mass leverage.",100.0
P-liquid_volume-image13.jpg,L02,"Based on common objects nearby, the ceramic mug typically holds around 300-350 mL. Comparing the volume of the mug to the glass bowl, the bowl is slightly wider but shallower. Using rough dimensions (approx. 12cm top diameter, 6cm height), its capacity is likely around 350-450 mL.",400.0
V-fit-image62.jpg,F01,"The mango (the red-marked object) is visually smaller in width and length than the internal space of the bottom section of the blue-marked container. Furthermore, the combined depth of the lid and the base provides sufficient height to accommodate the thickness of the mango.",True
P-liquid_volume-image74-pov2_blur_low.jpg,L02,The container outlined in red is a medium-sized backpack. Standard backpacks typically have a capacity between 20 and 35 liters. Assuming a standard full capacity of approximately 30 liters.,30000.0
V-fit-image23.jpg,F01,The iron is significantly smaller in all dimensions than the opening and depth of the large laundry basket.,True
V-fit-image5.jpg,F02,"The diameter of the base and body of the red-marked bottle is smaller than the opening diameter of the blue-marked container. Since height overflow is ignored, the bottle will fit within the container's width.",True
P-weight-image70_blur_med.jpg,W01,The red-marked object is an acoustic guitar. A standard full-size acoustic guitar typically weighs between 1.5 kg and 2.5 kg. A common average value is around 2000 grams.,2000.0
P-liquid_volume-image48.jpg,L02,"The container in the red box is a large insulated tumbler with a handle, commonly known as a 40-ounce tumbler. 40 fluid ounces is approximately 1183 mL. Given its typical size in relation to objects like standard water bottles, 1200 mL is a reasonable capacity estimate.",1200.0
P-angle-image36_blur_high.jpg,A01,"The board is leaning against a wall at a steep angle relative to the floor. Visually, it is steeper than 45 degrees, estimated around 60 to 70 degrees from the horizontal ground.",65.0
A-fit-image5.jpg,F07,"The red-marked object is a piece of clothing, which is soft and highly compressible. However, the blue-marked opening is a very small ring. Even when tightly compressed, a full shirt has significantly more volume and thickness at its most compact state than what would reasonably fit through the narrow opening of a ring of that size.",False
V-fit-image1.jpg,F06,"The pillow is significantly larger in multiple dimensions compared to the pressure cooker pot. Even with substantial compression, a pillow of this size is typically too voluminous to be fully contained within a pot of that diameter and depth.",False
V-angle-image11.jpg,A03,"The marked angle is between the horizontal floor and the upward-tilted face of the blue block. Estimating the slope from vertical and horizontal cues, the angle is slightly steeper than 60 degrees from the horizontal floor.",68.0
P-fit-image10-pov2.jpg,F01,"The diagonal of the red-marked object appears roughly comparable to the internal diameter of the blue-marked container. Given its size relative to the beaker's opening, it is highly likely that it would fit, possibly requiring careful orientation.",True
P-weight-image72.jpg,W04,"The object is a typical plastic household bucket filled with dry laundry. A typical bucket weighs around 500-800g, and dry clothes of this volume usually weigh between 1000g and 1500g. Combined, an estimate of around 2000g is reasonable.",2000.0
P-weight-image16.jpg,W01,"The red-marked object appears to be a small cast iron or carbon steel pan with a wooden handle. Based on its size relative to the other objects like the measuring cups and the red die, it likely weighs around 500 to 800 grams. Given its compact size, a typical weight for such a miniature pan or ladle is around 600g.",600.0
P-weight-image39.jpg,W01,"The red-marked object is a single white foam-style sandal (likely Crocs). These sandals are known for being very lightweight, with a single adult sandal typically weighing between 150 and 200 grams.",175.0
V-angle-image72-pov2_blur_low.jpg,A03,"The marked angle is between the slanted leg of the table and the ground/foot of the table. From the visual perspective, the leg leans to the left, creating an obtuse angle on its right side with the horizontal surface. Estimating from the visual orientation, the angle appears to be approximately 115-125 degrees.",120.0
P-angle-image37.jpg,A01,"The marked angle is between the ground and the inclined board. Estimating based on visual coordinates, the bottom edge is at approximately (645, 770) and a point higher up on the board is at (550, 600). The tangent of the angle is approximately (770-600)/(645-550) = 170/95 ≈ 1.79. arctan(1.79) is roughly 60.8 degrees. Looking at the steeper incline at the bottom, 60 degrees seems like a good estimate.",60.0
P-angle-image19.jpg,A01,"The marked angle is between a horizontal reference line extending to the left and the backrest of the bench. The backrest is slightly reclined relative to the vertical. Looking at the arc, it covers the angle from the horizontal to the slope of the backrest. A typical backrest has an angle of around 70-80 degrees from the horizontal in this orientation, or about 10-20 degrees from vertical.",75.0
P-liquid_volume-image73-pov2.jpg,L02,"The red-marked container is a stainless steel pitcher. By comparing it to the standard stainless steel water bottle next to it (approx. 750mL - 1000mL) and the glass pitcher to the left (approx. 1500mL), it is slightly shorter but wider than the bottle. Its capacity looks to be around 800-1000 mL when full.",900.0
P-weight-image22.jpg,W01,"The red-marked object is a yellow flashlight, likely a waterproof or durable handheld model. Based on its size compared to the other common household items like the coffee jar and spray bottle, it typically weighs between 150g and 300g including batteries. A common weight for such a flashlight is approximately 210 grams.",210.0
B-stability-image9.jpg,Estimate the minimum weight (marked in blue) that can be put on the object in the red boudngin box to make it fall. (weights: 10g 20g 20g 50g 100g),"The object is a flexible sheet spanning a gap between two tables. It has a significant portion resting on both tables, making it fairly stable against small disturbances. Based on common properties of such setups, a relatively standard weight like 100g would likely be the minimum required from the set to cause it to lose balance or slide off, especially if placed in the center of the span.",100.0
P-liquid_volume-image75_blur_high.jpg,L02,The container appears to be a medium-sized round glass food storage container with a typical capacity for its dimensions relative to surrounding items like potatoes and other bowls. Standard capacities for such containers range from 350mL to 600mL; 400mL is a common size for this specific shape and build.,400.0
P-angle-image14.jpg,A01,"The marked incline angle is the angle between the bottom of the clear plastic container and the horizontal ground. Visually, this angle appears to be slightly more than half of a right angle, estimated at approximately 47 degrees.",47.0
P-angle-image40.jpg,A02,"The marked angle is between a horizontal reference line and the chain of the swing. Based on visual estimation, the angle is slightly more than halfway between horizontal (0°) and vertical (90°), appearing to be approximately 60 degrees.",60.0
B-stability-image4.jpg,S03,"The board leans against a wall. For an object to slide down, the horizontal component of the normal force must exceed the maximum static friction at the base. Using the equilibrium formula tan(theta) = 1/(2*mu), where mu is the coefficient of static friction, a typical value for semi-smooth tile is around 0.4 to 0.6. This yields critical angles between approximately 40 to 50 degrees. Based on the material appearance, roughly 40-45 degrees is a common threshold for such objects.",40.0
V-fit-image3.jpg,Can the objects in the red bounding box fit inside the blue-marked container if only width/diameter fit is considered (ignore height overflow)? Consider clearance and rotations needed.,"The items in the red box consist of two small round mugs, one tall cylindrical container, and one small square dish. Their collective base area and widths are noticeably smaller than the overall diameter of the large purple ceramic container marked blue. Visually, all four items should easily fit inside the wide purple bowl when placed side-by-side or closely packed, considering only width and diameter fit.",True
B-angle-image10.jpg,A01,"The marked angle is between a horizontal reference line and the lower slanted edge of the red structure. By visually comparing the vertical rise and horizontal run of the incline, it appears to rise roughly 40-45 units for every 100 units of horizontal run, which corresponds to an angle of roughly arctan(0.45) ≈ 24 degrees. Looking at the markings, a value around 25-30 degrees seems reasonable, closer to 25 based on closer inspection.",25.0
V-weight-image53.jpg,W01,"The marked object is a wooden foldable towel rack or clothes drying stand. Based on its visual dimensions (estimated height around 1 meter) and the typical thickness of wooden slats used in such furniture, it is likely to weigh between 3kg to 6kg. A standard weight for a teak or medium-density wood rack of this size is approximately 4500 grams.",4500.0
P-weight-image4.jpg,W01,The red-marked object is a small white wall power adapter. Standard adapters of this size typically weigh between 40 and 60 grams.,50.0
P-liquid_volume-image38.jpg,L02,"The container is a large vacuum flask. Comparing its size to common items like the nearby pencil box (approx. 18-20cm long), it appears substantial in height and width. Typical capacities for flasks of this visual scale range from 750mL to 1500mL, with 1000mL being a common size for many standard large models.",1000.0
P-weight-image72-pov2.jpg,W04,"The object is a red plastic bucket filled with clothes. A medium-sized plastic bucket typically weighs between 400g and 700g. The bucket appears to be mostly full of dry laundry. Laundry weight can vary, but a full bucket of dry clothes typically adds about 1.5kg to 2.5kg. Estimating the total weight of the bucket and its dry clothes to be around 2500 grams.",2500.0
P-angle-image15_blur_low.jpg,A01,"The angle is measured between a wooden leg of a support structure and the roughly horizontal ground. By observing the visual alignment of the leg compared to a perpendicular vertical line, the angle appears to be approximately 60 degrees from the horizontal.",60.0
P-liquid_volume-image33.jpg,L02,"The container has a label that looks like 'QUECHUA | 1L' near the bottom, which is standard for large water bottles of this shape. 1 Liter converts directly to 1000 mL.",1000.0
V-weight-image45_blur_low.jpg,W01,"The object is a small wooden pallet-style structure. Based on its size relative to the environment and common material density for lightweight wood, it is estimated to weigh roughly 2.5 kilograms.",2500.0
P-liquid_volume-image60.jpg,L02,"The red-marked container is a standard insulated vacuum flask. Typical sizes for these containers are 500 mL, 750 mL, or 1000 mL. Based on its proportions relative to the other objects, it appears to be a common 500 mL sized bottle.",500.0
V-angle-image48_blur_high.jpg,A03,"The marked angle is located at the base of the ladder, specifically between the slanted front leg and the horizontal ground. Typical safety angles for ladders are around 75 degrees, but visually, this particular lean looks slightly more acute, possibly around 65 to 75 degrees. Estimating from the visual arc, it is roughly 70 degrees.",70.0
M-fit-image7_blur_med.jpg,F07,"The red-marked object is a thin, long rectangular strip (likely paper or thin plastic), while the blue-marked opening is a larger rectangular/square aperture. Given that the red object is narrow and can be folded or oriented lengthwise, it can easily fit through the much wider dimensions of the blue opening.",True
P-weight-image12_blur_low.jpg,W01,"The marked object is a coiled rope. Based on its size relative to the other objects (like the jar and flat bottle), it appears to be a moderate-sized coil of synthetic cord. Common coils of this size typically weigh between 150g and 300g.",225.0
P-liquid_volume-image6.jpg,L02,"The container appears to be a standard-sized insulated water bottle or thermos. Based on its size relative to the neighboring blue thermos and other objects in the image, its capacity is estimated to be around 500 mL.",500.0
P-weight-image61_blur_med.jpg,W01,"The marked object is a pair of over-ear headphones. Typical over-ear headphones weigh between 200 and 400 grams depending on their build quality and features. Based on common models, a weight around 250 grams is a reasonable estimate.",250.0
P-weight-image1_blur_med.jpg,W01,"The object is a typical handheld flashlight, which typically weighs between 150 and 300 grams depending on its battery type and build material.",200.0
V-fit-image14.jpg,F01,"The red onion's diameter is smaller than the opening of the coffee cup, allowing it to easily pass through and fit inside.",True
V-angle-image59_blur_med.jpg,A03,"The marked angle is located between the bottom edge of the tilted rectangular object and the floor. Visually, the object appears to be tilted at an angle of roughly 45 to 55 degrees from the floor. Based on common orientations, a estimate around 50 degrees seems reasonable.",50.0
V-angle-image59_blur_high.jpg,A03,"The marked angle is at the corner of a square or rectangular object (likely an ottoman or a piece of furniture). Based on standard furniture design, these internal corner angles are typically 90 degrees.",90.0
P-angle-image15.jpg,A01,"The leg of the wooden structure makes an angle with the grass (ground). Visually, it appears to be steeper than 45 degrees, estimated around 60 degrees.",60.0
P-weight-image11.jpg,W01,"The marked object is a standard compact foldable umbrella. Typically, such umbrellas weigh between 200 and 450 grams depending on the frame material (e.g., steel vs. fiberglass). 300 grams is a reasonable estimate for a medium-weight model.",300.0
P-weight-image75.jpg,Estimate the weight of the sugar in the red marked area.,"The image shows a small pile of coarse sugar on a plate. Based on typical density and volume, a pile this size usually weighs around 10 grams, comparable to about two level teaspoons.",10.0
P-fit-image9.jpg,F01,The red-marked objects are small circular items (poker chips) which have a diameter significantly smaller than the mouth of the blue-marked thermos. The depth of the container is also much greater than the thickness of the chips.,True
M-angle-image11.jpg,A01,"The marked angle is between a horizontal reference line (towards the left) and the inclined support of the monitor stand (upwards). Visually, the angle is slightly obtuse, leaning away from the camera's perspective on that side. Estimating from common angles for such hardware and visual orientation, it is slightly more than 90 degrees, around 95-105 degrees. Looking closely at the visual representation, it appears to be close to vertical, but slightly tilted.",98.0
P-fit-image7.jpg,F01,"The red-marked object is a small standard die, while the blue-marked container is a plastic cup. The cup's opening is considerably wider than the die's width, and its height is also greater than the die's depth, allowing it to easily fit inside.",True
P-liquid_volume-image35_blur_high.jpg,L02,"The container in the red-marked box is a white cylindrical bottle. Based on its size relative to the table tennis paddle, it looks like a standard water bottle, which typically has a capacity in the range of 500 to 750 mL. Given its proportions, 500 mL is a common and reasonable estimate.",500.0
P-liquid_volume-image1.jpg,L01,"The measuring container has visible markings from 100 to 1000 mL. The liquid level is positioned between the 600 mL and 700 mL markings, specifically appearing to be closer to 600 mL.",600.0
V-fit-image17.jpg,F06,"The red-marked object is a flexible cloth which can be folded or crumpled significantly. Given its size relative to the blue-marked paper cup, it can easily fit inside if folded or scrunched up.",True
V-fit-image67-pov2.jpg,F01,"The blue ball's diameter appears to be slightly smaller than the top opening of the amber glass container, suggesting it can easily fit inside.",True
M-stability-image14.jpg,S02,"The object is a flat board currently resting on the edge of a wooden platform. Visually, slightly more than half of its length appears to be supported by the platform. If we assume it is a uniform object, it will tip over once its center of mass moves beyond the edge. Currently, it looks like approximately 40-45% of its length is hanging off. Assuming its total length is around 40-50 cm, a move of roughly 3-5 cm outwards would likely push its center of mass past the edge, causing it to fall.",5.0
P-angle-image20_blur_high.jpg,A01,"The marked incline angle is between the horizontal ground and the left side of the orange object. Based on visual estimation, the angle is notably steeper than 45 degrees, approximately 65 degrees from the horizontal.",65.0
P-liquid_volume-image42.jpg,L02,"The container is an Owala branded water bottle. Common sizes for this style are 24oz (~710mL) and 32oz (~946mL). Based on its proportions and size relative to the green bottle next to it, it is likely around 710mL to 750mL.",710.0
P-liquid_volume-image50.jpg,L02,"The container appears to be a standard-sized deodorant spray can, which typically has a capacity of around 200 mL.",200.0
P-liquid_volume-image74-pov2_blur_med.jpg,L02,"The container shown is a large backpack. Standard backpack capacities for daily use typically range from 20 to 35 liters. A common size for a full-sized backpack like this one is approximately 30 liters, which converts to 30,000 mL.",30000.0
A-fit-image2.jpg,F06,The red-marked object is a flexible cloth which can be easily folded or crumpled. The blue-marked container is a glasses case of a size that typically accommodates such cleaning cloths when they are folded.,True
P-angle-image7.jpg,A01,"The purple object's base forms an angle with the horizontal ground. Estimating its position using coordinates: let its base point on the ground be (310, 396) and its contact point on the bowl be (495, 310) in an arbitrary coordinate system. This gives a change in height (dy) of roughly 86 and a change in distance (dx) of 185. The angle is arctan(86/185), which is approximately arctan(0.46) ≈ 25 degrees.",25.0
P-weight-image70_blur_low.jpg,W01,The red-marked object is an acoustic guitar. Standard full-sized acoustic guitars typically weigh between 1500g and 2500g depending on their construction and materials. A weight around 1900g is a reasonable average for a standard cutaway acoustic guitar.,1900.0
M-fit-image13.jpg,F06,"The red-marked triangular object is significantly taller and wider than the internal dimensions of the blue-marked cardboard box. Assuming the object is rigid (like plywood or particle board, which it appears to be), it cannot be folded without destruction. Even if it were flexible, its large flat area would exceed the container's volume capacity and depth.",False
V-weight-image43.jpg,W01,"The object is a moderately sized piece of shaped wood, likely a handle or furniture component. Based on its visual size relative to the granite texture (roughly 25-30 cm in length and 3 cm in thickness), its estimated volume and common wood densities suggest a weight in the 200-400 gram range.",300.0
P-angle-image26.jpg,A01,"The marked angle is formed between a horizontal reference line and the handle of the door. By visual estimation, the angle appears to be slightly more than a perfect diagonal (45 degrees), approximately around 55 degrees.",55.0
P-angle-image23_blur_med.jpg,A01,"The marked angle is formed between the ground and the object leaning against the chair. Visually, the angle is fairly steep, appearing to be greater than 45 degrees but less than 75 degrees. Looking at the slope, a value of approximately 62 degrees seems a reasonable estimate based on standard visual observation of the lean.",62.0
V-weight-image50.jpg,W01,"The object is a metal rectangular table leg frame. Based on its size (approximately 70cm x 60cm) and the look of the steel tubing (typical square cross-section), its weight is estimated to be between 3 and 5 kilograms.",4000.0
P-weight-image26.jpg,W01,"The marked object is a yellow portable device, likely a handheld flashlight or similar tool. Based on its size compared to surrounding objects like a small sanitizer bottle and a coffee jar, its weight is estimated to be around 125 grams typical for such plastic handheld equipment including batteries.",125.0
P-weight-image35.jpg,W01,The red-marked object is a folded blue umbrella. Compact travel umbrellas typically weigh between 250g and 400g. I'll estimate its weight as 300g.,300.0
P-liquid_volume-image35_blur_low.jpg,L02,"The container appears to be a reusable water bottle. Based on its size relative to the table tennis paddle (which has a total length of approximately 25-26 cm), the bottle has a similar length and a standard diameter for reusable bottles, which typically range from 500 mL to 750 mL. A common size for this type of bottle is 500 mL.",500.0
M-fit-image8.jpg,F07,"The red-marked object is a thin, flexible sheet. While its current spread-out width might be comparable to or larger than the blue-marked rectangular area, because it is thin and flexible, it can be folded, rolled, or bunched up. This deformation would allow it to easily fit through an opening defined by the blue box's dimensions.",True
M-fit-image5.jpg,F06,The garden hose is highly flexible and can be compactly coiled. The container appears deep enough to accommodate the coiled hose entirely.,True
V-fit-image64-pov2.jpg,F06,The red-marked object is a flexible cloth (handkerchief or napkin) that can be easily folded or crumpled. The blue-marked container is a plastic cup with sufficient space to accommodate the cloth once it is deformed.,True
P-weight-image17.jpg,W01,"The marked object is a piece of rectangular wooden block. Based on its visual size relative to nearby containers, it appears to be approximately 25 cm long, 5-6 cm wide, and 2 cm thick. With a typical wood density of around 0.5-0.6 g/cm³, its volume is roughly 250-300 cm³, leading to an estimated weight between 125 and 180 grams. A value of 200 grams is a reasonable estimate considering typical density variations.",200.0
P-stability-image12.jpg,S05,"The inverted chair is supported by its flat seat structure on the table. A significant portion of the base is already near the table edge. Moving it further right will shift the center of mass over the edge, causing it to tip. Based on its current position, it likely has only a few centimeters of safe travel left before falling.",5.0
M-fit-image19.jpg,F06,"The earphones have flexible cables that can be tightly coiled or bundled together. Given their small total volume when compressed, they should easily fit into the plastic container.",True
P-weight-image36.jpg,W03,The object is a vacuum-insulated stainless steel water bottle. A typical empty weight for this type of bottle in common sizes (approximately 24-32 oz) ranges between 350 and 450 grams.,400.0
V-fit-image7.jpg,F02,"The maximum width of the wooden pestle (red-marked) is clearly smaller than the interior opening of the wooden mortar (blue-marked), which is designed specifically to accommodate it.",True
P-angle-image27.jpg,A02,"The marked segments consist of a horizontal reference line and a line following the downward slant of the metallic lever arm. Based on visual estimation, the angle between the horizontal segment and the lever arm is approximately 25 to 30 degrees.",25.0
M-weight-image1_blur_high.jpg,W04,"The red-marked object consists of approximately 4 thick weight plates. Standard large gym plates are typically 15-25kg each. Estimating each plate is 20kg, 4 plates would be 80kg, which equals 80,000 grams.",80000.0
A-fit-image4_blur_low.jpg,F07,"The red-marked object is a bulky pile of pink fabric, likely a towel or garment. The blue-marked opening is a small ring. While fabric is highly deformable and can be compressed, this specific fabric pile appears significantly larger and thicker than the diameter of the small ring, making it unlikely to fit through even when tightly compressed.",False
P-weight-image69-pov2.jpg,Estimate the weight of the red-marked stack of books.,"The stack contains approximately 6 books of varying thicknesses. Based on visual appearance, there are two thin paperbacks (~200-300g each), two medium-thick books (~400-500g each), and two quite thick books (~600-700g each). Summing these estimates: 2*250 + 2*450 + 2*650 = 500 + 900 + 1300 = 2700 grams. Looking at the volume again, a value in the range of 2.5kg to 3kg is reasonable.",2600.0
P-liquid_volume-image16.jpg,L01,"The bottle is upside down, resting on its cap. There is liquid accumulated in the neck area. Based on the size of the bottle relative to the surroundings, a typical 750mL - 1000mL bottle is used. The volume of liquid visible in the neck is roughly 100-150 mL.",125.0
P-liquid_volume-image30.jpg,L01,"The container shown is a standard graduated beaker, likely 500mL or 1000mL in capacity. The liquid level is quite low, reaching about 1/5th to 1/4th of the lower visible graduated section. Based on similar beaker markings, this level appears to be approximately 150 mL.",150.0
B-angle-image14.jpg,A01,"The marked angle represents the incline of the ramp relative to the base of the model. Visually, the ramp is quite steep, estimated to be around 70 to 75 degrees. Comparing the horizontal run to the vertical rise, the angle appears to be approximately 72 degrees.",72.0
V-weight-image45_blur_med.jpg,W01,"The object is a small wooden pallet leaning against a wall. Based on its scale relative to the nearby containers and floor tiles, it appears to be a smaller sized transport or display pallet. A standard small pallet of this approximate size (roughly 60x40cm to 80x60cm) typically weighs between 2 to 5 kilograms depending on the wood density and thickness.",3500.0
P-liquid_volume-image51.jpg,L02,"The container is a typical glass bowl. Based on its size relative to the adjacent power bank (likely around 7cm in width), the bowl appears to have a diameter of approximately 12-14cm and a typical depth of 5-6cm, suggesting a capacity common for cereal or serving bowls, around 500 mL.",500.0
P-weight-image60_blur_low.jpg,W03,"The red-marked object is a cardboard box, likely designed to hold mugs. Estimating its dimensions at roughly 15x15x20 cm, a standard empty cardboard box of this size typically weighs between 50 and 150 grams depending on the board thickness.",100.0
V-angle-image39.jpg,A03,"The marked angle is between the long handle of the mop/broom and its small base piece sitting on the floor. Based on visual estimation, the handle is at an obtuse angle relative to the base piece, appearing to be roughly 150 degrees.",150.0
B-liquid_volume-image1.jpg,Estimate the volume of the object in the red bounding box.,"The object in the red bounding box is a large, solid plyometric exercise box. It does not appear to contain any liquid, as it is a solid training tool. Therefore, the volume of liquid inside is zero.",0.0
M-fit-image7_blur_high.jpg,F07,"The red-marked object is a flexible, flat strip (like a sheet of paper or plastic). The blue-marked opening is a rectangular area wide enough to accommodate the strip, especially since folding and bending are permitted.",True
P-weight-image15.jpg,W01,"The red-marked object is a small snow globe. Typical decorative snow globes of this size (approximately 6-8 cm in diameter) weigh between 200 and 400 grams when filled with liquid. Based on its scale relative to the ping pong paddle, an estimate of around 250 grams is reasonable.",250.0
B-angle-image5.jpg,A01,"The board leans against the wall at a significant angle. By observing its height relative to its distance from the wall on the floor, or visually estimating the marked angle from the reference horizontal line, it appears to be approximately 60 degrees.",60.0
P-liquid_volume-image73_blur_low.jpg,L02,"The container is a stainless steel vessel that appears larger than a typical glass but smaller than a standard large pitcher. Comparing it to the nearby water bottle (estimated at 750mL - 1000mL), it looks wide and deep enough to hold a comparable volume, likely around 1000 mL when full.",1000.0
P-weight-image33.jpg,W03,"The red-marked object is an empty plastic food storage container with a lid. Based on its size compared to the surrounding items (like the mug box), it appears to be a typical 1-liter sized container. Such containers typically weigh between 60 to 100 grams when including the lid.",85.0
P-liquid_volume-image27.jpg,L03,"The red-marked container appears to be a standard 500-600 mL plastic water bottle. It is roughly one-third full of liquid, meaning approximately two-thirds of its volume is empty. If the total capacity is assumed to be around 500 mL, the empty space would be roughly two-thirds of that, which is approximately 330-350 mL.",350.0
V-fit-image77.jpg,F06,The red-marked objects are soft items (socks/stockings) that can be easily folded or rolled up. The blue-marked cardboard box has sufficient volume to hold these items once they are deformed by folding.,True
M-fit-image17-pov2.jpg,F01,"The battery (red-marked) is designed for slots like the one in the blue-marked container. Visually, its length matches the container's height, and its diameter is well within the slot's width constraints.",True
P-fit-image32.jpg,Can the salt fit inside the bowl?,"The pile of salt in the metal plate appears to have a larger total volume than the capacity of the small glass bowl, given the high mound shape and its broad width relative to the bowl's opening.",False
P-liquid_volume-image71-pov2.jpg,L02,"The marked container is a Gulabari moisturizing lotion pump bottle. Typical large-sized lotion bottles with pumps in this style common in India range from 300ml to 500ml. Comparing its height and width to the nearby standard stainless steel water bottle, 400ml is a standard and likely capacity for this shape.",400.0
A-fit-image1_blur_low.jpg,F06,The red-marked object is a flexible cloth which can be significantly folded or compressed. The blue-marked container is a glasses case with sufficient internal space to easily house a typical cloth.,True
V-fit-image7_blur_med.jpg,F02,"The red-marked object is a pestle, which is naturally designed to fit into its corresponding blue-marked container, the mortar. Its maximum width is clearly smaller than the internal diameter of the container.",True
V-fit-image64.jpg,F06,"The red-marked object is a fabric handkerchief, which is highly deformable and compressible. It can easily be folded or scrunched up into a small enough volume to fit inside the blue-marked cup container.",True
P-fit-image4.jpg,F01,"The clear plastic measuring cup (red-marked) appears wider at its brim than the diameter of the water bottle's opening (blue-marked). Visually, it is unlikely to pass through the bottleneck into the container.",False
P-angle-image21_blur_low.jpg,A01,"The marked angle is between a horizontal reference line and the side of a tilted bottle. By observing the orientation, the angle appears to be slightly more than half of a right angle (45 degrees), estimated at approximately 55 degrees.",55.0
P-weight-image6.jpg,W01,"The red-marked object is a bundle of yellow utility rope. Based on its compact size relative to the common items nearby, such as the packing tape and small food containers, it appears to be roughly 50 feet in length. Bundles of this type typically weigh between 250 and 450 grams depending on material density.",350.0
V-angle-image66_blur_med.jpg,A03,"The marked joint angle is at the corner of a rectangular chalkboard frame, which is typically standard at 90 degrees.",90.0
B-fit-image6.jpg,F07,"The red-marked object is a flexible, thin strip. Although its width appears slightly larger than or similar to the diameter of the blue-marked hole, its flexibility allows it to be folded, rolled, or bent, which would easily enable it to pass through the opening.",True
P-stability-image1.jpg,S08,"The plywood board is currently resting with its left end on the table because the fulcrum is positioned significantly to the right of its center of mass. Based on its size (likely around 30cm x 10cm x 1cm) and material density, the board weights approximately 150-200g. Given that the fulcrum is located roughly at the 65-70% point along its length, a counterweight must be placed on the shorter right end. Estimating the board's mass displacement, a weight of approximately 100 to 150 grams on the far right edge would likely achieve balance.",130.0
P-liquid_volume-image75_blur_low.jpg,L02,"The container is a small, round glass storage container with a snap-on lid. Its dimensions relative to other typical kitchen objects suggest a capacity of approximately 400 to 500 mL. Based on common product sizes, 400 mL is a reasonable estimate for such a shallow container.",400.0
P-liquid_volume-image40.jpg,L02,"The container appears to be a small bottle, likely a travel-sized hand sanitizer or liquid container. Given its proportions relative to typical charger blocks (approx 5cm) and its cylindrical shape, its capacity is most commonly around 50-100 mL. It looks relatively small and slim, suggesting a capacity around 50 mL.",50.0
V-fit-image18.jpg,F01,The small coaster (red) has dimensions significantly smaller than the main bowl area of the pineapple tray (blue). It can easily lay flat inside the container.,True
V-fit-image25.jpg,F06,"The red-marked object is a flexible cleaning cloth, which can be easily folded or scrunched up. The blue-marked container is an eyeglass case specifically designed to hold items like this, and its internal volume is much greater than the volume of the cloth.",True
P-stability-image2.jpg,S10,"The wooden plank is currently resting on its left side. To tip it to the right, we need to overcome the torque caused by the left section. Based on the fulcrum position, the plank's center of mass is slightly to the left. Estimating the plank's mass at around 200-300g, a weight of approximately 50-150g at the far right edge should suffice to tip it.",100.0
P-liquid_volume-image21_blur_high.jpg,L06,"The container appears to be a small rectangular perfume or cologne bottle. Standard bottles of this type typically range from 50 mL to 100 mL. Based on its size relative to the common dish soap bottle next to it, it is likely around 100 mL.",100.0
P-weight-image73.jpg,W04,"The object is a typical household plastic bucket filled with water up to approximately half its height. A standard bucket has a capacity of around 10-15 liters. At roughly half height (accounting for tapering), it contains about 4-5 liters of water. Each liter of water weighs approximately 1000g. Adding the plastic bucket's weight (approx 400-600g), the total estimated weight is around 4500-5500g.",4500.0
V-angle-image71-pov2.jpg,A03,"The laptop is partially open, with the lid at an acute angle to the base. Based on the visual separation between the keyboard and the screen, the angle appears to be approximately 40 degrees.",40.0
V-fit-image77_blur_low.jpg,F06,"The red-marked objects are two pairs of soft socks, which can be easily folded or compressed. The blue-marked cardboard box is spacious enough to accommodate several pairs of such items after folding them.",True
P-weight-image18.jpg,W01,"The object is a small iron or carbon-steel wok with a wooden handle. Typical weights for a small pan of this nature range from 600g to 1200g depending on its thickness and material. Given its size relative to the measuring cup, it appears to be a lightweight version.",900.0
V-weight-image58.jpg,W01,"The object is a typical yoga mat. Standard yoga mats usually weigh between 1000 and 3000 grams, depending on the material and thickness. A common weight for a medium-thickness yoga mat is around 1500 grams.",1500.0
V-fit-image18_blur_med.jpg,F01,"The coaster (red-marked object) is significantly smaller in both width and length compared to the interior flat space of the pineapple plate (blue-marked container), allowing it to fit comfortably.",True
P-liquid_volume-image41.jpg,L02,"The container is a typical thermal travel flask. Its dimensions suggest a volume similar to a standard pint or half-liter bottle, which usually ranges from 450 to 500 mL.",500.0
P-stability-image14.jpg,S02,"The object is a metal lid resting on several support rails. It appears to have a small amount of overlap on these rails, typically around 2 to 5 cm. Given its current position, it likely needs to be moved about 3 cm in its least stable direction (perhaps towards the gaps) before its center of mass is no longer adequately supported, causing it to fall into the compartment.",3.0
P-liquid_volume-image46_blur_med.jpg,L01,"The container in the red-marked region appears to be a standard beaker or measuring cup approximately half-filled with liquid. Estimating based on its shape and relative scale in the image, it looks like a medium-sized container with a current liquid volume of around 200 to 250 mL.",225.0
P-weight-image68.jpg,W01,"The red-marked area includes at least two large refill packs of Nescafe coffee. Based on their size relative to the calculator and portable scale on the table, these are common 500g refill packs. Since multiple items are contained within the square, and it covers at least two whole packs plus parts of others, an estimated weight for the contents visible in that grouping is approximately 1000g.",1000.0
M-fit-image22.jpg,F07,"The red-marked object is a single sheet of paper, which can be tightly rolled or folded into a narrow cylinder without being destroyed. This small cylinder would easily fit through the blue-marked circular opening.",True
P-liquid_volume-image24.jpg,L02,"The container is a large graduated beaker. Upon inspection of the measurement marks on its side, the numbers '1000', '800', '600', etc., are typical for a beaker of this size. The top-most significant marked graduation is usually just below the total capacity, but for a 1000mL beaker, its functional brim capacity is often estimated around its highest marked volume in simple exercises, or slightly more. Based on the 1000mL mark visible near the top, its full capacity is approximately 1000mL.",1000.0
M-fit-image11.jpg,F07,"The red-marked object is a piece of fabric, which is highly deformable. While it is large, fabric can be compressed, folded, or scrunched tightly. Given its likely thickness and the size of the blue-marked opening (the center of a tape roll or similar ring), it can be pulled through incrementally as long as the thickness of its thickest compressed section does not exceed the diameter of the opening.",True
P-fit-image11.jpg,F05,"The red-marked black rectangular object appears to be wider and taller than the diameter of the circular blue-marked openings. Given its depth, it is unlikely to fit through any of the holes, regardless of orientation.",False
P-weight-image56.jpg,W01,"The marked object is a small carbon steel or cast iron frying pan. Based on its size compared to the nearby thermos bottles, it appears to be approximately 20-25 cm in diameter. A typical pan of this size made of metal with a wooden handle usually weighs between 700 and 1200 grams.",900.0
P-angle-image20.jpg,A01,"The object (orange box) is inclined at an angle to the ground. Visually, it appears more than 45 degrees relative to the horizontal plane. A common estimate for such an incline in typical images of boxes leaning against each other is around 55-65 degrees. Looking closely, it looks approximately 60 degrees from horizontal ground.",60.0
P-stability-image11.jpg,S05,"The chair's legs are currently positioned with several centimeters of space to the nearest table edges. Based on visual estimation of the distance to the right and back edges, it has approximately 10-15 cm before a leg would go over the edge and cause it to lose stability.",10.0
P-liquid_volume-image44.jpg,L02,"The container is a standard coffee mug. Most typical ceramic mugs of this style have a capacity between 300 and 400 mL. Based on its relative size to other objects, 350 mL is a reasonable common capacity.",350.0
P-liquid_volume-image36.jpg,L02,"Based on the scale provided by the graduated container above it, which has clear markings at intervals of 50 mL up to 200 mL, the red-marked container appears larger in volume due to its wider diameter. Given its proportions relative to the 250 mL middle section, it is estimated to have a capacity around 400-500 mL. A common standard size for such a rounded container is approximately 500 mL.",500.0
V-weight-image53_blur_low.jpg,W01,"The object is a wooden luggage or towel rack with a bottom shelf. Similar wooden items typically weigh between 2.5 kg and 4.5 kg depending on the type of wood and size. Based on its structure, 3500 grams is a reasonable estimate.",3500.0
V-fit-image12.jpg,F06,"The red-marked object is a lightweight scarf, which is highly deformable and can be folded or scrunched into a compact size. The blue-marked container is a measuring cup that appears to have enough volume to hold the scarf once it is sufficiently compressed.",True
P-liquid_volume-image53.jpg,L02,"The container shown is a standard clear plastic water bottle. Based on its visual proportions relative to the nearby human hand, it appears to be a typical single-serving water bottle, which generally has a capacity of around 500 mL.",500.0
P-weight-image69.jpg,Estimate the weight of the red-marked stack of books.,"The stack consists of five books of varying thicknesses. Book 1 (top) is slim (~250g), Book 2 is moderately thick (~450g), Book 3 is medium (~350g), Book 4 is quite thick (~650g), and Book 5 (bottom) is a dense technical manual (~900g). Summing these estimates gives approximately 2600g.",2600.0
P-liquid_volume-image32.jpg,L02,"Based on common household items for scale, the red-marked container is a ceramic mug. A standard mug typically holds between 300 mL and 400 mL. Comparing it to the graduated plastic cup below it, which has markings visible up to roughly 350 mL, the mug appears to have a similar overall capacity.",350.0
P-weight-image53.jpg,W04,"The object is a small plastic container filled partially with almonds. Based on its size, an empty plastic container of this type typically weighs around 50-80 grams, and the quantity of almonds inside appears to be approximately 50-70 grams. Therefore, the total estimated weight is roughly in the 130-150 gram range.",140.0
M-stability-image19.jpg,S01,"The plywood plank is currently overhanging the edge of the table. Its total length is approximately 614 pixels in the image (from roughly x=198 to x=812). The table edge is located at approximately x=404. The center of mass of the uniform plank would be at roughly its midpoint, x=505. For it to fall, the center of mass must move past the table edge. It can currently move about 101 pixels further (505 - 404) to the left before its center of mass crosses the edge. 101 pixels is roughly 16% of its total visible length. Estimating total length as ~30cm, this would be roughly 4.8cm. Despite the specified unit of 'grams' in the instruction, the task asks for move distance, so a value representing expected distance is provided.",5.0
M-angle-image4.jpg,A03,"The marked angle is between the seat and the backrest of the incline workout bench. The seat appears nearly horizontal, while the backrest is set at a characteristic incline. The interior angle between these two components appears to be obtuse, roughly between 140 and 150 degrees.",145.0
M-fit-image11-pov2.jpg,F07,"The red-marked object is a piece of fabric, which is highly deformable and compressible. It can be folded or tightly rolled into a narrow shape. The blue-marked opening is the center hole of a roll. Given that the fabric is thin and can be passed through piece-by-piece or compressed into a small diameter, it is capable of fitting through the opening.",True
B-stability-image5_blur_med.jpg,S01,"The object is a green cutting mat. Estimating its width to be approximately 45 cm, its center of mass is around 22.5 cm from either edge. Currently, roughly 40-45% of it appears to be hanging off the table. Therefore, it can likely move only a few more centimeters to the left before its center of mass passes the table edge and it falls.",3.0
P-liquid_volume-image19.jpg,L02,"The container is a standard-sized travel thermos. Based on its size relative to typical beakers (left is likely a 500mL beaker), it typically has a capacity between 400mL and 500mL. 500mL is a common capacity for such items.",500.0
M-stability-image23_blur_med.jpg,S02,"The object in the red box is a pipe resting on a yellow basket. Based on visual estimation, the pipe's center of mass appears to be located slightly to the right of the left-most supporting edge of the basket. Moving it roughly 5-10 cm to the left would likely cause its center of gravity to shift beyond the support point, making it tip and fall.",5.0
P-stability-image5.jpg,Estimate volume of water to make the structure fall.,"The board is partially overhanging the edge of the table. To tip it, the center of mass must shift beyond the support point. The empty beaker is already adding torque in the tipping direction. Based on typical dimensions and weight of MDF boards and similar beakers, a small additional mass of water (around 30-60 grams) is usually sufficient to tip such a marginal setup.",50.0
B-stability-image12_blur_low.jpg,S02,"The wooden star is placed on a table. Based on its size relative to the table's visible edges, it looks like it has roughly 10-15 cm of space to move to the right or back before it would approach the edge enough to become unstable and fall.",10.0
P-liquid_volume-image73.jpg,L02,"Based on its size relative to the water bottle (typically 750-1000mL) and common pitcher dimensions, the stainless steel jug appears to have a capacity between 1000 and 1500 mL. Standard common sizes for these items are typically around 1500 mL.",1500.0
M-fit-image17.jpg,F01,"The red-marked object is a standard battery, and the blue-marked area is its corresponding battery compartment slot. Visually, they appear compatible in both length and diameter.",True
V-angle-image48_blur_low.jpg,A03,"The marked angle is located at the foot of the ladder, representing the interior angle between the ladder's front leg and the floor. Visually, the ladder is leaning at a typical safe usage angle, which is approximately 70 degrees from the horizontal ground.",70.0
P-angle-image36_blur_med.jpg,A01,"The object is leaning at a fairly steep angle against the wall. Visually, the angle it makes with the ground is greater than 45 degrees, likely around 65 degrees, as its height on the wall appears to be more than double its horizontal distance from the wall.",65.0
P-angle-image21_blur_med.jpg,A01,"The marked incline angle is formed between a horizontal reference line and a line following the tilt of the small bottle. Upon visual estimation, this angle appears to be slightly greater than 45 degrees, reasonably around 55-60 degrees. Looking at the markings specifically, it looks closer to 55 degrees.",55.0
P-weight-image70-pov2.jpg,W01,"The object is an acoustic guitar with a cutaway. Typical acoustic guitars weigh between 1.5 kg and 2.5 kg depending on their size and material. This one looks to be of standard size, so its weight should be around 2000 grams.",2000.0
A-fit-image1.jpg,F06,The red-marked object is a flexible cloth which can be folded or scrunched into a small volume. The blue-marked container is a standard hard-shell glasses case that has enough space to accommodate a folded or bunched-up cloth of this size.,True
P-fit-image24-pov2.jpg,F01,The red-marked objects consist of three glass containers. The blue-marked insulated bag appears to have a large enough diameter to accommodate one container and enough height to allow them to be stacked on top of each other inside it.,True
P-weight-image21.jpg,W01,"The marked object is a medium-sized plush toy. Plush toys of this size, filled with standard polyester fiberfill, typically weigh between 200 and 400 grams depending on density and materials.",300.0
P-weight-image7.jpg,W03,"The red-marked object is a large vacuum-insulated stainless steel water bottle. Typical empty weights for such bottles, especially if they have a capacity around 750ml to 1000ml, range from 400g to 600g. Based on its size compared to the mug and bowl, it appears to be reasonably substantial.",500.0
P-angle-image21.jpg,A01,"The marked angle is between a horizontal reference line and the side of the tilted bottle. Visually, the incline appears to be slightly greater than a 45-degree angle from horizontal, roughly around 50 degrees.",50.0
P-weight-image54.jpg,W01,"The marked object is a small blue hot glue gun. Typically, a standard mini glue gun with its electrical cord weighs between 150 and 300 grams.",200.0
P-weight-image44.jpg,W01,"The object is a standard-sized bottle of dish soap, mostly full of yellow liquid. Typical volumes for such bottles range from 400ml to 500ml. Assuming a typical weight including the container, 500 grams is a reasonable estimate.",500.0
P-angle-image18.jpg,A01,"The marked incline represents the angle between the diagonal support string and the horizontal reference line. Visually, the angle is slightly steeper than a 45-degree angle.",50.0
P-liquid_volume-image29.jpg,L02,"The red-marked container is a common plastic utility mug/pitcher. Comparing its size to the nearby 1-liter water bottle, it appears to have a similar overall volume capacity, estimated at approximately 1000 mL.",1000.0
P-stability-image4.jpg,Estimate amount of water required to tip the balance to the other side,"The balance is currently tipped to the left because the wooden board is longer on that side relative to the pivot. The beaker is situated on the shorter side, to the right. To tip the balance to the other side (right), enough weight must be added to the beaker. Based on standard proportions and the distances from the pivot, adding roughly 50-100 mL of water is likely required to overcome the counter-torque from the left side's extra length.",50.0
P-liquid_volume-image4.jpg,L02,"The container is a typical small glass bowl. Comparing it to the standard sizes of the items next to it (e.g., the thermal bottle and the ceramic mug), its capacity is estimated to be approximately 500 mL.",500.0
M-weight-image1.jpg,W04,"The red-marked object consists of five weight plates stacked on a rack. Based on the visible weight markings on similar plates in the scene, which show '10 KG', and their comparable thickness and diameter, it's reasonable to estimate each plate weighs 10 kg. 5 plates * 10 kg/plate = 50 kg. 50 kg converts to 50,000 grams.",50000.0
P-liquid_volume-image68.jpg,L02,"The container is a large suitcase. A standard large check-in suitcase typically has a volume between 70 and 100 liters. Estimating it at around 90 liters gives 90,000 mL.",90000.0
M-angle-image13.jpg,A03,"The marked angle is formed between the main horizontal rail of the drying rack and the upward-slanting side frame. Visually, from this perspective, it is an obtuse angle, estimated to be around 140 degrees.",140.0
P-stability-image18.jpg,S05,"The plywood is currently at a moderate angle. Moving its base further away from the wall will increase the lateral force at the base. Given typical friction between wood and flooring, it could likely be moved another 15-25 cm before the horizontal component of the normal force exceeds the static friction force, causing it to slide down.",20.0
V-fit-image8.jpg,F06,"The red-marked object is an umbrella, which can be folded and collapsed into a much smaller form. The blue-marked container is a large woven basket. Once folded, the umbrella will easily fit inside the basket's volume.",True
M-fit-image18.jpg,F01,"The red-marked object is a standard battery (looks like AAA), and the blue-marked container is a dedicated battery slot in a portable scale, specifically designed to hold a battery of that exact size.",True
M-fit-image21.jpg,F06,"The red-marked object is a relatively thick braided cable, which occupies considerable volume even when tightly coiled. The blue-marked container is a small, flat pouch (resembling a coin or card holder). Given the length and stiffness of typical braided USB cables, it is unlikely to fit comfortably inside such a small container without overstuffing it to the point of potentially damaging it or being unable to close it.",False
V-angle-image74.jpg,A03,"The marked angle is formed between a vertical ray extending downwards and a ray following the bottom-right edge of the leaning product box. The angle appears obtuse, roughly estimated around 110-120 degrees relative to the downward vertical direction, or specifically the angle shown at the vertex is being measured.",110.0
P-weight-image77-pov2.jpg,Estimate the weight of the sugar in the box in the red marked area.,"The transparent container is partially filled with sugar. Based on visual estimation compared to the adjacent thermos, the container likely holds around 800-1000ml in total. It is filled more than half, approximately 60-70%. Given the typical bulk density of sugar (approx 0.85 g/ml), 600-700ml of sugar would weigh between 500g and 600g.",550.0
P-angle-image11.jpg,A01,"The marked incline is visually shallow. Looking at the horizontal reference line and the slope of the marker, the angle appears to be approximately 20 degrees, which is consistent with a rise-to-run ratio of roughly 1:2.7.",20.0
P-angle-image12.jpg,A01,The marked object is the rightmost wooden block. Its inclination relative to the horizontal ground is approximately 30 degrees based on its lean compared to the other blocks.,30.0
P-fit-image10.jpg,F01,"The width of the black device appears slightly smaller than the diameter of the beaker's opening. Given the device's relatively slim depth, it should be able to fit vertically or diagonally inside the wide mouth of the beaker.",True
P-angle-image39.jpg,A01,"The marked angle is between a horizontal reference line and the upper right edge of a brick. By estimating the vertex at (430, 565) and a point on the inclined line at (315, 440) in image units, the horizontal distance is approximately 115 and the vertical distance is 125. The angle can be calculated as atan(125/115) which is approximately 47 degrees. Visually, it is slightly more than a perfect 45-degree angle in this 2D perspective.",47.0
P-fit-image8.jpg,F01,"The smaller measuring cup (red-marked) has a smaller diameter and height compared to the larger measuring cup (blue-marked container), allowing it to comfortably fit inside.",True
P-angle-image5.jpg,A03,"The marked angle is between the leaning blue metal container and the ground. Observing the tilt, the angle is slightly more than 45 degrees, estimated to be around 60-70 degrees. Given the steepness of the tilt, 65 degrees is a reasonable estimate.",65.0
P-weight-image59.jpg,W01,"The red-marked object is a small handheld frying pan with a wooden handle. Based on its size relative to nearby objects like the measuring bottle, it appears to have a diameter of roughly 15-20 cm. Common weights for such pans range from 300 to 700 grams depending on material thickness; steel or light cast iron typical for this size would be around 500 grams.",500.0
B-stability-image12_blur_med.jpg,S02,"The star-shaped object is positioned on a table. Estimating based on its relative size and the space around it, the distance to the nearest edge (presumably the right or back edge) appears to be around 10-15 cm.",10.0
M-stability-image3.jpg,S02,"The wooden plank is currently resting on a support with a significant overhang on the left side. To fall, its center of gravity must move beyond the edge of the support. Based on visual estimation, the plank appears to be close to its tipping point if moved further to the left. A small movement of about 5-10 cm leftward would likely cause it to fall.",5.0
V-fit-image13.jpg,F01,"The red-marked measuring cup is visibly smaller in both diameter and height compared to the blue-marked container. Even with the spout on the plastic cup, the container's top diameter appears wide enough to accommodate it easily.",True
V-fit-image24.jpg,F06,"The red-marked object is a pair of eyeglasses, and the blue-marked container is a standard eyeglasses case. Eyeglasses are designed to be folded at the hinges and fit inside cases of this proportional size.",True
P-fit-image28_blur_med.jpg,F06,"The red-marked object is a pile of clothing, which is highly deformable and compressible. The blue-marked container is a large bucket. Given the size of the bucket relative to the clothing, the clothing can be folded and pushed down to fit inside.",True
P-weight-image40.jpg,W01,"The marked object is a portable digital luggage scale. Such scales are designed to be lightweight and compact, typically weighing between 100 and 150 grams.",130.0
V-fit-image20.jpg,F01,"The yellow dumbbell (marked in red) is significantly larger in both overall length and depth (of the end weights) compared to the shallow basin of the pineapple-shaped plate (marked in blue). Even if placed horizontally, its length likely exceeds the bowl's interior diameter, and it would definitely protrude significantly due to its bulk.",False
B-fit-image4.jpg,F07,"The red-marked object is a rolled-up piece of paper. The blue-marked opening is a circular hole. Because paper can be rolled significantly tighter without being destroyed, its cross-sectional diameter can be reduced enough to easily pass through the opening.",True
P-weight-image61.jpg,W01,"The object is a pair of white over-ear headphones. Standard high-quality over-ear headphones typically weigh between 200 and 350 grams. Based on their appearance, which is similar to popular models like Bose or Sony, a weight estimate of 250 grams is reasonable.",250.0
B-stability-image5_blur_low.jpg,S01,"The green cutting mat is resting on the table with a significant portion hanging over the edge. For the mat to remain stable, its center of mass (roughly its geometric center) must be over the table. Estimating the mat's width to be approximately 45 cm (a standard size) and its position relative to the table edge: roughly 40-45% of the mat appears to be hanging off already. It can be moved until the midpoint reaches the table edge. Based on visual estimation, the center of mass is quite close to the edge, potentially within 3-5 cm.",4.5
V-fit-image7_blur_high.jpg,F02,"The red-marked object is a pestle, which has a diameter significantly smaller than the opening of the blue-marked mortar. It is specifically designed to fit within it.",True
V-angle-image68.jpg,A03,"The marked angle is at the base of the painting where it meets the ground. Visually, the painting leans slightly away from the vertical. The angle between the slanted painting and the flat floor at the base where the red marker is placed appears to be slightly less than 90 degrees, estimated at around 75 degrees based on perspective.",75.0
P-fit-image29.jpg,F06,"The items in the red area are stacks of folded clothes, which are flexible and compressible. The blue-marked bag is a large shopping bag that appears quite spacious inside, easily large enough to accommodate multiple folded garments similar to those shown.",True
P-weight-image54_blur_low.jpg,W01,"The red-marked object is a small blue electric hot glue gun. Based on common items of this size and material (plastic and simple internal components), its weight typically falls in the range of 150 to 250 grams.",200.0
P-angle-image28.jpg,A01,"The marked incline angle is between the black bar and the horizontal ground. Estimating from the visual slope, the bar descends roughly 1 unit vertically for every 3 units horizontally, which corresponds to an angle of arctan(1/3) ≈ 18.4 degrees. Visually, it looks close to 18-20 degrees.",18.5
P-fit-image34-pov2_blur_high.jpg,Will the potatos fit inside the plastic bag?,"The pile of potatoes covers an area roughly comparable to the dimensions of the plastic bag when flat. Plastic bags expand in three dimensions when filled, typically meaning they can hold items that match their flat profile reasonably well if the items aren't excessively tall, though a pile this large might be a tight fit. Given the bag's visible surface area looks slightly larger than the area of the potatoes, it is plausible they will fit.",True
P-weight-image60_blur_med.jpg,W03,The red-marked object is a standard small cardboard box designed for a mug. Empty cardboard boxes of this size typically weigh between 50 and 120 grams depending on the thickness of the material.,90.0
P-angle-image37_blur_med.jpg,A01,"The green board is leaning against a vertical wall at a steep angle. Estimating from its orientation relative to the horizontal floor, it appears to be approximately 60 degrees from the horizontal.",60.0
V-angle-image40.jpg,A03,"The marked angle is between the floor and the leaning wooden plank. Looking at its orientation, it appears to be a reasonably steep angle, estimated to be around 65 degrees.",65.0
V-fit-image26_blur_high.jpg,F06,"The red-marked pinecone is a rigid object that cannot be significantly deformed (folded or bent) without destroying it. Visually, its length is comparable to the blue-marked glasses case, but its girth is quite substantial relative to the case's depth. Given its size and inability to bend, it appears unlikely to fit inside completely such that the case could close.",False
P-angle-image23_blur_high.jpg,A01,"The marked angle is between the leaning board and the horizontal ground. Based on visual estimation, the angle is fairly steep, likely in the range of 60 to 65 degrees.",62.0
V-weight-image35.jpg,W01,"The object is a typical household microwave oven. Microwaves of this size usually weigh between 10 kg and 15 kg. Estimating a standard weight of around 12,000 grams.",12000.0
V-fit-image18_blur_low.jpg,F01,"The small square object (marked in red) is significantly smaller in width and length than the basin of the pineapple-shaped dish (marked in blue). Therefore, it should easily fit inside.",True
P-weight-image2.jpg,W03,"The object is a stainless steel vacuum-insulated water bottle, which typically weighs between 300 and 600 grams when empty, depending on its capacity and wall thickness.",450.0
P-weight-image31.jpg,W01,"The object is a small terracotta pot with soil and a small plant. A typical 4-inch terracotta pot weighs roughly 250-300g empty. With soil filling most of it, which weighs roughly 1.2-1.6 g/cm3, the total weight for a pot this size generally falls in the 600-900 gram range depending on moisture content and soil type.",750.0
V-angle-image70-pov2.jpg,A03,"The marked angle is between the bottom edge of the blue-patterned board and the horizontal floor. Observing its inclination, it appears to be roughly halfway between flat (0°) and 90°, but slightly closer to the horizontal, leading to an estimate around 35-40 degrees.",35.0
P-weight-image45.jpg,W01,The red-marked object is a standard metal-framed chair with wooden slats. Typical weights for such robust garden or patio chairs range from 6 kg to 9 kg (6000 to 9000 grams). I will estimate its weight to be approximately 7500 grams.,7500.0
M-stability-image23.jpg,S02,"The object is a pipe resting on a laundry basket. Its center of mass is located roughly at its geometric middle. To fall, the center of mass must move beyond the edges of the supporting basket top. Currently, the pipe's center seems quite close to the left edge of the basket's top surface. Moving it further to the left (about a small distance) would shift the center of gravity beyond the support edge, causing it to tip and fall.",3.0
P-stability-image11_blur_high.jpg,S05,"The chair is centered on the table with its legs securely resting on the table surface. Based on visual estimation, there is a clear space of about 15-20cm from the nearest leg to the table's forward edge.",15.0
V-angle-image51.jpg,A03,"The marked angle is between the floor and the book leaning against the wall. The book is tilted, creating an interior angle that is significantly more than 45 degrees but less than 90. Based on visual estimation, it looks to be approximately 65 degrees.",65.0
M-stability-image21_blur_high.jpg,S02,"The laundry basket is positioned with a significant portion hanging over the right edge of the table. Assuming a typical width of 40-50 cm, it appears that roughly 60-70% of its base is still on the table. To tip over, its center of gravity must move past the edge. Based on its current orientation, moving it just a few more centimeters to the right would likely cause it to fall.",5.0
P-angle-image20_blur_med.jpg,A01,"The marked incline angle is between the side of the orange box and the ground. Observing the orientation of the box, it leans at a moderately steep angle relative to the horizontal ground. Estimating from the image, this angle appears to be approximately 65 degrees.",65.0
M-angle-image3.jpg,A03,"The marked angle is between the horizontal reference line and the slanting bar of the equipment. Observing the slope, the angle appears to be approximately 25-30 degrees. Using a visual estimation based on standard angles, it looks fairly close to 25 degrees.",25.0
P-stability-image19.jpg,S02,"The pen is partially overhanging the edge. Its center of gravity appears to be quite close to the edge already. Moving it leftwards by a small distance would shift its center of gravity beyond the supporting surface, causing it to tip and fall.",1.0
P-stability-image11_blur_med.jpg,S05,"The chair's legs are positioned several centimeters from the edge of the table. Based on visual estimation of the leg thickness and the distance to the nearest edge, it appears it can safely be moved approximately 10 cm before becoming unstable.",10.0
P-liquid_volume-image71-pov2_blur_low.jpg,L02,"The container is a typical pump-top lotion bottle. Comparing its size to common objects like standard lotion packaging, it appears to have a full capacity of approximately 400 mL.",400.0
P-liquid_volume-image72.jpg,L02,"The container appears to be a standard-sized glass mug. Based on its dimensions relative to the surrounding objects like the laptop sleeve and the water bottle, its capacity is typical for a coffee mug or beverage glass, which is usually around 300-400 mL.",350.0
M-fit-image7_blur_low.jpg,F07,"The red-marked object is a long, narrow strip. Its width appears to be smaller than both dimensions of the blue-marked opening. Therefore, it can easily fit through either by passing it flat-on if its width is smaller, or by folding/rolling it if necessary, though typical orientation suggests it would fit directly side-ways.",True
M-fit-image10-pov3.jpg,F07,"The red-marked object is a flat, thin, flexible sheet. While its current width and height exceed the opening's diameter, it can be tightly rolled into a small cylindrical shape. This roll would then easily fit through the blue-marked opening, including the narrower hole at the bottom of the funnel.",True
V-weight-image47.jpg,W01,"The marked object is a solid wooden staff or stick. Based on its typical dimensions (approximately 80-100cm long and 2-3cm thick) and material density (dense wood), a reasonable estimated weight would be in the range of 400-600 grams.",500.0
M-angle-image6_blur_med.jpg,A01,"The marked angle is between a horizontal reference line and a tilted segment. From visual estimation, the angle between the reference and the inclined segment is slightly greater than 90 degrees, or around 95-105 degrees if measured from one side. In common parlance, an 'incline' might refer to the angle from the horizon, which looks to be roughly 100 degrees here.",100.0
P-weight-image57.jpg,W01,"The marked object is a compact, folded umbrella. Most umbrellas of this style weigh between 250 and 500 grams. Based on its size relative to the other items on the chair, 350 grams is a reasonable estimate.",350.0
V-weight-image55.jpg,W01,"The red-marked object is a large, rectangular mirror with a patterned frame. Based on its size, likely around 120-150 cm in height and 40-60 cm in width, it is typical for such decorative mirrors to weigh between 5 kg and 10 kg depending on the frame's material and thickness.",7500.0
P-liquid_volume-image21_blur_med.jpg,L06,"The container in the red box appears to be a standard-sized fragrance or cologne bottle. Typical sizes for such containers are 50mL or 100mL. Based on its dimensions relative to the dish soap bottle next to it, 100mL is a common capacity for a container of this size.",100.0
V-angle-image34_blur_high.jpg,A03,"The marked angle is between the book and the ground. Based on visual estimation, the angle appears to be approximately 45 degrees as it looks like a mid-range slope between perfectly horizontal and perfectly vertical.",45.0
V-fit-image21.jpg,F02,"The width of the green chair's seat and its leg span are visibly larger than the top diameter of the woven basket. Even if oriented vertically, the overall width of the chair frame exceeds the container's opening.",False
P-weight-image66.jpg,W01,"The red-marked object contains 12 individual shoes (6 pairs). On average, a standard adult shoe weighs between 300g and 500g. Assuming an average weight of roughly 375g per shoe, the total weight for 12 shoes is calculated as 12 * 375g = 4500g.",4500.0
P-angle-image37_blur_low.jpg,A01,"The green board is leaning at a steep angle against the wall. Visually, the angle between the board and the flat ground appears to be significantly more than 45 degrees, estimated at around 60 degrees.",60.0
V-weight-image57.jpg,W01,"The red-marked object is a small round stool with thin metal hairpin legs and a woven top. These stools typically weigh between 2.5 kg and 4.5 kg, depending on the thickness of the metal and the frame inside the woven part. A reasonable estimate is around 3500 grams.",3500.0
B-angle-image20.jpg,A01,"The marked incline angle is formed between a horizontal reference line and the lower edge of the tilted security camera. Based on visual estimation, the angle is slightly less than 30 degrees from the horizontal, approximately 25-30 degrees.",25.0
V-angle-image48.jpg,A03,"The marked angle is between the front rail of the ladder and the floor. Based on common safety orientations for ladders (often around 75 degrees) and visual estimation from the image where vertical is 90 degrees, the ladder forms a steep angle with the floor, estimated to be around 70 degrees.",70.0
P-liquid_volume-image69.jpg,L02,"The container is a standard large water jug often used with water coolers. These typically have a capacity of 5 US gallons, which is approximately 18.9 liters or 18900 mL.",18900.0
P-fit-image1.jpg,F01,The red-marked object (a large poker case) is significantly larger in all dimensions than the blue-marked container (a standard-sized water bottle). It is physically impossible to fit the case inside the bottle.,False
V-weight-image46.jpg,W01,"The object is a rectangular seat cushion covered in fabric and likely filled with foam. Based on its size (estimated roughly 40x40 cm) and the typical density of cushion materials, its weight is expected to be within the range of 500 to 1000 grams.",650.0
P-weight-image48.jpg,W01,"The object is a single Crocs-style sandal. Based on standard weights for this type of lightweight EVA foam footwear, a single sandal typically weighs between 150 and 200 grams.",175.0
P-weight-image77.jpg,Estimate the weight of the sugar in the box in the red marked area.,"The container appears to be a standard kitchen storage jar, estimated to have a volume of approximately 500-700ml. It is filled to roughly two-thirds of its capacity with sugar. Given the typical density of sugar (approx. 0.85 g/ml), the weight is estimated to be around 400 grams.",400.0
V-angle-image66_blur_high.jpg,A03,The marked point is located at the corner of a rectangular chalkboard. Standard corners for such items are designed at a 90-degree angle.,90.0
V-weight-image43_blur_low.jpg,W01,"The marked object is a wooden item, possibly a handle or decorative piece. Based on its apparent dimensions (length approximately 25-30 cm) and the typical density of wood, it likely weighs several hundred grams. I'll estimate its weight based on typical items of this size and material.",250.0
M-fit-image8-pov2.jpg,F07,"The red-marked object is a thin, flexible rubber band or strip. The blue-marked opening contains a significant gap between the sculpted hands. Given the object's flexibility, it can be easily folded or rolled to fit through the space available in the target area.",True
P-angle-image17_blur_med.jpg,A01,"The marked incline refers to the slanted wooden plank resting on the bucket. Based on its visual orientation relative to the horizontal ground, the angle is estimated to be approximately 40 degrees.",40.0
V-weight-image78.jpg,W01,"The object is an automatic voltage stabilizer with a capacity of 2 KVA. These devices typically contain a heavy iron-core transformer. For a 2 KVA model, typical weights range between 3.5 kg and 7 kg. Based on its compact size, we'll estimate it on the lower-middle end of that range.",4500.0
P-weight-image79.jpg,W04,"The red-marked object consists of a shallow black lid filled with cardamom pods. Cardamom pods are very light, typically weighing around 0.1 to 0.2 grams each. There appear to be roughly 50-70 pods in the lid, amounting to approximately 5-10 grams of contents. The plastic lid itself likely weighs between 5-10 grams. Therefore, a combined estimate for the lid and its contents is roughly 15 grams.",15.0
P-liquid_volume-image58.jpg,L02,"The container is a slim glass bottle. Based on its size compared to the average bowl nearby, it likely has a capacity common for glass bottles of this shape, which is approximately 500 mL.",500.0
P-weight-image64.jpg,W01,"The red-marked object is a standard CO2 fire extinguisher. A common portable size for these is around 2kg to 4.5kg of contents, resulting in a gross weight (including the metal cylinder and fittings) typically between 5,000g and 12,000g. Based on its scale relative to other common indoor objects, it appears to be roughly in the 7kg-8kg range.",8000.0
P-liquid_volume-image34.jpg,L02,"The container is a typical-sized sports water bottle. Based on its size relative to common items like the poker set and playing cards, it appears to have a full capacity similar to standard 750-800 mL bottles.",750.0
P-liquid_volume-image38_blur_high.jpg,L02,"The container appears to be a large insulated water bottle, common sizes for which are typically around 1 liter (1000 mL) to 1.2 liters (1200 mL). Based on its proportions relative to the items nearby, it is estimated to have a capacity of approximately 1100 mL.",1100.0
P-liquid_volume-image46_blur_high.jpg,L01,"The container appears to be a plastic beaker filled to approximately half of its capacity. Based on the size of the beaker relative to the person's hand, it is likely a 400-500mL beaker. Half-filled would suggest a volume around 200-250 mL. Considering the markings shown, let's estimate 200 mL.",200.0
P-stability-image10_blur_med.jpg,S03,"The sliding of an object down an inclined plane typically begins when the angle of inclination reaches the angle of friction, where the tangent of the angle equals the coefficient of static friction. For typical materials like wood or common plastics, this angle is often in the range of 25 to 35 degrees.",30.0
P-liquid_volume-image10_blur_low.jpg,L02,"The marked container is a small clear glass bowl. Based on its size relative to typical kitchenware and the nearby bottle, a standard small prep bowl of this shape usually has a capacity between 250mL and 450mL. Estimating visually, it appears to be around 350mL.",350.0
V-angle-image66-pov2.jpg,A03,The marked point is located at the corner of the green board's metal frame. Rectangular frames of this type typically meet at right angles (90 degrees).,90.0
P-angle-image34.jpg,A01,"The marked incline angle is formed between the horizontal reference line and the surface of the green sit-up bench. Visually, this angle is relatively small, estimated to be approximately 12 to 15 degrees.",12.0
M-stability-image8_blur_med.jpg,S02,"The umbrella is placed centrally on the flat surface of the air conditioning unit. To estimate the distance it can move before falling, one must consider the distance to the nearest edge. Typically, an AC unit top is around 30-40 cm deep, and the umbrella is roughly in the middle, leaving approximately 5-10 cm of clearance to either the front or back edge before its center of gravity would tip it over.",5.0
V-weight-image53_blur_med.jpg,W01,"The object is a wooden valet stand or drying rack. Based on its structure with several wooden slats and long support frames, common for such items, a weight estimate of around 3500 grams is reasonable given its likely dimensions and the density of wood.",3500.0
P-weight-image12.jpg,W01,"The object is a coiled bundle of utility rope, roughly similar in size to a standard coffee jar. Typical small bundles of this type of rope weigh between 100 and 300 grams depending on material and length.",200.0
V-fit-image6.jpg,F01,"The red-marked plastic container has a noticeably smaller diameter than the opening of the blue-marked metal pot. Its height also appears to be comparable to or slightly less than the depth of the pot, allowing it to fit inside easily.",True
P-weight-image74.jpg,W01,"The red-marked object is a standard adult city bicycle with common accessories like a front basket, rear rack, and fenders. Typical weights for steel-framed utility bikes of this type range from 15 to 20 kilograms (15,000 to 20,000 grams).",16000.0
M-stability-image16.jpg,S07,"The sheet in the red bounding box is held in place by the weight of the water-filled container in the blue bounding box. Currently, roughly 40-50 mL of water is visible in the container. Given the substantial portion of the sheet hanging off the table, the setup looks to be near its stability limit. Removing a significant portion, roughly half of what is currently there, would likely lead to the sheet tipping over.",25.0
P-liquid_volume-image31.jpg,L02,"The glass bottle is similar in height to the green reusable water bottle (likely 600-750 mL) but it tapers significantly towards the top. Based on typical container sizes and visual comparison, it appears to be approximately 330-400 mL.",330.0
P-weight-image50.jpg,W01,"The marked object is a Kadence ukulele. Typical ukuleles weigh between 400g and 800g depending on their size (soprano, concert, tenor) and materials. A weight of 500g is a standard estimate for a concert-sized acoustic ukulele.",500.0
P-liquid_volume-image73-pov2_blur_high.jpg,L02,"The container appears to be a large mug or vase-like cup. Comparing its height and width with the water bottle (estimated at 500-750mL) and the large pitcher (estimated at 1.5L), it likely holds around 400-600mL. I will estimate it at 500mL.",500.0
P-weight-image71.jpg,W01,"The red-marked object is a 5-step metal household ladder. Typical ladders of this size and material weigh between 5 kg and 9 kg (5000 g to 9000 g) depending on whether they are aluminum or steel. This one appears fairly robust, so an estimate around 7000 grams is reasonable.",7000.0
A-fit-image1_blur_high.jpg,F06,The red-marked object is a flexible cloth and the blue-marked object is a container (likely an eyeglass case). Cloths can be folded or crumpled significantly to fit into small spaces like an eyeglass case.,True
P-liquid_volume-image71-pov2_blur_med.jpg,L02,"The container is a tall pump-action bottle, commonly used for lotions or hand-wash. Its size relative to the nearby water bottle suggests a typical full capacity range for such bottles is between 300mL and 500mL. 400mL is a very common size for this specific shape.",400.0
P-liquid_volume-image73-pov2_blur_med.jpg,L02,"The red-marked container is a stout metal vessel, likely a small pitcher or kalash. Comparing its size to the 1.2-1.5L glass pitcher and the typical 500-750mL water bottle next to it, its full capacity appears to be in the range of 400-600 mL. A standard estimate for such a vessel is around 500 mL.",500.0
P-weight-image1_blur_low.jpg,W01,"The object is a medium-sized, hand-held flashlight, likely made of high-impact plastic. Based on its size relative to the packing tape, a typical weight for such a flashlight, including batteries, is roughly between 150 and 250 grams.",200.0
P-fit-image28_blur_low.jpg,F06,The pile of clothes in the red-marked area is highly deformable and can be folded or compressed to fit into the interior volume of the red bucket.,True
P-angle-image21_blur_high.jpg,A01,"The marked incline is relative to a horizontal reference line. Looking at the tilt of the object and the small angle indicator, the inclination appears to be roughly 60 degrees from horizontal.",60.0
P-liquid_volume-image35_blur_med.jpg,L02,"The container appears to be a standard-sized reusable water bottle. Comparing its length and width to the nearby table tennis paddle (typical length ~25cm), the bottle seems roughly 20-25cm tall, which typically corresponds to a capacity between 500mL and 750mL. 500mL is a very common size for such bottles.",500.0
A-stability-image3.jpg,At what distance from the wall does the base of the bat have to be for it to fall?,"The stability of a leaning object depends on the static friction between its base and the floor. For a standard-sized cricket bat (approximately 85-90 cm long) leaning against a typical wall, sliding usually occurs when the distance of the base from the wall exceeds a critical limit determined by the friction coefficient (typically around 0.3 to 0.5 for tiles). Given visual proportions, at around 65-75 cm, the angle becomes too shallow to be maintained by friction, leading it to fall.",70.0
P-liquid_volume-image28.jpg,L01,"The glass bottle is lying on its side. Based on its size compared to the surrounding items and the depth of the liquid relative to its diameter, the volume is estimated to be approximately 200 mL.",200.0
V-weight-image0.jpg,W04,"The object is a large Bisleri water jug, commonly available in 15 or 20 liter capacities. Based on its height relative to typical door fixtures, it appears to be a 15-20 liter container. It is visibly more than half full, approximately 60-70% full. Assuming it is a 15-20L container roughly two-thirds full, its weight (with water being 1kg/L) would be between 10kg and 14kg. I will estimate it at roughly 13,000 grams.",13000.0
P-angle-image24.jpg,A01,"The marked angle shows the inclination of the suitcase lid relative to the horizontal ground. Visually, the incline is fairly shallow. Using the horizontal reference line and the slanted lid edge, the angle can be estimated. Calculating based on visual proportions, it appears to be approximately 22-25 degrees.",22.0
M-angle-image10.jpg,A01,"The marked incline is between the horizontal reference line and the sloping frame of the enclosure. Visually, the angle is approximately 20 to 30 degrees. Measuring typical design angles for such enclosures often uses standard steps like 20, 25, or 30 degrees. Looking at the rise over run, the angle appears to be around 25 degrees.",25.0
V-weight-image37.jpg,W03,"The red-marked object is a Philips air fryer. Typical empty weights for compact to standard Philips air fryers range from approximately 4,500 grams to 7,000 grams depending on the model.",5000.0
A-fit-image3.jpg,F07,"The red-marked object is a flexible cloth, which can be tightly compressed, folded, and bunched. The blue-marked opening is a ring. Given the cloth's material, it can be drawn through the ring by pulling it bit by bit, as it is highly deformable.",True
P-liquid_volume-image37.jpg,L02,"The container marked in red is a standard-shaped plastic water bottle. Based on its size relative to the common reusable water bottle next to it, which appears to be roughly 1000mL, the standard volume for such a plastic bottle is usually around 500mL.",500.0
B-angle-image1.jpg,A01,"The marked angle is formed between a horizontal reference line and the slanted handle of the trolley. Visually, the angle is larger than 90 degrees if measured from the right side of the handle base, but based on typical incline assessments relative to the reference line indicated by the red arc, it appears to be roughly 55-60 degrees from the vertical or roughly 120-130 degrees interior; however, look closely at the interior arc: it spans between the reference line and the handle. It looks moderately steep, around 55 degrees relative to horizontal in common parlance, but observing the mark, it depicts an angle of approximately 55 degrees between the horizontal and the inclined handle in its specific quadrant.",55.0
V-fit-image16.jpg,F06,"The cleaning cloth is highly flexible and can be easily folded or compressed. Its volume, when scrunched up, is small enough to comfortably fit inside the container.",True
M-fit-image18-pov2.jpg,F01,"The red-marked object is a standard battery, and the blue-marked area is its corresponding battery compartment designed specifically for this size battery. Visually, their dimensions match in both length and width.",True
M-fit-image6.jpg,F06,"The blue container is a standard laundry detergent pod container, which has a relatively small volume. The red-marked object is a long, thick garden hose that, even when tightly coiled, would have a volume much larger than the capacity of the container.",False
P-angle-image15_blur_med.jpg,A01,"The marked angle is between a wooden leg and the ground. Estimating from the visual orientation, the leg is steeply inclined, likely between 55 and 65 degrees. Based on standard visuals, 60 degrees appears to be a reasonable estimate for this angle.",60.0
P-weight-image60_blur_high.jpg,W03,"The red-marked object is a standard cardboard mug box. Assuming it is empty, an empty cardboard retail box of this size typically weighs between 50 and 150 grams. A reasonable estimate is around 100 grams.",100.0
P-angle-image9.jpg,A01,"The marked angle is between the ground and the wooden plank. Visually, the plank forms a steep slope relative to the horizontal ground. Estimating based on the positions of its endpoints, the vertical rise is roughly 1.3 times its horizontal span, suggesting an angle between 50 and 55 degrees.",52.0
P-stability-image3.jpg,S10,"The balance is currently down on the left side. The fulcrum is positioned roughly 60% away from the left end. To tip it clockwise, additional weight must be added to the right side (specifically into the empty beaker). Based on visual estimates of typical plywood board weight and beaker positioning, a weight around 50-100 grams should tip the balance.",60.0
V-angle-image68-pov2.jpg,A03,The angle between the painting and the horizontal floor is estimated based on its slight lean away from vertical. Vertically it would be 90 degrees; here it appears to be approximately 75 degrees.,75.0
P-fit-image27-pov2.jpg,F06,"The container is a flexible black fabric bag, likely a shoe bag, which appears wide enough at its opening and deep enough in its main volume to accommodate the pair of sneakers if they are placed inside snugly.",True
P-weight-image71_blur_high.jpg,W01,"The object is a common 5-step folding household ladder. Based on typical materials like aluminum or light steel used for such items, they generally weigh between 4,000g and 9,000g. I will estimate it towards the middle of this range.",6500.0
P-weight-image42.jpg,W03,"The object is a typical corrugated cardboard shipping box. Based on its size relative to the table next to it (approx. 40-50cm tall), it is a medium-sized box, which typically weighs between 500 and 800 grams when empty.",650.0
P-stability-image6_blur_high.jpg,Estimate weight to make the structure fall.,"The board has roughly 40-45% overhang. Given typical density for a medium-sized wooden board (approx. 400-600g), the weight needed on the far side of the overhang center to tip it is usually roughly a third to a half of the board's weight, depending on the exact fulcrum placement. Estimating around 250g to reliably tip based on visual geometry.",250.0
P-liquid_volume-image38_blur_med.jpg,L02,"The container appears to be a large insulated water bottle, common sizes for which range from 1L (1000 mL) to 1.2L (1200 mL). Given its proportions relative to nearby items, it is estimated to have a full capacity around 1100 mL.",1100.0
B-angle-image16.jpg,A01,"The marked incline angle is formed between a horizontal reference line and the leg of the ironing board. Visually, the angle appears steeper than 45 degrees, estimated to be approximately 60 degrees based on its elevation from the horizontal.",60.0
B-weight-image2.jpg,W06,The object is a typical ergonomic office chair with a mesh back and cushioned seat. Such chairs usually weigh between 12 and 18 kilograms. I will estimate it at 15 kilograms.,15000.0
V-fit-image26_blur_low.jpg,F06,"The pinecone is a rigid object that cannot be easily deformed (bent or folded) without breaking it. Comparing its visible dimensions to the glasses case, the pinecone appears to be approximately the same length as the case, but its significant girth and stiffness would likely prevent the container from closing completely. However, strictly speaking of fitting within the space of the open container, it might partially protrude.",False
V-fit-image26_blur_med.jpg,F06,"The pinecone is a rigid object that cannot be folded or bent without being destroyed. Visually, its length appears to be similar to or slightly greater than the internal length of the glass case, and its diameter is significant, which would likely prevent the case from closing completely.",False
P-weight-image24.jpg,W01,"The object is a chair with a metal frame and a woven seat. Typical weights for lightweight outdoor chairs of this style range from 4,000 to 6,000 grams.",5000.0
P-weight-image10.jpg,W01,The red-marked object is a standard-sized roll of brown packing tape. A typically full roll of this type usually weighs between 150 and 250 grams.,200.0
M-stability-image2_blur_low.jpg,S02,"The wooden board is currently balanced with a significant overhang. Based on its length and current position, its center of gravity appears to be quite close to the ledge's edge. Moving it further outward by only a few centimeters would likely cause it to tip over.",4.0
P-liquid_volume-image14.jpg,L02,"The container is a standard insulated reusable water bottle. Typical capacities for bottles of this shape and size range from 500 mL to 750 mL. Given its dimensions relative to the grass and common objects, 500 mL is a frequent standard size.",500.0
P-weight-image65.jpg,W01,"The object is a Kalpex dry powder fire extinguisher. Based on its size and appearance, it appears to be a standard 4kg or 6kg model. A 4kg dry powder extinguisher typically has a total weight of approximately 6,000 to 7,000 grams.",6500.0
M-stability-image15.jpg,S07,"The container in the blue bounding box (a plastic beaker) appears to contain roughly 120-150 mL of water. It is positioned on the inner edge of the green cutting mat (red bounding box), which is significantly overhanging the table. The weight of the water in the beaker is counterbalancing the overhanging weight of the mat to prevent it from tipping. Removing too much water will shift the center of mass towards the overhanging part. Given the visual precariousness, it is estimated that about 80-100 mL can be removed before the mat tips over, assuming it is currently somewhat stable.",85.0
P-fit-image6.jpg,F01,"The poker chips are circular and have a diameter that is visibly smaller than the top opening of the plastic cup. They are also very thin, so multiple chips could easily stack inside.",True
P-weight-image1_blur_high.jpg,W01,"The red-marked object is a standard handheld flashlight. Based on its typical plastic construction and estimated size, its weight including batteries is roughly between 150 and 300 grams.",200.0
V-angle-image22.jpg,A03,"The marked angle is between the diagonal wooden plank and the floor. Based on visual estimation, the plank is leaning at a significant angle, approximately 60 degrees from the ground.",60.0
P-fit-image31-pov2.jpg,Can the salt fit inside the bowl?,"The bowl appears to have a larger internal volume compared to the pile of salt on the plate, which is spread out in a shallow cone.",True
P-liquid_volume-image10_blur_med.jpg,L02,"The container is a small glass bowl. Typical capacities for such bowls range from 250 mL to 400 mL. Comparing it to the nearby bottle, which looks like a standard 500-750 mL bottle, a value in the lower middle range seems reasonable.",300.0
V-weight-image54.jpg,W04,"The red-marked object contains two items that appear to be foam yoga blocks. Standard foam yoga blocks weigh between 100g and 250g each. Estimating each at approximately 150g, the total weight for both blocks would be around 300g.",300.0
P-fit-image28.jpg,F06,"The red-marked object is a pile of clothing, which is highly deformable and compressible. The blue-marked container is a large bucket. Given that clothes can be easily folded and stuffed, the pile shown can comfortably fit within the volume of the bucket.",True
B-angle-image8.jpg,A01,"The marked incline refers to the lean of the board relative to the horizontal ground. Based on visual estimation, the board is leaning steeply, close to vertical but slightly tilted away from the wall. The angle with the floor is slightly less than 90 degrees.",81.0
P-fit-image27-pov2_blur_high.jpg,F06,"The red-marked objects are a pair of shoes, and the blue-marked container appears to be a bag or a storage area large enough to accommodate them, especially when placed inside side-by-side or sequentially.",True
V-weight-image38.jpg,W01,"The object is a standard household aluminum step ladder with approximately 5 steps. Typically, such ladders weigh between 5,000 and 8,000 grams depending on the exact material thickness and size. A mid-range estimate for a common model is around 6,000 grams.",6000.0
M-angle-image1.jpg,A03,"The angle between the seat and the backrest of the bench appears to be slightly obtuse. A vertical backrest would form roughly a 90-degree angle with a horizontal seat; however, the backrest is tilted backward and the seat appears fairly flat. Estimating from the image, the angle is roughly between 100 and 115 degrees.",110.0
P-weight-image39_blur_low.jpg,W01,"The red-marked object is a single white foam slide (similar to Crocs material). These items are typically made of lightweight EVA foam, which normally weighs between 150 and 250 grams per shoe for an adult size.",180.0
B-angle-image3.jpg,A01,"The marked angle is between the leg of the metal object and the horizontal ground. Visually, the angle is greater than 45 degrees, as the vertical rise looks greater than the horizontal run from the base. It appears to be approximately 55 to 60 degrees.",55.0
P-stability-image10.jpg,S03,"The sliding of an object on an inclined plane depends on the coefficient of static friction (mu). Typical objects like wood or plastic on this type of board usually have a static friction coefficient between 0.3 and 0.7. The critical angle for sliding is arctan(mu). For common household/educational materials, this angle typically falls in the range of 20 to 40 degrees. Assuming a typical value of around 0.6 for friction, an angle of roughly 31 degrees would be reasonable.",30.0
V-fit-image75.jpg,F01,"Upon visual comparison, the length of the red-marked box appears to be slightly greater than the internal length of the blue-marked cardboard container, suggesting it will not fit completely inside without being placed at an awkward angle that may exceed the height constraint.",False
M-angle-image6_blur_high.jpg,A01,"The marked angle is defined by a vertical-looking line relative to a horizontal reference line. It appears slightly tilted to the left, which would suggest an angle between 85 to 95 degrees depending on which direction it is measured from. Visually, it looks almost perpendicular.",90.0
A-stability-image2_blur_med.jpg,"When the bat just falls off, how far will the bat be extending from the edge?","The point at which an object just falls off an edge is when its center of gravity is exactly over the edge. For a standard full-size cricket bat, which has an overall length of roughly 85-88 cm, the balance point (center of gravity) is typically located between 40 cm and 45 cm from the toe of the bat. Given that the red line marks the distance from the toe to the edge, this extending distance would be approximately 43 cm.",43.0
B-weight-image4.jpg,W06,"The object is a standard-sized rubber medicine ball. Typical weights for such equipment range between 2kg and 10kg. Based on its appearance and size relative to nearby objects, a standard common weight is around 4.5kg, which is 4500 grams.",4500.0
M-stability-image8_blur_high.jpg,S02,The umbrella is positioned close to the edges of the white rectangular surface. Moving it approximately 5 cm toward either the top or bottom edge (in the image's orientation) would likely push its center of mass far enough to cause it to fall.,5.0
V-angle-image59_blur_low.jpg,A03,"The marked angle is at the corner of a rectangular ottoman, where two perpendicular sides meet. Typically, these are constructed at right angles.",90.0
P-angle-image4.jpg,A03,"The marked angle is formed between a horizontal wooden block and another wooden block leaning back at an incline. Visually, the angle is obtuse, estimated to be roughly around 115 degrees based on its position beyond the vertical.",115.0
P-liquid_volume-image34_blur_low.jpg,L02,"The container is a clear, light green sports water bottle lying on the grass. Based on its shape and size relative to the poker case, it appears to be a standard size for such bottles, which typically range from 500 mL to 1000 mL. A common size for this type of plastic sports bottle is around 750 mL.",750.0
P-angle-image37_blur_high.jpg,A01,"The green board is leaning against the wall. Based on visual estimation, its angle with the horizontal floor is clearly greater than 45 degrees, likely around 60 degrees.",60.0
P-liquid_volume-image66.jpg,L02,"The container appears to be a standard-sized insulated water bottle. Based on its height and width relative to the common spice or coffee jar next to it, its capacity is estimated to be around 500 mL, which is a very typical volume for this style of container.",500.0
P-liquid_volume-image25.jpg,L02,"The red-marked container is a large thermos/vacuum flask. Comparing it with typical household items like the mug (~300 mL) and the green plastic bottle (~600-750 mL), this flask is taller and has a significant diameter, suggesting a capacity around 750 mL to 1000 mL. Standard sizes for these flasks are commonly 750 mL.",750.0
P-liquid_volume-image38_blur_low.jpg,L02,"The marked container is a large thermos. Based on its relative size to common items like pencil boxes (apsara) in the basket, it typically holds between 750mL and 1100mL. 1000mL is a common capacity for a thermos of this size and scale.",1000.0
M-stability-image3_blur_high.jpg,S02,"The wooden board is positioned such that a significant portion overhangs the support structure to the left. Moving it further in either direction by a small distance would likely shift its center of gravity beyond the supporting edge or cause it to slide off the support points entirely. Considering its current stable position, a move of approximately 2 cm could be sufficient to destabilize it.",2.0
V-angle-image69.jpg,A03,"The marked angle is between the bottom of the red board and the horizontal floor. Estimating the slope, the board is leaning at a fairly steep angle. The acute interior angle between the board and floor appears to be roughly 65-70 degrees. The marked arc indicates the supplementary angle outside, which is roughly 110-120 degrees. Based on direct observation of the vertex and arc shape, 115 degrees is a solid estimate.",115.0
A-stability-image1.jpg,How far out from the stack does the book have to be for it to fall?,"A standard book tipping point occurs when its center of mass (typically at its geometric center, around half its width) extends past the supporting edge. Based on typical book dimensions (approx. 13-15 cm width), the book would need to extend more than half its width out from the stack to lose stability and fall.",7.0
P-weight-image13.jpg,W01,"The red-marked object appears to be a small portable electronic device or case, measuring roughly 6x6x3 cm. Based on its size and typical plastic materials, it is estimated to weigh approximately 60 grams.",60.0
M-fit-image2.jpg,F06,"The red-marked object is a flexible, woven mat that can be folded or rolled. The blue-marked container is a large bucket with ample volume to accommodate the folded or rolled mat.",True
P-fit-image15.jpg,F01,"The diameter of the red-marked tape roll appears smaller than the diameter of the blue-marked container's opening. Standard containers like that are typically wider than packing tape rolls, and visually, there is sufficient clearance.",True
V-weight-image37_blur_low.jpg,W03,"The red-marked object is a Philips air fryer. Based on standard models like the Philips HD9200 series, which typically weighs between 4 kg and 5 kg when empty, 4500 grams is a reasonable estimate.",4500.0
V-angle-image59-pov2.jpg,A03,"The marked angle is at the corner of a rectangular block-like object, likely a furniture piece. Given its standard shape, the joint angle between its adjacent sides is approximately 90 degrees.",90.0
V-angle-image66_blur_low.jpg,A03,"The marked angle is at the corner of a rectangular chalkboard frame, where two perpendicular frame pieces meet. Such corners are typically designed at 90 degrees.",90.0
P-liquid_volume-image62.jpg,L02,"The container appears to be a standard spray cleaner, which typically holds around 100 to 150 mL. Looking closely at the bottom of the label, there is a measurement that looks consistent with '100 ml'. Comparing it to the nearby perfume bottle (~50-100 ml) and hand sanitizer (~50-60 ml), 100 mL is a plausible estimate for its standard full liquid capacity.",100.0
B-fit-image3.jpg,F07,"The red-marked object (eyeglasses) can be folded to become more compact. Even without non-standard deformation, its smallest cross-section (the profile of the frames when folded) is smaller than the diameter of the blue-marked pipe opening. By rotating the glasses vertically, they can fit through the opening lengthwise.",True
M-fit-image16.jpg,F06,"The red-marked object is a pair of flexible earphones that can be easily coiled or bunched together, and the blue-marked container is a pouch designed specifically for holding small items like earphones. Given their relative sizes, the earphones can comfortably fit inside once appropriately coiled.",True
P-fit-image34.jpg,Will the potatos fit inside the plastic bag?,"The visual comparison shows that the stack of potatoes is quite large and voluminous compared to the flat dimensions of the plastic bag. When expanded, a bag of this size is typically smaller in volume than the heap of potatoes shown.",False
P-weight-image71_blur_low.jpg,W01,"The object is a 5-step foldable stepladder, likely made of either aluminum or steel. A typical 5-step metal stepladder generally weighs between 5,000 and 9,000 grams depending on its material and build quality.",7500.0
P-liquid_volume-image49.jpg,L02,"The container is an insulated water bottle. Typical sizes for this style range from 500 mL to 1000 mL. Based on its visual proportions relative to common items like poker chips nearby, it appears to be a standard medium-sized thermos, commonly holding around 500 to 750 mL. I will estimate 750 mL as a representative size for its height and width.",750.0
B-weight-image5.jpg,W06,The object is a typical medicine ball found in gym settings. These usually weigh between 2 kg (2000 g) and 10 kg (10000 g). A common weight for a medium-sized medicine ball is approximately 4-5 kg.,4500.0
M-stability-image23_blur_high.jpg,S02,"The pipe is balanced on the upturned basket. It is placed such that its center of mass is currently over the support area of the basket. To fall, its center of mass must move outside the boundary of the basket's flat top. Given its current visual position, a movement of roughly 5-10 cm to the left would likely cause its center of mass to pass the edge of the basket, leading to instability.",5.0
P-stability-image10_blur_high.jpg,S03,"For an object to begin sliding down an inclined plane, the gravitational component parallel to the slope must overcome the maximum static friction force. This occurs when the angle of inclination theta satisfies tan(theta) > mu_s, where mu_s is the coefficient of static friction. For typical objects like plastic or small items on a cardboard ramp, the starting slide angle (critical angle) usually ranges between 20 and 40 degrees depending on surface roughness. A middle-ground estimate is around 30 degrees.",30.0
P-angle-image3.jpg,A01,"The marked angle is between the horizontal reference (top of the blue container lid) and the leaning object. Visually, the incline is steep, estimated at approximately 70 degrees from the horizontal.",70.0
P-weight-image61_blur_low.jpg,W01,The object is a pair of white over-ear headphones. Typical consumer over-ear headphones weigh between 250g and 350g.,250.0
P-angle-image17.jpg,A01,"The marked angle is between a green object (flashlight) and its horizontal support (container lid). Estimating the incline of the flashlight, it rises roughly 160 units for every 135 horizontal units. Tan(theta) ≈ 1.18, giving theta ≈ 49.7 degrees. Rounding to a reasonable estimate, it is roughly 50 degrees.",50.0
A-fit-image4_blur_med.jpg,F07,"The red-marked object is a relatively large, bulky piece of pink fabric. While fabric is highly deformable and can be compressed, the blue-marked opening appears to be very small, similar in scale to a small ring or a bottle opening. Given the apparent volume of the fabric even when tightly bunched, it is unlikely to pass through such a narrow opening.",False
P-liquid_volume-image73_blur_med.jpg,L02,"The marked container is a large metallic jug (often referred to as a 'lota' or water jug). Comparing it to common household items like the 750mL-1000mL metal bottle next to it, the container has a wider diameter although it is shorter. Based on its size and standard common capacities for such items, it holds approximately 1000 mL.",1000.0
B-angle-image12.jpg,A01,"To estimate the angle, I identify the vertex and sample points along both marked lines. Vertex is roughly at (172, 533). Lower reference line end is near (300, 542), showing a slight downward tilt in image coordinates. Upper marked line end is near (295, 502). Calculating the slope: the vertical difference for the upper line is about 31 pixels over 123 pixels horizontally, suggesting an incline of roughly 14-15 degrees relative to vertical. Combining with the lower line tilt, the total visual angle is between 15 and 20 degrees. Visually, it looks moderately low, closer to 18-20 degrees.",18.5
P-weight-image61_blur_high.jpg,W01,The red-marked object is a pair of white over-ear headphones. Standard over-ear headphones typically weigh between 200 and 350 grams.,250.0
B-angle-image9.jpg,A01,"The marked angle is located at the base of the structure where it meets the ground. Visually, the angle between the horizontal reference line and the upward-sloping support beam appears to be moderately steep, approximately two-thirds of the way toward vertical (90 degrees). Based on typical geometric inclinations, it is estimated to be around 60 degrees.",60.0
P-stability-image6_blur_med.jpg,Estimate weight to make the structure fall.,"The board is partially supported by the table, with approximately 40-50% of its length overhanging the edge. For the structure to fall, the center of mass of the combined board and container system must move beyond the support edge. Given the board's estimated dimensions and density, a standard plastic container would need roughly 100-200 grams of additional weight to tip it, assuming the container is currently near empty.",150.0
P-fit-image5.jpg,F01,"The red-marked smaller beaker is significantly narrower and shorter than the blue-marked container, allowing it to easily fit inside.",True
B-stability-image2.jpg,S01,"The lid's center of mass is located at its geometric center. Currently, the lid is partially supported by the right edge of the wooden box. Visually, the geometric center of the lid appears to be only a few centimeters to the left of the box's supporting edge. If it is moved further to the right until the center of mass clears the edge, it will tip and fall. Estimating based on standard wooden box sizes (approx 30-40cm wide), the center of mass is about 1-2 cm away from the tipping point.",2.0
V-fit-image15.jpg,F01,"The width of the onion appears to be larger than the top opening diameter of the small measuring cup, so it is unlikely to fit inside without being forced or sliced.",False
B-stability-image6.jpg,S02,"The green cutting mat is supported by two tabletops separated by a gap. It appears to be positioned roughly centrally over the tables horizontally. To fall, it would typically need to be moved such that its center of mass moves beyond the supporting edges. Moving it down (away from the gap's bridge) would likely cause it to tip once more than half its width is unsupported. Based on common dimensions of such mats (often 45cm x 30cm or similar), and its visible position near the table edges, a move of approximately 8-12 cm towards the viewer (downwards) or 5-10 cm to either side potentially shifting it off one support while having its COM over the gap could cause a fall. A safe estimate for the minimum move before tipping or falling is about 5-10 cm.",5.0
V-fit-image2.jpg,F06,"The red-marked object is a flexible strap that can be easily coiled or folded. Once folded, its volume is small enough to fit within the space of the blue-marked container.",True
P-liquid_volume-image26.jpg,L01,"The container is a glass bowl that appears to be about half full. Estimating its total capacity to be around 300-350 mL, the liquid inside looks to be roughly 130-150 mL.",140.0
M-stability-image2_blur_high.jpg,S02,"The wooden plank is already positioned with a significant portion hanging over the edge of the wall. Assuming the plank's center of mass is near its geometric center, it must remain supported by the ledge to avoid falling. Visually, it appears to be near its tipping point, so a small displacement outwards (to the left in the image) of approximately 5-10 cm would likely cause its center of mass to clear the ledge, leading it to fall.",5.0
M-stability-image13.jpg,S06,"The marked angle represents the inclination of the board relative to the ground. In its current position, the board is leaning against a soft yellow block. For the structure to become unstable, the angle between the floor and the board would need to increase until the board stands perfectly vertical (90 degrees), where even a minor disturbance would cause it to fall forward away from the support, or decrease further until friction can no longer hold the base in place.",90.0
P-fit-image22.jpg,F01,"The red-marked paper cup appears to have a slightly wider top rim diameter than the top opening of the blue-marked stainless steel cup. Since the container must be wider than the object to fit it inside without force, the paper cup likely will not fit completely inside.",False
