filename,qwen/qwen3.5-9b_num,qwen/qwen3.5-9b_bool,qwen/qwen3.5-9b_reasoning,gemma-4_num,gemma-4_bool,gemma-4_reasoning
A-fit-image1.jpg,,True,"The red object is a microfiber cloth, which is soft and highly flexible. Although it appears relatively large when unfolded or loosely folded, it can easily be folded, rolled, or compressed into a much smaller size. The blue object is a small carrying case with significant internal volume relative to a folded cloth. Therefore, the cloth can easily fit inside the container with proper deformation.",,True,"The red-marked object is a flexible cleaning cloth, which can be easily folded or rolled. The blue-marked object is a glasses case with a hollow interior. Given the flexibility of the cloth, it can be folded to fit inside the case."
A-fit-image2.jpg,,True,"The object in the red box is a soft, flexible microfiber cloth. Since it is made of fabric, it can be easily folded, crumpled, or compressed into a much smaller volume. Therefore, it can easily fit inside the carrying case shown in the blue box.",,True,"The red-marked object is a blue fabric cloth, which is highly flexible and deformable. The blue-marked object is a glasses case with enough interior volume to easily accommodate a folded cloth of that size."
A-fit-image3.jpg,,True,"The red-marked object is a soft, flexible blue cloth. The blue-marked object is a ring, which has a central opening. Since the prompt allows for deformation including folding and bending, the flexible cloth can be folded or compacted to a size smaller than the ring's diameter, allowing it to pass through.",,True,"The red-marked object is a piece of cloth, which is highly flexible and can be folded or rolled. The blue-marked opening is a ring. A piece of cloth can easily be rolled up to a size small enough to pass through the diameter of a ring."
A-fit-image4.jpg,,True,"The red-marked object is a soft, pliable towel, while the blue-marked object is a metal ring which creates a circular opening. Although the towel is larger than the ring in its unfolded state, the prompt allows for deformation (folding, bending). A towel can be easily folded or rolled up tightly to be smaller than the ring's diameter, allowing it to fit through the opening.",,True,"The red-marked object is a pink towel, which is made of flexible fabric. It can be folded or rolled tightly into a thin cylinder, allowing it to pass through the blue-marked ring opening."
A-fit-image5.jpg,,True,"The red-marked object is a crumpled piece of fabric or clothing. Since the problem allows for deformation (folding, bending), the soft and flexible fabric can be easily folded or rolled up into a compact shape. This compact shape can easily be made small enough to fit through the opening indicated by the blue box (which appears to be the size of a ring or a square hole). Therefore, the object can fit through.",,True,"The red-marked object is a piece of fabric, which is highly flexible and can be folded or rolled into a very small size. The blue-marked opening is a ring. Because the fabric can be compressed to a diameter smaller than the interior of the ring, it can fit through the opening."
A-stability-image1.jpg,7.5,,"The top book is resting on the stack below. For a rigid, uniform book to remain balanced on the edge of a supporting surface, its center of mass must remain directly above that edge. The center of mass of a standard uniform book is located at its geometric center. Therefore, the book can be pushed out until its center of mass aligns with the front edge of the supporting book. At this point, any further displacement will cause the torque due to gravity to rotate the book, causing it to fall. Assuming a standard paperback or hardcover book width (common for Discworld editions) of approximately 15 cm, the maximum overhang distance (the distance from the edge of the stack to the center of mass) corresponds to half the book's width.",2.0,,"The book 'The Fifth Elephant' is shifted significantly to the left of the stack it rests upon. A book typically remains stable as long as its center of mass (roughly half its width, approximately 7 cm for a standard hardcover) is supported by the base below. Visually, the overlap between this book and the one beneath it is very close to half the book's width. Moving the book an additional 2 cm to the left would likely shift its center of mass past the support edge, causing it to tip and fall."
A-stability-image3.jpg,60.0,,"The image shows a cricket bat leaning against a wall. The red line marks the horizontal distance from the wall to the base (toe) of the bat. To find this distance, we can estimate using the floor tiles. Assuming standard small mosaic tiles often used in such flooring (approx. 10-15 cm per side) and knowing a standard cricket bat is about 90 cm long, the horizontal distance appears to be roughly 2/3 of the bat's length or similar visual proportion. Counting the tiles under the red line (approximately 6 tiles if they are 10cm) leads to an estimate of 60 cm.",60.0,,"The red line in the image indicates the distance from the wall to the base of the cricket bat. Counting the floor tiles along this line, there are approximately 6 tiles. Assuming a standard small tile size of 10 cm, the distance is roughly 60 cm. This distance is consistent with the leaning angle of the bat, given its typical total length of about 110-120 cm."
A-stability-image4.jpg,1.0,,"The stack consists of 5 books (The Truth, Going Postal, Monstrous Regiment, The Fifth Elephant, Jingo). They are stacked in a precarious, leaning configuration. Adding 1 more book on top would increase the height and shift the center of mass further towards the edge of the base, likely causing it to topple over.",1.0,,"The books are stacked with a consistent offset to the right. Currently, the center of gravity of the five-book stack is already very close to the right edge of the bottom-most book. Adding one more book following this same offset pattern will shift the collective center of gravity beyond the support base of the first book, causing the structure to tip over."
B-angle-image1.jpg,35.0,,"The red line traces the handle of the reel cart. This handle extends upward and backward from the vertical post. Visually, the angle of this handle relative to the horizontal reference line appears to be roughly 30-40 degrees, typical for ergonomic pushing handles. Estimating it at approximately 35 degrees.",65.0,,"The marked incline angle refers to the slope of the hose reel's handle relative to the ground. Observing the image, the main shaft of the handle is tilted backward from a vertical position. Estimating the angle from the horizontal ground, the shaft appears to be inclined at approximately 65 degrees."
B-angle-image10.jpg,75.0,,,30.0,,"The red structure is tilted relative to the horizontal ground. By observing the angle between the bottom edge of the red panel and the ground surface, it appears to be approximately 30 degrees."
B-angle-image11.jpg,30.0,,"The image shows a metal railing that is inclined relative to the horizon. The top rail slopes downwards from left to right. By visually estimating the rise and run, the horizontal distance is approximately twice the vertical drop. This ratio (tan(theta) ≈ 0.5-0.6) corresponds to an angle of roughly 30 degrees, which is a standard pitch for stair railings and ramps.",28.1,,"The red mark at the top right of the railing highlights the angle of the handrail relative to a horizontal reference line (parallel to the ground). By estimating the slope of the handrail, where the vertical drop over the horizontal span is approximately 310 pixels over 580 pixels, the angle theta = arctan(310/580) is approximately 28.1 degrees."
B-angle-image12.jpg,15.0,,"The image shows a wooden countertop or desk surface (with a calculator on it) positioned above a lower horizontal wooden surface. A red angle marker highlights the inclination of the upper surface relative to the lower reference surface. Based on visual estimation comparing the slope to standard angles, the incline is shallow, appearing to be approximately 15 degrees. It is less steep than 30 degrees but clearly visible as an angle, consistent with typical ergonomic 'soar' countertop angles.",15.0,,"The red lines mark an incline angle between a slanted surface and a horizontal reference line. Visually, this angle is quite shallow, appearing to be approximately one-sixth of a right angle, which corresponds to roughly 15 degrees."
B-angle-image13.jpg,30.0,,"The image shows red lines drawn on the LEGO baseplate, marking an angle. One line acts as a reference (roughly horizontal), and the other is the incline. Visually, the incline rises less than half the distance it runs horizontally, suggesting an angle steeper than 15 but flatter than 45. A standard LEGO slope angle is often 30 or 45 degrees, and the visual appearance matches approximately 30 degrees (tan^(-1)(0.5)).",22.0,,"The image shows a red angle marked on a LEGO structure. The base line is horizontal, and the inclined line rises at a relatively shallow angle. Estimating the slope visually, the vertical rise is significantly less than the horizontal run, placing the angle in the range of 20 to 25 degrees."
B-angle-image14.jpg,25.0,,"The image shows a wooden inclined plane, likely part of a pinball machine or physics demonstration. The red lines at the bottom mark the angle of inclination relative to the horizontal base. Based on the visual appearance and perspective, and referencing the provided context that identifies this as a 'Pisa Incline' with an approximate angle of 25 degrees, the estimated angle is 25 degrees.",70.0,,"The marked angle is between the horizontal base of the model and the inclined cardboard ramp. Visually, the ramp is quite steep, significantly more than 45 degrees. Comparing the vertical rise to the horizontal run, the height is approximately 2.5 to 3 times the base length. An angle whose tangent is around 2.5 to 3 corresponds to roughly 68 to 72 degrees. I estimate it to be approximately 70 degrees."
B-angle-image15.jpg,30.0,,"The image shows a silver diamond-plate ramp resting on a blue wedge. The ramp is inclined upwards from front to back. Visually estimating the angle of the blue wedge (which defines the ramp's incline), the rise appears to be about half to slightly more than half of the run (depth of the wedge). This corresponds to an angle slightly steeper than 26.5 degrees (arctan(0.5)) and less than 45 degrees. A standard wedge angle of 30 degrees is a very likely candidate given the visual proportions (rise/run ~ 0.577). The red mark on the star appears to be a right-angle indicator (90 degrees), marking the geometry of the star itself, rather than the incline angle.",90.0,,"The red lines marked on the wooden star form a right angle, with one line being vertical and the other horizontal relative to the orientation of the star and the ground, indicating a 90-degree angle."
B-angle-image16.jpg,60.0,,"The red line at the bottom left marks the angle between the horizontal ground and the angled leg of the ironing board stand. The leg forms an X-frame structure, slanting outwards for stability. Visually, the angle of the leg relative to the floor appears to be approximately 60 degrees, which is a standard angle for such supports to balance height and base width.",65.0,,"The marked incline angle is formed between the leg of the ironing board and the red reference line on the ground. The leg is tilted steeply, significantly more than 45 degrees but less than 90 degrees. Visually, the angle appears to be approximately 65 degrees."
B-angle-image17.jpg,30.0,,"The image shows a wooden block leaning against vertical supports. A red angle marker is drawn at the base, measuring the angle of inclination of the leaning block relative to the horizontal base block surface. Visually, the block is at a moderate slope, definitely less than 45 degrees but clearly present. Based on typical block dimensions and the visual slope, it resembles a 30-degree angle.",65.0,,"The image shows a wooden block leaning at an angle relative to a horizontal base block. A red mark indicates the angle between the two. By visual estimation, the angle is steeper than 45 degrees but less than 90 degrees, appearing to be approximately 65 degrees."
B-angle-image18.jpg,90.0,,"The image shows a table with a red L-shaped mark in the bottom left corner. This mark consists of two perpendicular line segments forming a right angle, commonly used as a right-angle indicator or builder's square symbol. Therefore, the angle is 90 degrees.",90.0,,"The marked red segments are along the edge of the octagonal tabletop and the vertical support frame beneath it. Since the tabletop is horizontal and the support frame is vertical, they meet at a right angle."
B-angle-image19.jpg,60.0,,"The image shows a model Ferris wheel with an A-frame support structure. The legs of the support form an inverted 'V' shape. Visually estimating the angle between the two legs at the bottom base, it appears to be an acute angle, roughly around 60-70 degrees. If the angle between the legs is approximately 60 degrees, then each leg makes an angle of (180 - 60) / 2 = 60 degrees with the horizontal ground plane. Alternatively, the legs appear steeper than 45 degrees (which would correspond to a 90 degree spread), and less steep than 80 degrees (which would correspond to a 20 degree spread). The angle looks like a standard geometric angle, most likely 60 degrees.",70.0,,"The red marker indicates the angle between the horizontal base of the ferris wheel model and its support leg. Visually, this angle is significantly greater than 45 degrees but less than 90 degrees. Estimating the ratio of the height of the support to its horizontal run from the base, the angle appears to be approximately 70 degrees."
B-angle-image2.jpg,45.0,,"The marked angle is located on the letter 'K'. It indicates the acute angle between the vertical stem of the letter and the diagonal stroke that extends upwards and to the right. Visually, this diagonal stroke has a slope that suggests an angle of approximately 45 degrees relative to the vertical axis (or 45 degrees relative to the horizontal axis, making the angle with the vertical also 45 degrees). The red marker highlights this geometric intersection.",45.0,,"The red marker indicates an angle between a horizontal reference line (parallel to the ground) and the upper diagonal stroke of the letter 'K'. Visually, this angle is acute and appears to be approximately 45 degrees, as it splits the quadrant between the vertical stem and the horizontal base roughly in half."
B-angle-image20.jpg,15.0,,"The red line tracing the camera body slopes downwards relative to the horizontal reference line. Visually, the angle is acute and shallow, appearing to be roughly one-fifth of a right angle (90/5 = 18).",30.0,,"The marked angle is between the bottom edge of the security camera and a horizontal reference line. By visual inspection, the angle appears to be roughly one-third of a right angle, which corresponds to approximately 30 degrees."
B-angle-image3.jpg,45.0,,"The image shows a metal X-frame object resting on the ground with an orange wedge spacer at the base. This type of wedge is a standard tool used in engineering and robotics (like FIRST Robotics) to create a specific incline. Such spacers are commonly manufactured in standard angles like 30, 45, or 60 degrees. Visually, the orange wedge appears to be an isosceles right triangle, which corresponds to a 45-degree angle. Additionally, the angle of the X-frame leg supported by the wedge appears to be roughly 45 degrees relative to the horizontal ground plane.",45.0,,"The image shows a metal structure consisting of two crossed beams on the ground. A red marker is placed at the base of one of the beams to indicate the incline angle. Based on the visual perspective and the common use of standard 45-degree markers in such construction or survey settings, the incline angle of the beam relative to the horizontal ground is estimated to be approximately 45 degrees."
B-angle-image4.jpg,30.0,,"The red mark near the base of the green tarp consists of two lines forming an angle with the ground. Visually, the upper line rises from the horizontal ground at an acute angle. Comparing it to standard angles, it appears to be approximately one-third of a right angle, which corresponds to 30 degrees.",47.0,,"The red lines indicate the angle between the metal pole and the ground reference line. Visually, this angle is slightly greater than 45 degrees, appearing to be approximately 47 degrees."
B-angle-image5.jpg,15.0,,"The image shows a long white board leaning from the floor towards the wall in the background. The perspective indicates the board starts near the foreground and extends back against the far wall. The red marker indicates the angle of inclination relative to the floor. Based on the visual proportions, the horizontal distance (run) appears to be several times larger than the vertical height (rise). The board extends significantly along the length of the corridor (likely 5+ meters) and reaches a height perhaps 1-1.5 meters. A rise of ~1.5m and run of ~5-6m results in an angle of approximately arctan(1.5/6) ≈ 14 degrees. The stairs on the left provide a steeper reference (typically ~30-35 degrees), and the board is noticeably shallower. Therefore, a value around 15 degrees is a reasonable estimate.",72.0,,"The white board is leaning against the wall at a steep angle. The height it reaches on the wall is significantly greater than the horizontal distance from the base of the board to the wall. Visually, the angle formed with the floor appears to be approximately 72 degrees."
B-angle-image6.jpg,90.0,,"The image shows a horizontal red line drawn across the window, intersecting a vertical window frame (mullion). The red line is horizontal and the mullion is vertical, forming a perpendicular intersection. Additionally, the railing in the foreground consists of horizontal rails and a vertical post, which also form a 90-degree angle. The white markings on the glass (X, K, V shapes) and the architectural elements (windows, walls) all align with orthogonal (90-degree) geometry.",180.0,,"The image shows a single red line segment marked on the glass surface. Based on the prompt requesting the angle formed by two marked segments/edges and the appearance of a single straight red line, it can be interpreted as a straight angle of 180 degrees, as no other intersecting red lines or arcs are clearly visible to define a different angle."
B-angle-image7.jpg,36.0,,"The image shows a staircase under construction with a metal railing. A red horizontal line is drawn near the bottom of the railing assembly, and a black arc indicates the angle between this horizontal reference line and the sloping white handrail/beams. Visually, the slope of the stairs and railing is steeper than 30 degrees but less than 45 degrees. Standard stair inclinations typically range from 30 to 40 degrees. Comparing the riser height to the tread depth of the concrete steps, the ratio suggests an angle around 35-40 degrees. The slope appears to be approximately 36 degrees.",33.0,,"The marked angle is between the diagonal railing and the horizontal line of the step. Standard staircase angles typically range between 30 and 37 degrees. Visually, the run of the step is longer than the rise, suggesting an angle less than 45 degrees, approximately 33 degrees."
B-angle-image8.jpg,30.0,,,80.0,,"The image shows a red slope measuring tool leaning against a wall on a tiled floor. The angle of the tool's upright bar relative to the horizontal ground is quite steep, appearing to be around 80 degrees."
B-angle-image9.jpg,10.0,,"The red triangle at the base of the curved structure marks an angle relative to the ground. The structure appears to be a low incline, slope, or the base of a curved architectural feature (like an arch or retaining wall). The red triangle is small and acute, indicating a shallow angle with the horizontal ground plane, likely around 10 degrees, which is typical for a gentle ramp or slope. The perspective makes the feature look taller, but the marked angle specifically indicates the local incline at the base.",70.0,,"The sculpture is leaning at a steep angle relative to the ground. Estimating the angle from the horizontal ground to the base of the sculpture, it appears to be approximately 70 degrees."
B-fit-image1.jpg,,True,,,True,"The red-marked object is a flat wooden board, while the blue-marked object is a hollow wooden box. Comparing their relative sizes, the dimensions of the board are smaller than the interior dimensions of the box, and its thickness is negligible compared to the box's depth. Therefore, the board can easily fit inside the box."
B-fit-image2.jpg,,True,"The red-marked object is a long, flexible hose or cable that is currently spread out on the floor. The blue-marked container is a bucket. Although the hose takes up a large area in its loose, coiled state, the prompt allows for deformation including folding and bending. Given that the hose is thin and flexible, it can be compacted into a tight coil. The total volume of the hose material is much smaller than the volume of the bucket, meaning it can easily be stored inside the container.",,True,"The red-marked object is a flexible hose/tubing, which can be tightly coiled. The blue-marked container is a construction bucket. Given the flexibility of the hose and the volume of the bucket, the hose can be folded and coiled to fit inside the container."
B-fit-image3.jpg,,False,"The red object is a pair of eyeglasses, which has a rigid frame with lenses. The width of the eyeglass frame (lens span) is typically around 13-15 cm, and the individual lens width is around 4-5 cm. The blue-marked object appears to be a broken piece of conduit or pipe. Comparing the sizes, the diameter of the pipe opening (blue box) is roughly 1/3 to 1/2 the width of the eyeglasses. This suggests a pipe diameter of roughly 1-2 inches (2.5-5 cm). Even with significant folding of the temples, the rigid lenses themselves (approx 4-5 cm wide) are likely wider than the opening of a standard conduit (which looks like 1/2 inch or 3/4 inch based on the size comparison). Passing the rigid lenses through a smaller opening without destroying them is impossible.",,True,"The red-marked object is a pair of glasses, which can be folded at the temples. The blue-marked opening is a circular cross-section of a pipe. When folded, the smallest cross-sectional dimension of the glasses (roughly the width of one lens and the thickness of the frame) is significantly smaller than the diameter of the pipe opening, allowing them to be inserted longitudinally."
B-fit-image4.jpg,,True,"The red object appears larger than the blue opening in the image, but this is likely due to perspective as the red object is closer to the camera. Physically, the object's diameter is likely smaller than the hole, allowing it to fit through.",,True,"The object in the red box is a rolled-up sheet of paper or thin cardboard. The opening in the blue box is a circular hole that appears to be larger than the diameter of the rolled object. Furthermore, the object is flexible and can be flattened or compressed (deformed) to fit through the opening even if it were slightly larger."
B-fit-image6.jpg,,True,"The red object is a long, flexible, and deformable strip. Although it is currently laid out flat and is wider than the blue circular hole, its flexibility allows it to be folded, rolled, or bent into a small cross-section. Therefore, it is physically possible to deform the object enough to fit it through the opening.",,True,"The red-marked object is a long, thin, and flexible strip of material. The blue-marked opening is an oval hole. Since the width of the strip is smaller than the diameter of the hole and the strip is flexible, it can be bent and pushed through the opening lengthwise."
B-liquid_volume-image1.jpg,125000.0,,"The object is a padded plyometric box (plyo box) commonly found in gyms. Based on its appearance relative to surrounding gym equipment like the workout bench and elliptical machine, as well as the floor planks, it appears to be a standard cube shape. A typical size for such a box is around 20 inches (approx. 50 cm) per side, or possibly 24 inches (60 cm). Comparing it to the bench seat (approx. 45-50 cm wide), the box appears slightly wider, suggesting around 50-60 cm. The markings on the side edge (blurry white text) might indicate a height or size specification like '50'. Assuming a dimension of roughly 50 cm x 50 cm x 50 cm (or 51 cm to account for padding), the volume is approximately 125,000 cm³ or 125,000 mL. If it were slightly larger (60 cm), it would be ~216,000 mL. Given the visual comparison, 50 cm is a reasonable estimate for a medium/large soft box. Let's assume a slightly larger size of 55 cm to be safe, or stick with the standard 60cm (24 inch) which is very common for 'large' boxes. Actually, looking again, the box looks quite substantial. The distance to the elliptical suggests perspective is compressing the background. Let's re-evaluate the 60cm estimate. If it's 60x60x60 cm, volume is 216,000 mL. If 50x50x50 cm, volume is 125,000 mL. The box looks wider than the bench seat. Bench seat is ~46cm. So box > 46cm. Likely 50cm or 60cm. Let's guess 55cm for an average. 55^3 = 166,375. Let's round to a standard value. Common sizes are 24x24x24 (60cm). Let's go with 216,000 mL as a robust estimate for a large box, but 125,000 mL is also very plausible. Let's look at the '1000' marking again. If it's a '1000' volume box? No, that's 1 liter. Too small. If it's '5000'? No. Let's assume 60cm side length. Calculated volume: 0.6 * 0.6 * 0.6 * 1,000,000 = 216,000 mL. Let's refine to a slightly more conservative 55cm side. 55^3 = 166,375. Let's provide 166375. Or just 150000. Let's go with the 24 inch standard. 60cm. 216000. Wait, the red box includes the whole box. The box has diagonal lines? No, it's a surface pattern. The corners are soft. Let's estimate 50 cm as a safe median. 50^3 = 125,000. This feels right for a 'soft' box which are often smaller than hard boxes. Let's go with 125000.",216000.0,,"The object is a plyometric box, which typically has dimensions around 60 cm (24 inches) per side for a cubic model. Calculating the volume as a cube: 60 cm * 60 cm * 60 cm = 216,000 cubic centimeters. Since 1 cm^3 equals 1 mL, the estimated volume is 216,000 mL."
B-stability-image10.jpg,5.0,,"The object is a tape dispenser placed on a wooden table. Based on the perspective, the dispenser is positioned near the front edge of the table. The visible section of the table surface in front of the dispenser is small, suggesting a margin of safety of approximately 5 cm before the object would tip over the edge.",4.0,,"The tape dispenser is already partially hanging over the edge of the table. Estimating the width of the dispenser base to be approximately 15 cm, and observing that about 3-4 cm of the base are already off the table, it can move another 3-5 cm before its center of gravity passes the edge and it tips over."
B-stability-image11.jpg,1.0,,"The stack is constructed in a spiral pattern where each block shifts to the right, creating a significant lean. This configuration makes the tower top-heavy and unstable. The center of gravity is already displaced towards the right edge. Adding just one more block on top would further increase the height and shift the center of gravity even more, causing the tower to tip over almost immediately.",1.0,,"The stack is already leaning significantly to the left, and the center of gravity is approaching the edge of the base block. Adding one more block in the same shifted pattern will likely move the overall center of mass beyond the footprint of the bottom block, causing the stack to fall."
B-stability-image12.jpg,2.0,,"The object is a wooden star standing on a small base (likely a point or a small edge) on the table. It appears to be balanced precariously, possibly leaning slightly. The stable support area is very small, meaning the center of gravity is near the edge of the base. Any small lateral movement would cause it to tip over. Given the visual precariousness and the small contact area, the tipping distance is likely small, around 1-3 cm.",1.0,,"The wooden star is balancing on two points. Because the points of contact are narrow, the object has very little lateral stability. A small shift in the position of its center of mass—likely only a few millimeters to a centimeter—perpendicular to the line connecting the two base points would cause it to tip over."
B-stability-image13.jpg,5.0,,"The structure appears to be a stack of wooden blocks resting on a table. The right side of the bottom plank is positioned very close to the edge of the table (visible in the foreground). The structure is stable to the left as the long plank extends further back onto a surface. The limiting factor for movement is likely the table edge on the right. Visually, the gap between the right end of the plank and the table edge is small, estimated at a few centimeters. Assuming the structure can be moved laterally until it tips off this edge, the distance is approximately 5 cm.",1.0,,"The structure consists of two bottom blocks and two stacked top blocks. The bottom-left block is significantly overhanging the table's edge. The center of mass of the entire assembly is approximately located near the vertical seam where the two bottom blocks meet. This seam is currently positioned slightly inward from the table edge. Based on the visual perspective, moving the structure further to the left by approximately 1 cm would likely shift the center of mass past the support edge, causing the structure to tip."
B-stability-image14.jpg,45.0,,"The structure can be modeled as a rigid block (ladder) resting on a horizontal surface (the base block) and leaning against a vertical surface (the two vertical blocks). Instability occurs when the block begins to slip. For a block of length L and angle \theta (marked in the image, relative to the horizontal), the critical angle depends on the coefficient of friction \mu of the wood. The condition for slipping involves balancing forces and torques. For wood on wood, a typical coefficient of friction is around 0.4 to 0.5. Using the formula for the critical angle \theta_c where slipping occurs is approximately \tan(\theta_c) \approx (1-\mu^2)/(2\mu). For \mu=0.5, \theta_c \approx 37^\circ. For \mu=0.4, \theta_c \approx 45^\circ. Visually, the current angle is around 60-70 degrees, which is stable. The angle it would have to be to become unstable is roughly 45 degrees (or lower).",45.0,,"The structure consists of a wooden block leaning against another. This is a classic physics problem where stability depends on the coefficient of friction between the wood surfaces. Instability (sliding) typically occurs when the angle with the base decreases below a critical threshold. For typical wood-on-wood friction coefficients, this critical angle is often estimated around 45 degrees."
B-stability-image15.jpg,2.5,,"The wooden structure inside the red bounding box is an L-shaped assembly (horizontal base with a vertical block on the end). It appears to be resting on a table. The vertical block is positioned near the far end of the horizontal block, potentially creating a moment or overhang situation. Assuming the question asks for the lateral movement distance (e.g., towards a table edge or tipping point) before instability, the structure looks relatively stable but perhaps close to a tipping point given its placement. The blocks appear to be standard size (approx 5-10cm). The distance to instability is likely limited by the width of the base or the position of the center of mass. A small margin of around 2-3 cm seems plausible before it tips or falls off an assumed nearby edge.",30.0,,"The structure is an L-shaped wooden block resting stably on a flat table. For it to fall, it would either need to be tipped over (which would require moving the top part past the edge of the base, approximately 6-9 cm) or moved to the edge of the table. Looking at the image, the distance from the base of the block to the edge of the table is approximately 3-4 times the width of the block. Assuming the block width is around 8-9 cm, the distance to the table edge is roughly 25-35 cm. I will estimate the distance to the table edge as the primary movement that would lead to a fall."
B-stability-image2.jpg,0.0,,"The object inside the red bounding box is a wooden crate with a sliding lid (or moving panel). The lid is currently positioned at the far right edge of the openable track, fully exposing the interior opening on the left. The design of the crate implies that the lid slides along a guide, and it appears to be at the limit of this guide. Consequently, any further movement would likely cause the lid to detach from the track or fall out of the housing.",5.0,,"The wooden block is sliding out of the support box and is currently precariously balanced. The center of mass appears to be very close to the right edge of the support box. A small additional displacement, estimated at around 5 cm, would likely shift the center of mass beyond the support point, causing the block to tip and fall."
B-stability-image3.jpg,90.0,,"The object in the red box is a wooden structure composed of a horizontal plank and a vertical block, forming an L-shape. It is currently standing on the narrow edge of the vertical block, with the horizontal plank extending to the left. This configuration is top-heavy and unstable, as the center of mass is likely outside the narrow base of support (the vertical block's bottom edge), causing it to tip over. To make the object stable, it needs to rest flat on a larger surface area. Rotating the object approximately 90 degrees would lay it flat (vertical block on its side/bottom, horizontal plank flat on the floor), placing the center of mass well within the base of support.",90.0,,"The object is a T-shaped wooden structure currently balanced precariously on the bottom edge of its vertical member. Its center of mass is located well to the left of this pivot point, making it unstable. To reach a stable equilibrium, the object must be rotated until a larger surface area is in contact with the floor. The most immediate stable position is when the long horizontal member lies flat on the surface. Since the horizontal member is currently perpendicular to the vertical member (the pivot), a rotation of 90 degrees is required to place it flat on the table."
B-stability-image4.jpg,60.0,,"Based on visual estimation, the board appears to be a standard construction panel (likely 4x8 feet). The horizontal distance from the wall to the base appears to be approximately 1/2 to 2/3 of the panel's length, which corresponds to a steep incline. A 30-60-90 triangle would have a base of 1 and hypotenuse of 2 (or L = 2B), resulting in a 60-degree angle. The slope looks steeper than 45 degrees (which would have equal height and base) but consistent with a 60-degree angle.",45.0,,"The object is a white board leaning against a wall. For such an object to slide down, the angle with the floor must be less than a critical angle determined by the coefficient of static friction (μ). The critical angle for a ladder-like object is typically around θ_c = arctan(1 / (2μ)). For typical surface materials like painted wood or metal on concrete, μ is often around 0.5, which yields a critical angle of approximately 45 degrees. Based on a visual estimate of the stability of the current configuration, an angle of 45 degrees is a reasonable estimate for the threshold at which sliding would likely occur."
B-stability-image5.jpg,5.0,,"The object is a green cutting mat placed on a wooden surface. The mat is positioned close to the edge of the surface, which appears to be the horizontal line separating the upper wooden surface from the lower section. Visually comparing the gap between the bottom edge of the mat (indicated by the red box boundary) and the table edge to the ruler markings on the mat (where each small mark is likely 1mm or 1/16 inch), the gap appears to be roughly 2-3 inches wide. This corresponds to approximately 5 cm.",10.16,,"The cutting mat is partially overhanging the edge of the wooden table. Based on the markings on the mat, it appears that about 4 inches of the mat are hanging off the left side, while the remaining 12 inches are supported. The center of mass of the mat is located at approximately the 8-inch mark. For the mat to fall, its center of mass must move past the edge of the table (currently at the 12-inch mark). Therefore, it can be moved approximately 4 more inches to the left before it falls. 4 inches is approximately 10.16 cm."
B-stability-image6.jpg,0.0,,"The object inside the red bounding box is a green cutting mat lying flat on a wooden desk surface. It is fully supported by the table and is in a stable equilibrium. It will not fall unless pushed off the edge of the desk. Since it is resting flat and stable, the minimum distance it can be moved before falling (in terms of inherent instability) is effectively zero, as it is not in an unstable or teetering state.",1.0,,"The green cutting mat is bridging two wooden tables. It is positioned very close to the right edge of the right-hand table and almost flush with the front edge of both tables. A small movement to the right, approximately 1 cm, would cause it to lose its support on the right table, significantly destabilizing it and potentially causing it to fall or tip."
B-stability-image7.jpg,15.0,,"The object is a calculator resting on a cardboard/paper ramp. The angle needed to start sliding is the angle of repose, which depends on the coefficient of static friction ($\mu_s$) between the materials. For a calculator (plastic housing) on paper/cardboard, $\mu_s$ is typically around 0.3 to 0.4. The critical angle is $\theta = \arctan(\mu_s)$. $\arctan(0.3) \approx 17^\circ$ and $\arctan(0.4) \approx 22^\circ$. A reasonable estimate for the angle required to slide is around 15-20 degrees, given the materials and the fact that the current angle appears small and the object is stable.",25.0,,"The object is a plastic calculator on a smooth, hard surface. For such a pair of materials, the coefficient of static friction (mu_s) typically ranges from 0.3 to 0.6. The critical angle at which sliding begins is given by theta = arctan(mu_s). For mu_s = 0.46, theta is approximately 25 degrees. Given the visual appearance of the materials, 25 degrees is a reasonable estimate for the sliding threshold."
B-stability-image8.jpg,20.0,,"The image shows a sheet of material (red bounding box) resting on a table, with weights (blue bounding box) on one side. The sheet curls over the edge, suggesting it is balancing on the edge of the table. To make this balanced object fall (tip over the edge), its center of mass would need to cross the pivot point (the table edge). The weights are providing stabilizing torque. To make it fall, we would need to remove enough stabilizing weight to shift the center of mass. The question asks for the 'minimum weight' that can be taken off to cause this. Assuming the setup is precarious (as suggested by the curling/hanging state), the smallest available weight (20g) could be the minimum amount required to shift the balance enough to cause a fall. The weights listed are 20g, 20g, 50g, 100g. The smallest of these is 20g.",20.0,,"The cardboard structure is held down on the left side by four weights: 100g, 50g, 20g, and 20g. The cardboard is curved, creating a spring-like force that wants to push it off the table. To find the minimum weight that can be removed to cause it to 'fall' (lose stability and spring back), we look for the smallest weight in the set that could potentially trigger this failure if the system is near its stability limit. In most such physics-based balance problems of this type, if any removal causes failure, the smallest weight is the answer. Given the gentle curve and the distribution of weights, removing a 20g weight is the smallest change possible to the system's total mass."
B-stability-image9.jpg,20.0,,"Based on the visual stability of the object (a flexible sheet suspended or draped over a gap) and the provided weights (10g, 20g, 20g, 50g, 100g), the question asks for the minimum weight to destabilize it. A 'fall' implies overcoming the static friction or balance holding the sheet in place. Given the sheet's substantial sag and apparent mass, a weight of 10g is likely insufficient to overcome the friction with the table edges (which seems robust based on the visual). 20g is a plausible threshold for such an experiment where the system is marginally stable or requires a small tipping force. The object is thick and heavy, suggesting high friction, so a larger weight (like 50g) might be needed for slipping, but 20g is a common 'minimum' test weight in such physics contexts.",100.0,,"The object in the red bounding box is a flexible black rubber-like sheet draped across two tables. To make such a sheet slip or 'fall' off the tables, a force must be applied to overcome the friction between the rubber and the table surface. Given the list of available small weights (10g, 20g, 20g, 50g, 100g), 100g is the most likely to provide sufficient additional tension to potentially cause the sheet to slide, especially if it is already significantly draped. Since the question asks for the minimum weight that *can* make it fall among the choices, and the sheet is likely relatively stable due to the high friction of rubber, 100g is the most plausible candidate from the provided list."
B-weight-image1.jpg,1000.0,,"The image shows a set of woven rattan items, likely small stools or footrests, arranged in a clover shape. Based on the surrounding floor tiles (appearing to be standard 30-50cm square tiles) and a nearby cardboard box for scale, the individual leaves are roughly 25-30cm in diameter. If these are separate woven objects (loot baskets), 4 items of this size would weigh around 200-300g each, totaling roughly 1000g. If it is a single multi-lobed stool, a piece of this size (approx 40-50cm wide) typically weighs between 1-1.5 kg. A safe estimate falls around 1000g to 1200g. 1000 seems a reasonable lower bound for the assembly.",1000.0,,"The image shows four woven natural fiber (likely seagrass or water hyacinth) placemats. Based on their size relative to the floor tiles, each placemat is likely around 30-35 cm in diameter. A typical woven placemat of this type weighs approximately 250 grams. For four such items, the total estimated weight is 250g * 4 = 1000g."
B-weight-image2.jpg,9000.0,,"The image shows a standard black mesh and fabric office chair with armrests and casters. Based on typical furniture weightings for this style, an office chair of this type usually weighs between 5 to 10 kilograms. Converting this to grams (1 kg = 1000 g), a mass of 9 kg corresponds to 9,000 grams, which is a reasonable estimate for this object.",15000.0,,"The object is a standard ergonomic office chair with a mesh back, plastic frame, and wheels. Typical weights for this type of chair range from 10 to 20 kg. An average estimate is approximately 15 kg, which is 15,000 grams."
B-weight-image3.jpg,5500.0,,"The object is a portable active loudspeaker (PA speaker). Based on its dimensions relative to the surrounding furniture (approx. 25-30cm wide, 35-40cm tall), it corresponds to a 10-inch to 12-inch speaker model. These types of powered speakers typically weigh between 4 kg and 7 kg depending on the driver size and build materials. A standard 10-inch model often weighs around 4.5-5 kg, while a 12-inch is closer to 6-7 kg. This speaker appears to be a mid-size portable PA unit.",20000.0,,"The object in the red bounding box is a professional portable PA speaker (likely an Ahuja brand speaker). Based on its size and typical construction materials (plastic/composite housing, internal amplifier, and large speaker driver with a heavy magnet), such speakers usually weigh between 15 and 25 kilograms. A reasonable estimate for a unit of this scale is approximately 20 kilograms."
B-weight-image4.jpg,2000.0,,"The object is a rubber exercise ball (medicine ball) resting on the floor. Based on its size relative to the nearby gym equipment leg (estimated diameter around 50-55 cm), typical rubber stability balls of this size (uninflated or air-filled with a rubber shell) usually weigh between 1.5 kg and 3 kg. Given the thickness of the shell and the texture, a weight of approximately 2 kg is a reasonable estimate.",6000.0,,"The object is a medicine ball, specifically a slam ball from the brand Trux. Based on its typical size and construction for fitness equipment, a common weight for such a ball is around 6kg."
B-weight-image5.jpg,4000.0,,"The object is a rubber medicine ball or slam ball. Based on its visual size relative to the floor planks and adjacent gym equipment, it appears to be a medium-sized ball with a diameter of approximately 18-20 cm. Rubber medicine balls of this size typically weigh between 3 kg and 5 kg. A weight of 4 kg (4000 grams) is a very standard size for a ball of this proportion.",4000.0,,"The object is a medicine ball (slam ball), which typically weighs between 2kg and 10kg in a gym setting. Based on its size relative to the environment, it appears to be a standard 4kg ball."
M-angle-image1.jpg,135.0,,"The image shows an adjustable weight bench set to an incline position. The seat pad is horizontal, and the backrest is inclined upwards and backwards. Standard adjustable benches typically have increments of 30°, 45°, 60°, etc. The backrest appears to be set at a 45° incline relative to the horizontal seat surface. Therefore, the interior joint angle between the seat and the backrest is 180° - 45° = 135°. The red arc visually supports this, spanning an obtuse angle roughly three-quarters of a right angle (45°) past 90°.",135.0,,"The image shows an adjustable weight bench with the backrest set at an incline. The seat is approximately horizontal, and the backrest is angled upwards at roughly 45-50 degrees from the horizontal. The marked angle between the backrest and the seat is therefore an obtuse angle, approximately 180 - 45 = 135 degrees."
M-angle-image10.jpg,15.0,,"The image displays a 3D printer enclosure, likely a Prusa i3 MK3S+ model, featuring a slanted front viewing window. The red line marks the top edge of this slanted section. By comparing the slope to the vertical frame posts and the background steps (which are typically around 15-20 degrees), the incline appears to be a gentle angle, consistent with typical viewing window designs for such enclosures to allow observation while protecting the machine. The angle is visibly less than 30 degrees and appears to be roughly 15 degrees.",20.0,,"The red line is located on the slanted top surface of the 3D printer enclosure. By comparing the slope of this top surface (to which the red line is roughly parallel) with the horizontal ground, the incline angle appears to be approximately 20 degrees."
M-angle-image11.jpg,80.0,,"The image shows computer stands, likely Apple iMacs or similar all-in-one PCs. The red lines mark an angle at the base of a stand. One line is horizontal along the desk surface. The other line follows the curve of the stand's neck/base, pointing upwards. The stand appears nearly vertical but slightly tilted or curved. Based on visual estimation, the angle is close to vertical but slightly less than 90 degrees, typical for ergonomic setups or the natural curve of the stand base transitioning to the neck. The angle looks to be around 80 degrees.",20.0,,"The marked angle is between a vertical reference line (perpendicular to the desk surface) and the inclined leg of the monitor stand. Observing the slope, the leg is quite steep, making a small angle with the vertical. This angle appears to be approximately 20 degrees."
M-angle-image12.jpg,25.0,,"The image shows a wire hanger lying on a wooden slat chair. There is a faint red line marked near the shoulder area of the hanger, likely indicating the angle of the arm/shoulder. Standard wire hangers have arms that slope upwards towards the hook at an angle of approximately 20-30 degrees relative to the horizontal base. Visually estimating the angle of this upper section relative to the parallel slats of the chair (which serve as the local horizontal reference), the incline appears to be around 25 degrees.",15.0,,"The image shows a wooden slatted chair seat that is inclined relative to the ground. By estimating the angle of the seat's surface against the reference of the floor tiles and the overall design of the lounge chair, the incline angle is approximately 15 degrees."
M-angle-image13.jpg,90.0,,"The image shows a luggage rack or garment rack. The red highlight is on the top left corner of the top horizontal frame. This corner connects the top horizontal bar to the vertical side tube of the frame. In such rectangular frames, the corners are typically right angles (90 degrees).",90.0,,"The highlighted red area marks a bend in the metal frame of the drying rack. The bend connects a horizontal top rail to a side rail that descends almost vertically. Visually, this angle is very close to a right angle."
M-angle-image2-pov2.jpg,120.0,,"The red line highlights the junction between the seat pad and the backrest of the adjustable bench. Visually, the backrest is set to a steep incline, likely around 60-75 degrees relative to the horizontal floor. The seat appears roughly horizontal (or slightly inclined). The interior angle at the joint (the angle between the seat surface and the backrest surface) would be supplementary to the backrest's angle of inclination. If the backrest is at ~60-70 degrees, the interior angle is 180 - (60 to 70) = 110 to 120 degrees. Estimating from the visual geometry, the angle looks obtuse, closer to 120 degrees than to 135 or 90.",130.0,,"The marked joint is between the seat and the backrest of an adjustable gym bench. The backrest is angled back from the seat, creating an obtuse angle. Estimating the angle from the seat surface to the backrest surface, it appears to be approximately 130 degrees."
M-angle-image2.jpg,135.0,,"The angle marked by the red line is the joint angle between the seat and the backrest of an adjustable weight bench. The bench is set to an incline position, where the backrest is tilted backwards. Visually, the backrest appears to be at approximately a 45-degree angle relative to the vertical (or 45 degrees from the horizontal plane), which corresponds to a standard incline setting. Therefore, the obtuse angle between the horizontal seat and the inclined backrest is roughly 90 degrees + 45 degrees = 135 degrees.",140.0,,"The marked angle is the interior angle between the inclined backrest and the horizontal seat of the weight bench. The backrest is tilted away from the seat, creating an obtuse angle. Visually, this angle appears to be approximately 140 degrees, which is a typical setting for an incline bench."
M-angle-image3.jpg,135.0,,"The image displays a piece of gym equipment, likely a leg curl machine, with a reclined seat assembly. The red horizontal line serves as a reference. The angle at the joint where the seat back (the long padded section) meets the seat base appears to be an obtuse angle. Visually, the seat back is inclined at roughly 45 degrees relative to the horizontal (or vertical), which corresponds to a joint angle of approximately 135 degrees (180 - 45).",115.0,,"The angle is formed by a horizontal reference line and a line following the incline of the gym equipment's backrest. The backrest is tilted back at an angle of approximately 60-70 degrees from the horizontal plane below it. Measuring the obtuse angle from the horizontal line to the right and the backrest line going up-left, the angle is approximately 115 degrees."
M-angle-image4.jpg,45.0,,"The highlighted point is the hinge joint of an adjustable weight bench. The bench is set to an incline position. Visually, the angle of the bench backrest relative to the horizontal floor (or the 'bend' from the flat position) appears to be approximately 45 degrees, which is a standard setting for these benches. If measuring the interior joint angle between the front frame and the bench body, it would be roughly 135 degrees (180 - 45). Given the term 'bend angle', the inclination/deflection angle is the most likely intended measurement.",140.0,,"The red mark highlights the joint between the seat and the backrest of the weight bench. The seat is roughly horizontal, and the backrest is inclined at an angle of approximately 40 degrees from the horizontal. Therefore, the interior angle between the two surfaces is approximately 180 - 40 = 140 degrees."
M-angle-image5.jpg,0.0,,"The red line marked near the top center of the image (above the clear plastic house structure) is horizontal. It appears to be a reference line or a measurement indicator. Since it is parallel to the ground/reference line, the incline angle is 0 degrees.",60.0,,"The most prominent inclined surface is the central wooden board supporting the decorative elements. Estimating the angle of this board's plane relative to the horizontal ground, it appears to be approximately 60 degrees."
M-angle-image6.jpg,5.0,,"The red line marks a small wooden ramp section adjacent to the clear plastic box. Visually, this ramp has a very slight incline relative to the horizontal ground. The slope appears shallow, not steep like 45 degrees, but certainly not flat like 0 degrees. Based on typical marble run ramps and visual estimation of the angle, it looks to be around 5 degrees.",0.0,,"The 'marked incline' likely refers to the bright red platform, as it is the most visually distinct (marked by color) linear feature that could be considered an incline. Observing the red platform relative to the horizontal base of the image, it appears to be nearly horizontal, with a very slight downward slope to the right, which is common for ramps in such structures. The angle is approximately 0 degrees."
M-angle-image7.jpg,60.0,,"The image shows a clear plastic container with a triangular prism top section, resembling a house or tent shape. The red highlight marks the apex angle at the very top peak where the two slanted roof parts meet. Visually, the angle appears to be an acute angle, consistent with a standard triangular prism construction often found in engineering kits or toys. It looks sharper than a 90-degree angle, likely around 60 degrees, suggesting an equilateral triangle cross-section.",90.0,,"The image shows a complex sculpture with several structural joints. Without a clearly marked highlight, the most prominent and standard joints, such as the junction between the red horizontal platform and the vertical wooden support on the right, appear to be at a right angle."
M-angle-image8.jpg,90.0,,"The marked point is at the joint where the horizontal arm (carrying the red pad) connects to the vertical support structure. Visually, the arm extends horizontally perpendicular to the vertical post, indicating a right angle. Additionally, the small red mark drawn looks like a right-angle symbol (a corner with a perpendicular tick).",165.0,,"The marked bend is a very slight angle between a horizontal line and a short downward-sloping segment. The deflection from a straight line is small, approximately 15 degrees, which makes the interior angle about 165 degrees."
M-angle-image9.jpg,90.0,,"The red string marks the junction on the black metal frame where the vertical support transitions into the horizontal armrest. Visually, this junction forms a right angle, typical for chair armrests, connecting a vertical element to a horizontal one.",135.0,,"The user is asking for a bend/joint angle at a highlighted point, although no explicit highlight is visible. Based on the structure of the chair, the most prominent joint is the bend in the backrest frame where it transitions from the back support to the armrest. Estimating the angle of this obtuse bend, it appears to be approximately 135 degrees."
M-fit-image10-pov2.jpg,,True,"The red object appears to be a thin, flexible sheet of paper or cardstock. The blue object is the opening of a yellow funnel. Since the prompt allows for deformation including folding and bending, the flexible red object can easily be folded, crumpled, or rolled into a shape with a small enough volume to fit inside or pass through the funnel's opening.",,True,"The red-marked object is a thin, flexible piece of material (likely paper or thin plastic), while the blue-marked object is a conical holder with a circular opening. Because the red object is flexible, it can be folded, rolled, or simply inserted linearly through the opening."
M-fit-image10-pov3.jpg,,True,"The red object appears to be a thin, flat piece of paper or plastic. The blue object is a yellow cup with a relatively wide opening. Since the prompt allows for deformation including folding and bending, the thin flat object can easily be manipulated (folded or bent) to fit through the opening of the cup.",,True,"The red-marked object is a piece of white paper, which is highly flexible and can be rolled or folded. The blue-marked object is a yellow conical piece with a circular opening. Because paper can be deformed by rolling it tightly, it can easily fit through the opening of the conical object."
M-fit-image10.jpg,,True,"The red-marked object is a flat, L-shaped piece of paper or thin cardstock. The blue-marked object is a funnel with a wide circular opening (the mouth). Because the red object is thin and two-dimensional, it can easily be tilted or folded (as permitted by the deformation allowance) to pass through the wide opening of the yellow funnel.",,True,"The red-marked object is a thin, flexible piece of white material (likely paper or plastic). The blue-marked object is a yellow funnel with a circular opening. Because the white material is flexible, it can be folded or rolled into a narrow cylinder with a diameter small enough to pass through the opening of the funnel."
M-fit-image11-pov2.jpg,,False,"The red-marked object appears to encompass the entire assembly, including the tape roll (which contains the blue-marked opening). An object containing the roll cannot fit through the hole in the roll itself. Even if the red object refers only to the cloth, the large, stiff fabric is significantly larger than the small hole in the tape roll, and while flexible, fitting it through would require extreme folding that likely isn't considered 'fitting' in this context, or the object effectively behaves as a rigid mass relative to the tiny aperture.",,True,"The red-marked object is a piece of fabric, which is highly flexible. It can be folded, rolled, or bunched up into a small enough size to easily fit through the small circular opening of the tape roll marked in blue."
M-fit-image11.jpg,,True,"The red-marked object is a piece of flexible fabric (likely a bag or garment). Although its unfolded dimensions are significantly larger than the circular opening marked by the blue box, flexible materials can be easily folded, rolled, or compressed. By folding the fabric into a smaller bundle, it can easily pass through the opening.",,True,"The red-marked object is made of fabric, which is highly flexible and can be folded or rolled. The blue-marked opening is the center of a roll of tape. By rolling or folding the fabric tightly, it can easily fit through the opening."
M-fit-image12.jpg,,True,"The red object appears to be a plastic container (possibly a food storage tub or butter dish). The blue marking outlines a piece of cardboard with cutout holes. While the object's current dimensions might be too large for a single hole without adjustment, the prompt allows for deformation (folding, bending). Plastic containers of this type are often flexible enough to be flattened or squeezed to fit through smaller openings, and even if rigid, the prompt's condition implies we should consider if it's *possible* to maneuver it through (e.g., by folding it flat). Given the allowance for deformation, a flexible or collapsible container can fit through the cutouts.",,True,"The white plastic object in the red box has dimensions (width and depth) that are smaller than the dimensions of the rectangular openings in the cardboard within the blue box. Therefore, it can fit through any of the three openings without requiring deformation."
M-fit-image13-pov2.jpg,,False,"The red object is a long, rigid triangular piece of material (likely wood or particle board) that is significantly taller and longer than the blue cardboard box. Even with folding, its dimensions are too large to fit inside the container.",,False,"The red-marked object is a rigid triangular piece of board. Its overall dimensions, especially its height, significantly exceed the dimensions of the blue-marked cardboard box. Since the board is made of a rigid material (likely particle board or similar), it cannot be folded or bent without being destroyed, making it impossible to fit inside the box."
M-fit-image13.jpg,,False,"The red object is a large, rigid-looking triangular sheet (likely foam board or stiff paper) that is significantly larger in overall dimensions than the small open cardboard box (blue object). While deformation is allowed, the material appears rigid and stiff, making it physically impossible to fold or bend it sufficiently to fit inside the small container without breaking or crushing it.",,True,"The red-marked object is a flat, triangular piece of material (likely foam board or thick cardboard), and the blue-marked object is a rectangular cardboard box. Although the triangle's overall dimensions appear slightly larger than the box's opening, the prompt allows for deformation such as folding and bending. Since the object is a flat sheet, it can be folded or bent to fit within the interior volume of the box without being destroyed."
M-fit-image14.jpg,,True,,,True,"The red-marked object is a water bottle, and the blue-marked container is a backpack. A standard backpack is designed to hold items such as water bottles, either in its main compartment or specialized side pockets."
M-fit-image15.jpg,,True,"The red object is a water bottle and the blue marking indicates a side pocket on the backpack. Side pockets on backpacks are typically designed to accommodate water bottles. Visually, the diameter of the bottle appears comparable to the width of the pocket opening. Since backpack material is flexible and can stretch, and the prompt allows for deformation, the bottle can fit into the pocket.",,True,"The red-marked object is a water bottle, and the blue-marked opening is a side pocket of a backpack. These pockets are specifically designed to hold water bottles and are typically made of elastic material that can expand to accommodate the diameter of the bottle."
M-fit-image16.jpg,,False,"The red object appears to be a pair of wired earphones or headphones with a thick braided cable and substantial earbuds. The blue object is a flat, small pouch or wallet. The volume and bulk of the tangled earphones (especially the earbuds and cable thickness) exceed the capacity of the flat, slim blue container, even allowing for some folding.",,True,"The red-marked object is a set of wired earphones, which are flexible and can be coiled or folded into a small bundle. The blue-marked object is a wallet, which typically has space to hold small items. Due to the deformability of the earphones, they can easily be coiled and placed inside the wallet."
M-fit-image17-pov2.jpg,,True,"The red-marked object is a cylindrical battery (appearing to be a Powercell AA battery). The blue-marked container is a battery slot within a keychain device. A battery of similar appearance is already installed in the blue slot. Based on visual comparison of the diameter and length, the dimensions of the red battery match the slot's requirements, indicating it is the correct battery type for the device.",,True,"The red-marked object is a standard cylindrical battery, and the blue-marked container is a battery compartment specifically designed to hold batteries of that size. Visually, the battery's diameter is smaller than the slot's width, and its length is compatible with the slot's height."
M-fit-image17.jpg,,False,"The red-object is a coin cell (button battery), identifiable by the ""Powercell"" brand and its flat, circular shape with a ""+"" sign on the top, typical of CR2032 or similar types. The blue-container is the battery compartment of a keychain multimeter, which is designed to hold a standard cylindrical battery (AA or AAA). The diameter of the coin cell (~32mm) is significantly wider than the diameter of the AA/AAA slot (~14mm/10mm), making it impossible to fit inside.",,True,"The red-marked object is a standard AAA battery, and the blue-marked container is a battery compartment specifically designed to hold two AAA batteries. The dimensions of the battery match the dimensions of the slot in the compartment."
M-fit-image18-pov2.jpg,,True,"The red-marked object is an Eveready AA battery. The blue-marked area is the battery compartment of a flashlight keychain, which appears to be designed for AA batteries (similar to the one already installed inside the slot). The dimensions of the battery in the red box match the slot width and height shown in the blue box.",,True,"The red-marked object is a battery, and the blue-marked container is a battery compartment specifically designed to hold batteries of that same size and type. Comparing their dimensions and the existing batteries in the compartment, the red-marked battery will fit perfectly into an available slot."
M-fit-image18.jpg,,True,"The red-marked object is a AA battery. The blue-marked area is a battery compartment slot inside the keychain tool. The dimensions of the battery (length and diameter) match the slot perfectly, indicating they are designed to fit together.",,True,"The red-marked object is a battery that is identical in size and shape to the batteries already installed in the device. The blue-marked container is a battery slot specifically designed to hold this type of battery. Therefore, the battery will fit into the slot."
M-fit-image19.jpg,,True,"The red object consists of earphones with a braided cable. While the cable is long, it is highly flexible and can be coiled tightly. The blue object is a cup with enough volume relative to the mass of the cable to contain it, provided the cable is folded or coiled inside. The earbuds themselves are small enough to fit within the width of the cup. Therefore, with deformation (folding/coiling), the object fits.",,True,"The object in the red box consists of earphones with a flexible braided cable. This cable can be coiled and folded tightly, and the earphone buds themselves are small. Given the size of the clear plastic container in the blue box, the coiled earphones would easily fit inside it."
M-fit-image2.jpg,,True,"The red object is a woven mat or rug that appears flexible. Although its flat dimensions seem larger than the bucket's opening, the prompt allows for deformation such as folding. If the mat is folded or rolled up, it can easily be compressed into a smaller volume and fit inside the blue bucket.",,True,"The red-marked object is a piece of flexible woven fabric, which can be easily folded or rolled. The blue-marked object is a plastic bucket. Because the fabric is flexible and its overall volume is much smaller than the internal volume of the bucket, it can easily fit inside when folded."
M-fit-image21.jpg,,True,"The red-marked object is a long, flexible charging cable coil. The blue-marked object is a wallet held in a hand. While the cable is currently coiled and taking up a larger area, its material is highly flexible. With deformation (folding, coiling tightly), the length of the cable can be significantly reduced, allowing it to fit inside the pocket of the wallet.",,True,"The red-marked object is a flexible charging cable, which can be easily coiled or folded. The blue-marked container is a wallet. Because of the cable's flexibility, it can be folded small enough to fit inside the wallet."
M-fit-image22.jpg,,True,"The red object is a large, flexible sheet of paper. Although it is much larger than the small circular blue opening, paper can be folded, rolled, or compressed into a smaller shape (like a tight roll or accordion fold) that can fit through the hole.",,True,"The red-marked object is a piece of paper, which is highly flexible. It can be rolled or folded into a very small diameter, allowing it to easily fit through the circular opening of the blue-marked nozzle."
M-fit-image23.jpg,,False,"The red object is a large, relatively stiff floor mat. The blue object is a small trash can. Even with folding or rolling, the mat is too large and rigid to fit physically inside the limited volume of the small trash can, especially given the trash can's shallow depth.",,True,"The red-marked object is a thin, flexible artificial grass mat, and the blue-marked object is a cylindrical trash can. Since the mat can be folded or rolled up, its volume can be compressed to fit within the dimensions of the trash can."
M-fit-image4.jpg,,False,"The red-marked object is a large plastic shopping bag, which spans a significant portion of the image and appears to be over a square meter in area based on the paving stones. The blue-marked object is a small cup or container, appearing to be roughly 10cm in diameter. Even with significant deformation like folding and crumpling, the volume and bulk of the large bag are too great to fit inside such a small container.",,True,"The red-marked object is a plastic bag, which is highly flexible and can be folded or crumpled into a very small size. The blue-marked object is a cup. A crumpled plastic bag can easily fit inside a cup."
M-fit-image5-pov2.jpg,,,,,True,"The red-marked object is a flexible garden hose, which can be coiled or folded. The blue-marked container is a plastic pot. Due to the hose's flexibility, it can be wound into a tight coil and placed inside the pot."
M-fit-image5.jpg,,True,"The red-marked object is a long, flexible garden hose. The blue-marked container is a black basin that appears to have significant volume. Since the hose is flexible and can be coiled and folded, its volume when compressed would be much smaller than the capacity of the container. Therefore, the hose can fit inside the container.",,True,"The red-marked object is a flexible garden hose, which can be coiled or folded. The blue-marked object is a plastic container with enough volume to hold the coiled hose, as the total volume of the hose material is significantly less than the interior volume of the container."
M-fit-image6.jpg,,False,"The object in the red box is a long, coiled garden hose. The container in the blue box is a small orange plastic bucket (labeled Tide). The hose is significantly longer and bulkier than the small bucket, so it cannot fit inside it even with deformation.",,False,"The red-marked object is a garden hose, which is long and has a significant total volume. The blue-marked object is a small plastic container. While the hose is flexible and can be coiled or folded, its total volume appears to exceed the capacity of the small container, making it unlikely to fit completely inside."
M-fit-image7.jpg,,True,,,True,"The red-marked object is a flexible, thin strip of fabric or paper. The blue-marked object has a wide circular opening at the top. Since the width of the strip is significantly smaller than the diameter of the opening and the strip is flexible, it can easily be inserted through the opening."
M-fit-image8-pov2.jpg,,True,"The red-marked object is a flexible, flat black sheet that can be folded or bent. The blue-marked area contains a statue of hands with a gap between them. While the unfolded sheet is larger than the gap, its flexibility allows it to be deformed into a thin strip that can pass through the opening between the hands.",,True,"The red-marked object is a flexible sheet of rubber that can be rolled or folded. The blue-marked area is a sculpture with a gap between the hands. Because the rubber sheet is highly deformable, it can be rolled up tightly enough to fit through the opening in the sculpture."
M-fit-image8.jpg,,True,"The red-marked object is a flat, flexible sheet lying on the table. The blue-marked area highlights a sculpture of hands that are cupped to form a narrow opening. Since the sheet is flexible and the prompt allows for deformation (like folding), the sheet can easily be folded and threaded through the gap created by the hands.",,True,"The red-marked object is a thin, flexible sheet of material. The blue-marked area shows a sculpture with an opening between the hands. Because the sheet is flexible, it can be rolled, folded, or bent to be narrow enough to pass through the opening in the sculpture."
M-fit-image9.jpg,,True,"The red-marked object appears to be a piece of white fabric or cloth, which is highly flexible and deformable. The blue-marked area encompasses a sculpture of hands, which naturally creates gaps or openings between the fingers and palms. Since the cloth can be easily folded, rolled up, or compressed into a small shape, it can easily pass through the hand-sized openings within the blue-marked sculpture area.",,True,"The red-marked object is a piece of cloth, which is highly flexible and can be folded or crumpled to a very small size. The blue-marked opening is a gap between the fingers of the sculpture. Because the cloth can be deformed, it can easily be pushed through the gap."
M-liquid_volume-image1.jpg,80.0,,"The red box highlights a clear plastic beaker. Based on its dimensions relative to the 1cm grid on the cutting mat, the beaker has a diameter of approximately 5cm and a height of roughly 6-7cm, which suggests it is a standard 100mL laboratory beaker. The liquid level appears to be at approximately the 80% mark of the beaker's height. Assuming a 100mL capacity, the volume is estimated to be around 80 mL.",150.0,,"The container is a plastic beaker, likely with a total capacity of 250mL. The liquid level is approximately halfway up the marked scale, slightly above the 100mL mark, estimated at around 125-150mL."
M-stability-image10.jpg,1.0,,"The object (a scrubbing brush block) is resting on a narrow metal rail. It is currently balanced on top of the rail. The primary mode of instability is lateral tipping (sideways movement perpendicular to the rail). Since the brush rests on a support of approximately 1-2 cm width (the rail diameter), and is roughly centered, it can be moved laterally by roughly half the rail width before its center of mass moves past the support edge and it tips over. Estimating the rail width from visual cues suggests a diameter of around 2 cm, so the stability margin is approximately 1 cm.",5.0,,"The object is a wide plastic part resting across two parallel metal rails. To fall, it would need to be moved laterally (perpendicular to the rails) until its center of gravity is no longer supported by at least one of the rails. Estimating the distance from the center to the rails as approximately 5 cm, the object can likely move a few centimeters before it becomes unstable and tips over."
M-stability-image11.jpg,2.5,,"The object in the red bounding box is a dark, curved piece of wood resting on a lighter wooden surface. It is positioned such that its right end is very close to the edge of the supporting surface (or the edge of the frame/table). To cause it to fall (slide off the edge), one would need to push it a short distance to the right. Based on the visual gap between the object's tip and the likely edge of the surface, the distance is small, estimated around 2.5 cm.",10.0,,"The object is a carved wooden piece resting stably on its broad side on a wooden board. To make it fall, it would either need to be moved horizontally until its center of mass passes the edge of the supporting board or be tilted until its center of mass is no longer over its base. The object's center of mass is likely shifted toward the heavier left side. The left edge of the object is very close to the edge of the board (approximately 1-2 cm). Assuming the object is roughly 30-40 cm long and its center of mass is about 10-15 cm from the left end, moving it roughly 11-17 cm to the left would cause it to fall. Moving it toward the front edge (estimated distance to edge ~5-10 cm plus half-width ~3 cm) would take about 8-13 cm. The minimum distance to induce a fall is estimated to be around 10 cm."
M-stability-image13.jpg,45.0,,"The image shows a board leaning against a sofa. The question asks for the angle at which the structure becomes unstable. In physics problems involving a uniform plank or ladder leaning against a wall (or vertical surface), the structure becomes unstable (slips) when the angle of inclination θ with the horizontal is less than a critical angle θ_c. This is determined by the coefficient of static friction μ. The condition for stability is θ > arctan(1/(2μ)) (assuming slipping at the bottom). For typical friction coefficients of wood on tile or similar surfaces (around 0.4-0.5), the critical angle is approximately 45 degrees. Visually, the board is currently at a steeper angle (stable). The 'marked angle' likely refers to this critical threshold for failure. A common standard value for such instability thresholds in simple structural problems is 45 degrees.",60.0,,"The structure consists of a wooden board leaning against a sofa. It will become unstable and slide when the component of gravitational force parallel to the board exceeds the maximum static frictional force at the floor. Assuming a typical coefficient of friction for wood on a polished floor of approximately 0.5 to 0.6, the critical angle (theta) where tan(theta) = 1/mu would be around 60 degrees. Below this angle, the board is likely to slip."
M-stability-image14.jpg,10.0,,"The object is a wooden plank resting on the edge of a wooden structure. It extends outwards over a gap. The plank appears to be balanced such that its center of mass is still on the supported side (the wooden structure). Visually estimating the position, the center of mass is likely located several centimeters inside the supported area. Given the dimensions of a typical plank (approx. 15-20cm width/length in the frame) and its position, the overhang is small. The distance from the center of mass to the edge (the pivot point) is the distance it can be moved before falling. This distance appears to be around 10 cm.",5.0,,"The plywood sheet is resting on a wooden bench with a significant portion overhanging the edge. To fall, its center of mass (approximately the geometric center) must pass beyond the support edge. Estimating the total length of the plywood to be around 60-80 cm, and seeing that it is already overhanging by nearly half its length, the remaining distance to reach the tipping point is estimated to be small, likely between 3 to 7 cm."
M-stability-image15.jpg,250.0,,"The container is a standard laboratory beaker, likely 500mL in volume. The water level appears to be approximately half full, suggesting a volume of around 250mL. Alternatively, if it is a 250mL beaker, it appears nearly full, also around 200-250mL. Given the options and standard sizes, 250mL is a reasonable estimate.",100.0,,"The cutting mat is balanced on the edge of the table, with a significant portion overhanging. The beaker of water is positioned on the stable end, acting as a counterweight. Given the precarious angle and the extent of the overhang, the system appears to be near its tipping point. Based on the estimated volume of the beaker (approx. 250-500mL) and its current fill level, removing a moderate amount of water, such as 100mL, would likely shift the center of mass enough to cause the mat to fall."
M-stability-image16.jpg,20.0,,"The beaker is a small laboratory vessel, likely 50mL or similar, containing approximately half to two-thirds of its volume. The sheet appears to be stabilized by the weight of the beaker and water. Assuming the system is marginally stable (suggested by the slight curling at the edge), the volume of water that can be removed before instability occurs is roughly the current volume of water, or perhaps slightly less if the beaker's empty mass provides some stability. Visually, the water level corresponds to a volume between 20mL and 50mL. A conservative estimate for the removable water volume, assuming the current state is just stable, is around 20-30mL.",100.0,,"The container is a small laboratory beaker, likely with a total capacity of 250 mL, currently filled to approximately 150 mL. The cardboard sheet is balanced with a significant overhang on the right. Based on the distribution of mass and the current stable position of the beaker, it is estimated that removing a substantial portion of the water, approximately 100 mL, would shift the center of gravity enough to cause the cardboard to slide or flip off the table."
M-stability-image18.jpg,100.0,,"The image shows a small plastic cup on a ramp. Based on the size relative to the wooden block (likely a 2x2 inch block, approx 5cm), the cup has a diameter of roughly 5-6 cm. The water level fills about half to two-thirds of the cup. Assuming a cylindrical shape with diameter ~5cm (radius 2.5cm) and water height ~5cm, the volume is roughly pi * 2.5^2 * 5 approx 98 mL. Given standard cup sizes, 100 mL is a reasonable estimate.",100.0,,"The beaker appears to be a standard 250 mL beaker. The liquid level is approximately at the second graduation mark from the bottom, which typically corresponds to 100 mL in a 250 mL beaker."
M-stability-image19.jpg,50.34,,"The object inside the red box is a thin, layered material, likely paper or thin wood, resting flat on a table. It appears stable and is on a flat, horizontal surface. To determine the stability limit in terms of additional force or mass (measured in grams), physical context is necessary, specifically the object's dimensions and weight. The unit of grams strongly implies either the object's own mass or the mass of an external load causing instability. However, as the object is currently static in a balanced position with no visible external load, a quantitative 'force' or 'mass' limit needs to be inferred from context or raw visual estimation. Assuming the question asks for the object's weight or a reasonable approximate mass for a small sample on a lab table, which aligns with the provided answer, 50.34g is a reasonable estimate for such a small sheet.",10.0,,"The object is a rectangular board of estimated length L ≈ 40 cm. Its center of mass is approximately at L/2 ≈ 20 cm. Currently, the board overhangs the table by approximately 10 cm. To reach the tipping point where the center of mass is exactly over the edge, it can be moved an additional distance of (L/2) - current_overhang ≈ 20 cm - 10 cm = 10 cm. Although the prompt specifies the unit as 'grams', which is logically incorrect for distance, the numerical estimate for the distance is approximately 10."
M-stability-image2.jpg,30.0,,"The wooden board is balanced on the edge of a concrete ledge. The center of gravity (CoG) is located roughly in the middle of the board. For the board to remain stable without falling off the edge (tipping clockwise), its CoG must be to the left of the pivot point (the ledge edge). Visually, the supported portion of the board (on the wall) appears to be about twice or three times the length of the overhanging portion. Assuming a standard plank length of around 1.2 to 1.5 meters, the overhang is roughly 30-40 cm. The distance the board can be moved towards the right before the pivot point shifts left of the CoG (causing a fall) is approximately the distance from the current CoG to the pivot point. If the overhang is 'o' and supported length is 's', and s ≈ 3o, the stability margin is (s - o)/2 = o. Thus, the distance is roughly 30-40 cm.",2.0,,"The wooden board is resting on a concrete ledge with a significant portion hanging over the edge. Based on its visual position, the center of gravity appears to be very close to the edge of the support. Moving the board just a few centimeters further to the left would shift the center of mass past the support point, causing it to tip and fall. I estimate this distance to be approximately 2 cm."
M-stability-image20.jpg,5.0,,"The red bounding box highlights a knitted blanket resting on a small wooden table. The blanket is partially draped over the front-left edge of the table, with fringes hanging down. The main folded body of the blanket sits on the table surface. The question asks for the minimum distance the object (blanket) can be moved before it falls. Given its position, particularly the overhanging edge near the front and left, the stability is low in those directions. Moving it slightly towards the front or left would cause it to fall off the table edge. Considering the visible clearance of the main folded body before the nearest unsupported edge (likely the front edge where it drapes, or the side where it's close), a small displacement is enough. Estimating based on the scale of the table and tiles, the clearance is roughly a few centimeters before the unweighted part overhangs and falls. A value of 5.0 cm represents a plausible estimate for the distance from the secure part of the blanket to the critical fall edge.",5.0,,"The object is a knitted rug partially hanging over the left edge of a table. A significant portion is already off the table, but it remains stable. Assuming the rug is approximately 40cm wide and about 15cm is hanging off, the center of mass is likely very close to the edge. It would likely take only a few more centimeters of movement to the left to shift the center of gravity beyond the support of the table and cause it to fall."
M-stability-image21.jpg,5.0,,"The yellow laundry basket is placed on a dark wooden table. It appears to be stable and flat on the surface. To fall, it would need to be moved off the table. The minimum distance corresponds to the clearance from the basket to the nearest edge of the table. Visually, the basket is positioned slightly towards the right, leaving a smaller gap on the left side. The gap on the left appears to be roughly 5-10 cm, which is the limiting factor for movement before it would slide off the table edge.",5.0,,"The yellow basket is positioned such that its right side is already significantly overhanging the edge of the black table. The center of mass appears to be very close to the right edge of the table. To cause the basket to tip and fall, it would only need to be moved a small distance further to the right, estimated at approximately 5 cm, to move its center of gravity beyond the point of support."
M-stability-image22.jpg,10.0,,"The object is a woven cube-like bundle resting on a small stand. Based on visual estimation of the stand's width relative to the bundle's overhang, the stand appears to be approximately 20-25 cm wide. The bundle is wider than the stand, overhanging on all sides. Assuming the bundle is centered, its center of mass is over the center of the stand. The object will tip (fall) when its center of mass moves beyond the edge of the stand's support base. Given the stand width of roughly 20 cm, half the width is 10 cm. Thus, the bundle can be moved roughly 10 cm before the center of mass crosses the edge.",15.0,,"The object is a heavy woven rug draped over a small table. The rug's center of mass is currently centered over the table's support surface. For the rug to fall, its center of mass would need to be moved beyond the edge of the table. Given the estimated size of the table (approximately 40-50 cm wide) and the way the rug is draped, moving it about 15-20 cm horizontally would likely cause it to slide off and fall."
M-stability-image23.jpg,15.0,,"The object is a long grey PVC pipe resting horizontally on a yellow plastic stool. The stool provides the support base. The pipe appears to be roughly centered on the stool for stability. The distance the pipe can be moved laterally before it tips over is determined by the distance from the pipe's center of mass to the edge of the stool's top surface. Estimating the stool's width based on the context (likely a standard household item like a kneeling stool or laundry basket), the width is approximately 30-40 cm. Therefore, the center of mass can shift by roughly half this width (15-20 cm) before passing the edge and causing the pipe to fall. The minimum distance is thus approximately 15 cm.",5.0,,"The grey pipe is resting on the top edge of a yellow plastic crate. The pipe extends significantly further to the left than to the right, meaning its center of mass is located far to the left of the crate's center. Given the current positioning, the center of mass is likely very close to the left edge of the supporting surface of the crate. Moving it just a few centimeters further to the left would shift the center of mass beyond the support point, causing the pipe to tip and fall. Based on the relative dimensions of the pipe and the crate's support area, a small shift of approximately 5 cm is estimated to be sufficient to cause it to fall."
M-stability-image3.jpg,5.0,,"The wooden plank is resting on a horizontal white metal beam structure. It appears to be precariously balanced, resting on the beam with a significant overhang to the left. The minimum distance it can move before falling corresponds to the length of this overhang. Visually, the overhang appears to be roughly equal to the width of the beam itself plus a small margin, likely around 5 centimeters. This is a small step that, if traversed, would cause the plank to lose its support and fall.",10.0,,"The wooden board is resting on a white metal structure, balanced across two support points. Estimating the total length of the board to be around 60-80 cm and the distance between the supports to be roughly 20-30 cm, the center of mass is approximately 10-15 cm from each support point. Thus, moving it by about 10 cm in either horizontal direction would likely cause it to tip and fall."
M-stability-image6.jpg,2.0,,"The object (the pipe fitting) is perched on the edge of the wooden surface. Visually, it appears balanced precariously, with its center of mass likely just near or slightly over the edge. To ensure stability and prevent it from tipping over (falling off the left side), it needs to be shifted 'inwards' (to the right, back onto the solid wood). The distance required to move from this precarious balance to a stable position where the center of gravity is fully supported by the wood appears to be a small margin, approximately 2 cm.",10.0,,"The gray pipe is currently positioned with its base very close to the edge of the concrete surface, and its center of gravity is shifted significantly to the left, making it unstable. To avoid tipping over (falling), the center of gravity must be moved over the supporting surface. Based on the visual scale, the center of gravity is estimated to be approximately 10-12 cm from the center of the base. Since the base is already near the edge, moving the object inwards by about 10 cm would place the center of gravity securely on the concrete slab."
M-stability-image7.jpg,5.0,,"The object is a laundry basket sitting on a table surface. It appears to be pushed towards the right side, where it is adjacent to a washing machine or cabinet leg. The table surface is visible on the left, but the right side is bounded by the adjacent furniture. The basket is quite wide, occupying most of the visible table width. Based on visual estimation, the clearance to the right edge (where the table likely ends or meets the other furniture) is small. The basket width is roughly 40-50 cm. The visible table span seems comparable to the basket width. If the table is narrow (e.g., 50-60 cm) and the basket is near the right edge, the remaining distance before it would fall off the table is small, likely around 5 cm.",5.0,,"The laundry basket is placed on a table. The minimum distance it can be moved before it falls would be the distance to the nearest edge of the table. Observing the image, the left edge of the basket's base is very close to the left edge of the table, with an estimated gap of approximately 5 cm."
M-stability-image8.jpg,2.0,,"The object is a closed umbrella lying on the top cover of an air conditioning unit. The surface is flat. To fall, the umbrella must slide off the edge of the cover. The umbrella is positioned such that it is close to the right edge (near the handle) and the left edge (near the fabric). The clearance to the nearest edge (right side) appears to be small. Visually estimating the gap between the handle grip and the edge of the unit, it seems to be approximately 2 cm.",1.0,,"The umbrella is placed across the top of a white surface, with its leftmost end (the canopy) and its rightmost end (the handle) very close to the edges. The canopy is the closest part to an edge, appearing to be approximately 1 cm away from the left edge of the white surface. Therefore, moving the umbrella roughly 1 cm to the left would cause it to fall."
M-stability-image9.jpg,61.0,,"The object inside the red bounding box is a sheet of plywood, likely a standard size such as 1220mm x 2440mm (4x8 feet). Based on the visual aspect ratio, the sheet is oriented with its longer dimension horizontally and its shorter dimension vertically (depth). The vertical dimension corresponds to the 1220mm side. The sheet is resting on a wooden support structure (likely a workbench or base) and appears to be positioned at the front edge of this structure. For the object to fall, it must be pushed forward until its center of mass moves past the pivot point, which is the front edge of the support. Since the center of mass is located at the geometric center of the sheet, the distance it can be moved forward is approximately half of the sheet's depth. Half of 1220mm is 610mm.",2.0,,"The wooden board outlined in the red box is resting on a supporting wooden beam. Looking at the bottom edge of the board, it is positioned very close to the front edge of the support beam. Moving the board forward (towards the camera) by a small distance, approximately 2 cm, would shift its center of gravity enough to cause it to slide or tip off the support."
M-weight-image1.jpg,60.0,,"The image shows a red box highlighting a stack of weight plates loaded onto the left side of a fixed barbell assembly for an Everrise Fitness multi-gym. The plates appear to be heavy-duty, round plates, likely the 20kg (45lb) model based on their substantial thickness and the brand's product lines. Visually, there appear to be 3 large plates stacked. 3 plates x 20kg/plate = 60kg. The weight of the bar stub included in the offset is relatively minor (~2-3kg), bringing the total to approximately 60-65kg or ~60,000-65,000 grams. Rounding to a standard estimate, 60,000 grams is a reasonable figure for the load.",45000.0,,"The red-marked area contains 5 weight plates. Based on the visible '10kg' label on a similar plate on the right side of the rack, the first four thick plates are estimated to be 10kg each, and the thinner fifth plate is estimated to be 5kg. Total weight = (4 * 10kg) + 5kg = 45kg = 45,000g."
M-weight-image2.jpg,5000.0,,"The red box highlights a stack of weight plates on the bar. The visible plate has gold text that appears to read '2.5', indicating these are 2.5 kg plates. There appear to be two such plates (a pair) in the stack shown. Therefore, the total weight is 2 * 2.5 kg = 5 kg. Converting to grams gives 5000 g.",30000.0,,"The red-marked area contains three weight plates. A label on one of the plates clearly indicates it is '10 KG'. Assuming all three plates in this set are of the same weight, the total weight is 3 * 10 kg = 30 kg, which is 30,000 grams."
P-angle-image1.jpg,30.0,,"The image shows a plastic container with a blue lid leaning against a concrete surface. By visually comparing the slope of the container to standard angles, the container appears to be inclined at an angle where the vertical rise is approximately half the length of the inclined plane (the container side). This geometry corresponds to a 30-degree angle, as sin(30°) = 0.5.",42.0,,"The white container with the blue lid is tilted relative to the horizontal surface of the stone ledge. By observing the angle between the base of the container and the flat surface, it appears to be roughly 40-45 degrees. I will estimate it at 42 degrees."
P-angle-image11.jpg,30.0,,"The image shows a stack of stones with a large slab tilted on top. A red arrow indicates a horizontal reference line. By visually comparing the slope of the top slab relative to this horizontal line and the ground, the incline appears to be moderate, roughly equivalent to a 1:2 slope (rise of 1 unit for every 2 units horizontal), which corresponds to an angle of approximately 30 degrees.",20.0,,"The image shows a rectangular stone slab tilted at an angle relative to the horizontal ground. By observing the slope of the slab's base (marked by the red arrow) compared to the ground, the incline appears to be approximately 20 degrees."
P-angle-image12.jpg,30.0,,"The image shows a series of wooden blocks arranged in a leaning formation, resembling a ramp or a 'soldiers' chain. The blocks are inclined relative to the horizontal ground surface. Visually, the angle of inclination appears to be moderate, less than 45 degrees. The blocks lean back towards the left, resting against a vertical post. Comparing the slope to the horizontal ground line, the angle resembles a standard ramp angle or a 30-degree lean.",55.0,,"The wooden blocks are leaning at an angle from a vertical pillar to the horizontal ground. Visually, the angle formed between the blocks and the ground is slightly greater than 45 degrees, estimated to be around 55 degrees."
P-angle-image14.jpg,30.0,,"The image shows a plastic container with a blue lid lying on the grass, tilted against the grass. The container is oriented at an angle relative to the horizontal ground. Visually, the container appears to be leaning significantly, with its axis making an angle of approximately 30 degrees with the horizontal ground. The lid (which is perpendicular to the container's axis) appears as an ellipse that is roughly twice as wide as it is tall, which corresponds to a tilt angle of roughly 30-40 degrees (specifically, cos(60) = 0.5 aspect ratio for the lid width/height implies a 60 degree lid angle, meaning a 30 degree container axis angle). The red line visible near the bottom might be an indicator, supporting the estimation of an angle around 30 degrees.",55.0,,"The white container with the blue lid is tilted relative to the flat grassy ground. By observing the angle between the base of the container (where it touches the ground) and its long axis, the incline angle is estimated to be approximately 55 degrees."
P-angle-image15.jpg,45.0,,"The image shows a wooden structure, likely a cross-frame or 'X' shape, resting on the ground. The red line indicates the angle of the bottom-left leg of the cross relative to the ground. Given that such wooden frames (likely made of two perpendicular planks) are typically symmetric and designed to stand on their two bottom points, the angle of each leg with the ground is 45 degrees (forming an isosceles right triangle with the ground). Visually, the slope approximates a 1:1 ratio of rise to run, which corresponds to 45 degrees.",55.0,,"The marked angle is between the tilted wooden beam and the flat ground. Visually, this angle is greater than 45 degrees but less than 90 degrees. It appears to be approximately 55 degrees."
P-angle-image17.jpg,30.0,,"The wooden plank forms a ramp leaning against a container. By visually estimating the aspect ratio of the triangle formed by the plank, the ground, and the vertical height of the container, the rise (height of the container) appears to be slightly less than the run (horizontal distance from container to plank base). Specifically, the run looks to be about 1.5 to 2 times the rise. A ratio of rise:run of roughly 1:1.7 corresponds to a 30-degree angle (tan(30) ≈ 0.577). The angle looks steeper than a 20-degree slope but less steep than 45 degrees. It resembles a standard 30-degree ramp.",55.0,,"The wooden board is leaning against a plastic container. By visually estimating the angle between the bottom edge of the board resting on the grass and the horizontal ground, the incline appears to be approximately 55 degrees."
P-angle-image18.jpg,45.0,,"The image shows a yellow support cable or string extending diagonally upwards from a wooden stake towards a tree. A red horizontal marker is visible at the base of the stake, serving as a reference line. Visually estimating the angle of the yellow cable relative to this horizontal reference line, the slope appears to be approximately 45 degrees, representing a standard intermediate incline.",35.0,,"The marked incline is the yellow rope stretching from a stake in the ground to a tree. By estimating the vertical height from the ground to the attachment point on the tree and the horizontal distance from the stake to the tree, the angle can be calculated. The height appears to be slightly less than the horizontal distance, suggesting an angle in the range of 30 to 40 degrees. A visual estimate places it at approximately 35 degrees relative to the horizontal ground."
P-angle-image19.jpg,60.0,,"The image shows a bench backrest marked with a red reference line and an angle arc. The reference line is horizontal. The backrest appears to be inclined at a typical ergonomic slope, which is often around 30 degrees from the vertical, corresponding to an angle of approximately 60 degrees relative to the horizontal ground. Visually, the angle marked by the orange arc is roughly 60 degrees.",105.0,,"The orange mark identifies the slope of the bench backrest support. The reference line is the horizontal surface of the stone base. The backrest is tilted backward from a vertical position. A vertical position would be 90 degrees; the tilt appears to be approximately 10-15 degrees backward, making the total angle relative to the ground roughly 100-105 degrees."
P-angle-image20.jpg,60.0,,"The image features an orange box leaning against a black box on the grass. A thin red string is visible near the base of the orange box, likely serving as a vertical reference line (plumb line). The orange box is tilted significantly to the left relative to this vertical line. Visually, the angle of tilt from the vertical appears to be around 30 degrees, which implies an incline angle of approximately 60 degrees relative to the horizontal ground.",65.0,,"The orange box is leaning against the black box, forming an incline relative to the ground. Estimating the angle between the long side of the orange box and the horizontal ground surface, it appears to be approximately 65 degrees."
P-angle-image21.jpg,30.0,,"The small yellow bottle is lying on the grass but is tilted at an angle relative to the ground. The red annotation underneath it appears to mark this incline. Estimating the angle of the bottle's long axis relative to the horizontal ground, it looks to be roughly 30 degrees, as it is tilted up but not steeply (like 45 degrees).",42.0,,"The marked incline angle is between the axis of the small bottle and the red reference line on the ground. Visually, the bottle is tilted at approximately 40-50 degrees from the horizontal reference line."
P-angle-image22.jpg,60.0,,"The red lines mark the angle of inclination of the purple rectangular object (likely a lid) relative to the ground. Visually, the angle is steeper than 45 degrees but less than vertical. Comparing the rise and run of the inclined object suggests an angle close to 60 degrees.",60.0,,"The marked incline angle is formed by a horizontal reference line and a line following the slope of the purple lid. By visual estimation, this angle is steeper than 45 degrees and less than 90 degrees, appearing to be approximately 60 degrees."
P-angle-image23.jpg,60.0,,"The hockey bat is leaning against a chair, with the top of the handle resting on the upper rail and the blade on the floor. The bat is inclined at an angle that appears steeper than 45 degrees but less than 90 degrees. Visually, compared to the vertical chair leg, the bat seems to make an angle of roughly 30-35 degrees with the vertical, which corresponds to an incline of roughly 55-60 degrees relative to the horizontal ground.",65.0,,"The red angle marked is between the ground (horizontal reference) and the cricket bat. The bat is leaning at a steep angle. Comparing it to a 45-degree angle, it is significantly steeper, and comparing it to a 90-degree vertical line, it's inclined. It appears to be approximately 65 degrees."
P-angle-image24.jpg,15.0,,"The image shows a suitcase with its flap partially open. Red markings indicate the angle of the flap's edge relative to the horizontal ground. Visually, the flap is raised at a shallow angle, significantly less than 45 degrees. It appears to be roughly 15 degrees relative to the horizontal plane.",18.0,,"The incline angle is formed between the horizontal reference line (the ground) and the line along the bottom edge of the open suitcase lid. Visually, the angle is relatively shallow, appearing to be between 15 and 20 degrees. Based on the geometric proportions in the image, it is estimated to be approximately 18 degrees."
P-angle-image26.jpg,45.0,,"The red lines indicate the orientation of the door handle relative to a horizontal reference line. The handle is angled upwards and to the left. The angle between the handle and the horizontal appears to be approximately 45 degrees, which is standard for such lever handles in their open/operational position. Although the red lines form an obtuse angle (~135 degrees) with the reference line pointing right, the 'incline angle' typically refers to the acute angle of elevation from the horizontal.",40.0,,"The red angle is formed by a horizontal reference line and the slanted part of the door handle. By visually comparing this angle to a 45-degree angle (which would bisect a right angle), it appears slightly smaller, estimated at approximately 40 degrees."
P-angle-image27.jpg,90.0,,"The red line marks a horizontal reference along the top edge of the beam. The red arc indicates the angle between this horizontal line and the adjacent jerkin arm (the metal lever). Visually, the jerkin arm appears to be oriented vertically, perpendicular to the horizontal beam. Therefore, the angle is estimated to be 90 degrees.",30.0,,"The image shows a red horizontal line and a slanted metal arm. The angle formed between these two segments is an acute angle. Based on visual estimation, the slanted arm is at an angle of approximately 30 degrees relative to the horizontal red line."
P-angle-image28.jpg,15.0,,"The red marked object is a long arm or rod extending from the base of the yellow scissor lift structure down towards the ground. By comparing the vertical drop from its pivot point near the machine base to its contact point on the ground relative to its horizontal span across the tiles, the angle appears shallow. Estimating the height of the pivot point at roughly 40cm and the horizontal run at roughly 150-160cm (based on tile and wheel sizes), the angle of inclination is approximately 14-15 degrees above the ground (or 15 degrees relative to the horizontal ground line).",15.0,,"The black metal arm extends from the base of the lift down to the ground. By visually estimating the vertical drop (approximately the height of the tire's radius) relative to the horizontal length of the arm, the angle appears to be around 15 degrees."
P-angle-image29.jpg,30.0,,"The image displays a plank or slab propped up at an angle. Fairly simple reproduction of the points below using points and a line. The angle is marked with red lines forming a triangle. The vertical side of this triangle (rise) appears to be approximately half the length of the slanted side (the plank surface). If the opposite side (rise) is roughly half the hypotenuse, the angle is approximately arcsin(0.5) which is 30 degrees. Visually, the angle looks like a standard steep ramp or brace angle, consistent with 30 degrees.",25.0,,"The image shows a right-angled triangle marked in red on a concrete slab. The horizontal line serves as the reference (0 degrees). Visually estimating the angle between the horizontal reference line and the inclined surface of the slab, the height of the triangle is significantly shorter than its base. The angle appears to be approximately 25 degrees."
P-angle-image3.jpg,60.0,,"The image shows a purple lid leaning against a purple thermos bottle. The reference line is the blue lid of the container, which is horizontal. The purple lid is inclined backwards, resting against the bottle. Visually, the angle between the purple lid and the horizontal blue lid appears to be acute and steep, likely around 60 degrees. The trigonometric estimation based on the apparent height of the contact point (~12cm) and horizontal distance from the hinge (~7.5cm) yields an angle of arctan(1.6) ≈ 58 degrees, which rounds to 60.",70.0,,"The red mark highlights the base of a silver rectangular object leaning against a purple bottle. The incline angle of this silver object relative to the horizontal ground/reference surface is estimated by observing its tilt from the vertical (the purple bottle). The object is tilted approximately 20-25 degrees from the vertical, which corresponds to an incline angle of about 65-70 degrees from the horizontal."
P-angle-image30.jpg,30.0,,,30.0,,"The image shows a red triangle marking an incline angle. The hypotenuse of this triangle follows the slope of the metal pipe, and the base is horizontal. Based on visual estimation, the vertical rise is roughly half the length of the horizontal base, which corresponds to an angle of approximately 26-30 degrees. A value of 30 degrees is a reasonable estimate for this incline."
P-angle-image31.jpg,30.0,,"Comparing the slope of the marked bar to the horizontal reference line provided by the red angle indicator, the angle appears to be roughly one-third of a right angle, slightly steeper than 25 degrees but likely less than 45 degrees. A standard structural angle of 30 degrees is a reasonable visual estimate.",38.0,,"The marked angle is between a horizontal reference line and the sloping handle of the gym equipment. By visually comparing it to a 45-degree angle, it appears slightly less steep, estimated at approximately 38 degrees."
P-angle-image32.jpg,30.0,,"The marked angle is between a horizontal reference line and the inclined leg of the exercise equipment. Visually comparing it to a 90-degree angle, it appears to be roughly one-third of the way up, suggesting an incline around 30 degrees. The structure looks like a standard leg press or extension machine where the backrest/leg support is inclined at approximately 30 degrees to the horizontal.",65.0,,"The marked angle is between a horizontal reference line and a slanted metal pole of the exercise equipment. The pole is steeply inclined, significantly more than 45 degrees but less than 90 degrees. Visually, it appears to be approximately 65 degrees from the horizontal."
P-angle-image33.jpg,45.0,,,45.0,,"The red lines form a right-angled triangle where the base is horizontal and the hypotenuse is the slanted part of the green structure. Visually, the vertical rise from the horizontal base to the top of the slanted red segment is roughly equal to the horizontal run, suggesting an angle close to 45 degrees."
P-angle-image34.jpg,15.0,,"The image shows an outdoor exercise bench with red lines marking an angle. One red line lies along the deck surface, and another acts as a horizontal reference line below it. The angle between these two lines appears to be an acute angle, significantly less than 45 degrees. Visually estimating the slope, the deck rises gently from the left to the right. Comparing the rise to the run of the red lines, the slope seems to correspond to approximately 15 degrees (rise is about 1/4 of the run).",20.0,,"The angle is measured between the inclined surface of the green gym equipment and the horizontal reference line (the ground). By observing the red lines provided in the image, the slope appears to be a moderate incline, estimated to be approximately 20 degrees relative to the horizontal plane."
P-angle-image35.jpg,10.0,,"The image displays a simple inclined plane setup. A flat board rests on a horizontal surface at one end and is propped up by a block of wood at the other end. The red annotation at the bottom left highlights the angle of inclination. Visually, the height of the block (the rise) is small compared to the horizontal distance along the table to the block (the run). Estimating the geometry, the block appears to be roughly 4-5 cm high, and the horizontal run appears to be roughly 25-30 cm. This ratio (raise/run ~ 0.15-0.18) corresponds to an angle of approximately 10 degrees (tan^-1(0.15) ≈ 8.5°, tan^-1(0.18) ≈ 10°). The slope looks gentle, definitely less than 15 degrees.",12.0,,"The image shows a wooden board acting as an inclined plane, resting on a block of wood. The angle relative to the horizontal surface is relatively shallow. Estimating the ratio of the height of the block to the horizontal distance from the ground contact point to the block, the rise is roughly 1/5 to 1/4 of the run. This corresponds to an angle of approximately 11 to 14 degrees. I will estimate it at 12 degrees."
P-angle-image36.jpg,60.0,,"The image shows a wooden plank leaning against a wall. The red triangle overlay at the bottom marks the angle of inclination. Visually, the plank is leaning steeply. Comparing the vertical height (rise) to the horizontal distance from the wall (run), the rise appears to be roughly 1.5 to 1.7 times the run. This corresponds to an angle of arctan(1.73) which is 60 degrees. The angle is clearly steeper than 45 degrees but not vertical. 60 degrees is a standard angle estimation for this visual slope.",65.0,,"The board is leaning against the wall at a steep angle. Visually estimating the angle between the floor (reference line) and the board, it appears to be significantly greater than 45 degrees, likely around 65 degrees, as the vertical rise is substantially larger than the horizontal run from the base to the wall."
P-angle-image37.jpg,60.2,,"The image shows a green grid paper (or similar flat object) leaning against a wooden wall on the left, resting on the floor on the right. The object forms an incline. Visually, the angle of incline (with respect to the horizontal ground) appears to be greater than 45 degrees but less than 90 degrees. Comparing the vertical height along the wall to the horizontal distance from the wall, the vertical component appears significantly larger than the horizontal component (roughly a 2:1 ratio or slightly less), which corresponds to an angle of roughly 60-65 degrees. The angle looks steep, consistent with a 60-degree angle. The red annotation at the bottom right highlights this angle, and standard angles in such geometry/physics images are often 30, 45, or 60 degrees. Given the steepness, 60 degrees is the most likely estimate.",60.0,,"The image shows a green board leaning against a wall. The marked angle is between the ground (horizontal reference) and the incline of the board. Visually, the vertical height from the ground to the top point of contact with the wall appears to be approximately 1.7 times the horizontal distance from the wall to the bottom of the board. Since tan(60 degrees) is approximately 1.73, the incline angle is estimated to be around 60 degrees."
P-angle-image38.jpg,20.0,,"The red angle marker indicates the inclination of the seesaw beam relative to the horizontal ground. By comparing the vertical rise/drop of the beam to its horizontal length in the image, the slope appears moderate. The beam extends a long horizontal distance with a relatively smaller vertical displacement, suggesting a small angle. Visually, the angle is less than 30 degrees (which would imply a rise of ~57% of the run) and likely around 15-25 degrees. A calculation based on pixel coordinates suggests a slope ratio close to 0.3, corresponding to an angle of approximately 20 degrees.",20.0,,"The marked angle is between a green structural beam and a horizontal reference line. By visual estimation, the beam rises at a relatively shallow angle, appearing to be approximately 20 degrees from the horizontal."
P-angle-image39.jpg,60.0,,"The image shows a series of triangular bricks lining a path. The red annotation highlights the angle of inclination of one of these bricks relative to a horizontal reference line. Visually, the brick appears to be a standard pointed decorative stone, which typically forms an equilateral or near-equilateral triangle cross-section. The angle of the face rising from the ground looks to be approximately 60 degrees, which corresponds to the base angle of an equilateral triangle. It is significantly steeper than a 45-degree angle but not vertical.",40.0,,"The red lines mark an angle between a horizontal reference line (representing the ground) and the slanted edge of a triangular stone. Visually, this angle appears to be slightly less than 45 degrees, approximately 40 degrees."
P-angle-image4.jpg,45.0,,"The red arrow highlights the angle of a leaning wooden block relative to the horizontal block beneath it. Visually, the block is tilted at approximately 45 degrees, which is a common angle for stacking blocks or similar geometry.",90.0,,"The user is asking for the angle of a 'marked bend/joint'. Although no explicit marker is visible, the most prominent and distinct 'bend' in the image is the small red object resting on the wooden blocks, which appears to be bent at approximately a right angle."
P-angle-image40-pov2.jpg,135.0,,"The angle is formed by the horizontal beam and the swing chain. The chain extends downwards and to the left from the beam. The red markings indicate the angle between the horizontal beam (pointing right) and the chain (pointing down-left). This forms an obtuse angle. Visually, the chain is at approximately a 45-degree angle from the vertical, making the angle with the horizontal 90 + 45 = 135 degrees.",70.0,,"The angle is formed by a horizontal red line extending to the left from the top of the yellow swing support and a slanted red line that follows the beam's edge downwards and to the left. Estimating the slope of the beam, it appears to be approximately 70 degrees from the horizontal."
P-angle-image40.jpg,90.0,,"The red markings indicate the angle between the horizontal crossbar of the swing frame and the vertical support post. Structurally, these components are typically designed to meet at a right angle (90 degrees) to provide stability. Visually, the angle appears to be a standard right angle.",60.0,,"The image shows two red marked segments forming an angle at the top right. One segment is horizontal and the other is slanted downwards. By visual estimation, the angle between the horizontal line and the slanted line is approximately 60 degrees."
P-angle-image41.jpg,30.0,,"The red marking indicates an angle between a horizontal reference line and a diagonal line representing an incline. Visually, the diagonal line rises at a moderate slope, appearing to be about two-thirds steep or less than a 45-degree angle, consistent with standard stair or ramp inclinations.",45.0,,"The image shows a metal sculpture with red lines marking an angle. One red line is horizontal (serving as the reference), and the other follows a slanted metal bar. The bar goes up and to the left. The incline angle of the bar relative to the horizontal reference is the acute angle it makes with the ground. Observing the slope of the bar, it appears to be approximately 45 degrees relative to the horizontal."
P-angle-image5.jpg,135.0,,"The image shows a jar and a blue lid leaning against it. The jar is vertical, and the lid is slanted. The angle at the joint where the lid rests on the jar appears to be obtuse, forming a 'V' shape. Visually, the lid is slanted at approximately a 45-degree angle relative to the vertical jar (or 45 degrees relative to the horizontal ground). The angle between the vertical jar wall and the slanted lid surface, measured on the 'outside' of the intersection, is approximately 135 degrees (180 - 45). Alternatively, the acute angle inside the gap is roughly 45 degrees. Given 'bend/joint angle' typically refers to the deviation from a straight line (180 degrees), a value around 135 degrees is appropriate for a 45-degree bend.",30.0,,"The blue rectangular object is leaning against the rim of the vertical glass jar. By observing the angle between the vertical side of the jar and the slope of the blue object, the estimated interior angle at the point of contact is approximately 30 degrees."
P-angle-image7.jpg,30.0,,"The purple object is propped up at an angle on the concrete ledge, leaning against the black dome. Visually, the long side of the purple object forms an acute angle with the horizontal surface. The angle appears to be roughly one-third of a right angle (30 degrees). It is clearly less than 45 degrees but steeper than 15 degrees.",25.0,,"The purple object is leaning on a black bowl, creating an incline relative to the horizontal stone surface. By visually estimating the angle between the base of the purple object and the horizontal reference line, the angle appears to be approximately 25 degrees."
P-angle-image8.jpg,60.0,,"The image shows a purple rectangular box (likely a pencil case or tin) leaning against a reference line or the ground. The box is inclined backwards. Visually, the angle of the front face with respect to the horizontal ground appears to be steep, but not vertical. Comparing it to a 45-degree angle (which would look like a perfect diagonal), the box is inclined further back, making the angle with the ground greater than 45 degrees. A line tilted roughly 30 degrees from the vertical would correspond to a 60-degree angle with the horizontal. The box's leaning posture suggests an angle in this range, likely around 60 degrees.",55.0,,"The image shows a purple box leaning on a flat surface. The red arc indicates the angle between the base of the box and the horizontal ground. Visually, this angle is greater than 45 degrees and slightly less than 60 degrees, estimated to be approximately 55 degrees."
P-angle-image9.jpg,60.5,,"The wooden plank is leaning against a stack of blocks. Visually, the angle of the plank relative to the vertical face of the blocks appears to be around 30 degrees. Therefore, the angle relative to the horizontal ground is approximately 90 - 30 = 60 degrees.",60.0,,"The wooden block is leaning against other blocks on a flat grassy surface. By visually estimating the angle it makes with the horizontal ground, it appears to be steeper than 45 degrees, approximately 60 degrees."
P-fit-image1.jpg,,False,"The red-marked object is a large briefcase or poker case, which is significantly larger in both width and height than the blue-marked water bottle. The briefcase is roughly 2-3 times larger than the bottle across its main dimensions. Therefore, it is impossible for the case to fit inside the bottle.",,False,"The red-marked object is a large poker chip case, while the blue-marked object is a small water bottle. The case is significantly larger in all dimensions than the bottle, making it physically impossible for the case to fit inside the bottle."
P-fit-image10-pov2.jpg,,,,,True,"The red-marked object is a small rectangular black electronic device, while the blue-marked object is a wide-mouthed plastic beaker. The diameter of the beaker's opening is clearly larger than the longest dimension of the black device, and the beaker's depth is sufficient to accommodate it. Therefore, the device will easily fit inside the beaker."
P-fit-image10.jpg,,True,"The red-marked object is a small black rectangular prism (likely a battery or small component), which is significantly smaller in width and height compared to the blue-marked plastic beaker. The dimensions of the red object appear well within the capacity and opening diameter of the beaker, allowing it to fit inside easily.",,True,"The red-marked object is a small, rectangular electronic device. Its dimensions (width and length) are smaller than the diameter of the opening of the blue-marked clear plastic beaker, and its height is significantly smaller than the depth of the beaker. Therefore, it can easily fit inside."
P-fit-image11.jpg,,False,"The red-marked object is a black box sitting on the surface of the manhole cover. The candidate openings (marked in blue) are circular holes for bolts or access. Visually, the width of the red object appears comparable to or larger than the diameter of the circular holes. Additionally, the object has depth and a boxy shape that would not easily fit into a narrow circular hole. Therefore, it does not fit.",,False,"The red-marked object is a small square case. The blue-marked candidate regions each contain a circular hole. Comparing the width of the square object to the diameter of the circular holes, the object appears to be slightly wider than the holes, meaning it cannot fit inside any of them."
P-fit-image12.jpg,,False,"The black object (red box) appears to be a power bank with a length that spans most of the red bounding box. The red box is taller than the adjacent blue box (which outlines the bowl and appears roughly square). This suggests the object's length is greater than the bowl's diameter (the width of the blue box). Since the object's length exceeds the container's width/diameter, it cannot fit inside.",,True,"The red-marked object is a rectangular power bank, and the blue-marked container is a circular bowl. By comparing their relative sizes, the longest dimension of the power bank is smaller than the diameter of the bowl's opening, and its width is significantly smaller. Therefore, the power bank can fit inside the bowl."
P-fit-image13.jpg,,True,"The red object is a slender glass bottle with a narrow diameter. The blue object is a ceramic mug with a standard width. Visually, the bottle is much thinner than the mug's opening and body. Therefore, the bottle's width would easily accommodate by the mug's interior width.",,True,"The widest part of the red-marked bottle is its base, which appears to have a smaller diameter than the opening of the blue-marked mug. Therefore, the bottle can fit inside the mug if only width/diameter is considered."
P-fit-image14.jpg,,True,"The red object is a small bundle of pens, which is physically much smaller than the white rectangular bin marked in blue. The bin has ample width, depth, and height to accommodate the length, width, and thickness of the pen bundle. Even considering different orientations, the pen bundle fits easily within the container's dimensions.",,True,"The red-marked objects are a small bundle of pens, which are relatively long and thin. The blue-marked container is a white fabric storage box with dimensions significantly larger than the pens in all directions. Therefore, the pens can easily fit inside the container."
P-fit-image15.jpg,,True,"The red-marked object is a roll of tape, and the blue-marked object is a cylindrical container (likely a food storage container given the 'celelloware' text on the lid). Visually, the diameter of the tape roll is significantly smaller than the diameter of the container's opening. The red box appears to be roughly 50-60% the width of the blue box. Therefore, the tape roll can easily fit inside the container, either upright or lying on its side, with plenty of clearance.",,True,"The red-marked object is a roll of tape, and the blue-marked object is a circular plastic container. Comparing their relative sizes in the image, the diameter and thickness of the tape roll are both smaller than the inner dimensions of the container, meaning it can fit inside easily."
P-fit-image16.jpg,,True,"The red-marked object is a small plastic cup, which is visibly smaller in both height and diameter than the blue-marked ceramic mug. The mug is large enough to comfortably contain the smaller plastic cup inside it.",,True,"The object in the red box is a small plastic cup, and the object in the blue box is a larger ceramic mug. Comparing their visual sizes, the diameter of the plastic cup is smaller than the inner diameter of the mug, and the height of the plastic cup is shorter than the depth of the mug. Therefore, it can fit inside."
P-fit-image17.jpg,,True,"The red-marked object appears to be playing cards, which are flat and thin. The blue-marked object is a thermos or water bottle with a wide opening. The dimensions of the cards are much smaller than the opening diameter and internal volume of the thermos, so they can easily fit inside.",,True,"The red-marked objects are playing cards, which are thin, flat, and flexible. The blue-marked object is a thermos with a cylindrical opening. Given the typical dimensions of playing cards (approx. 2.5 x 3.5 inches) and the diameter of a standard thermos opening, the cards can easily fit inside, either by being inserted lengthwise or by slight bending due to their flexibility."
P-fit-image18.jpg,,True,"The red object is a standard-sized die, which is significantly smaller in both diameter and height than the open-top blue plastic cup. The cup has ample internal volume to accommodate the object.",,True,"The red-marked object is a small die, and the blue-marked container is a plastic cup. The dimensions of the die are significantly smaller than the diameter and height of the cup, allowing it to fit easily inside."
P-fit-image19.jpg,,False,"The blue-marked container (a clear plastic storage bin) is already partially occupied by a large coil of rope resting on top and a stack of other containers (a red bin and a clear bin with a lid) underneath. The available free volume is very constrained, and the cylindrical shape of the red object (a roll of wipes) would not fit into the remaining gaps without displacing the already packed items, causing them to spill out.",,True,"The red-marked object is a roll of tape, and the blue-marked container is a clear plastic box. Despite the presence of a yellow rope and a smaller red container inside, there is sufficient remaining empty space in the plastic box to accommodate the tape roll, as the tape roll's diameter is smaller than the width of the clear container's available interior area."
P-fit-image20.jpg,,False,"The red object is a sandal, which is significantly larger in both length and width than the blue container, which appears to be a standard-sized drinking cup. The sandal is too wide to fit through the cup's opening and too long to fit inside its volume.",,False,"The red-marked object is a shoe, which is significantly longer and wider than the diameter and height of the blue-marked plastic cup. Even with rotation, the shoe's dimensions far exceed those of the container."
P-fit-image21.jpg,,True,"The red-marked object is a shoe box, which is visibly much smaller in both width and length compared to the large, open compartment of the suitcase outlined in blue. The suitcase compartment is designed to hold items of this scale (likely shoes or small clothing packs) and has significant depth. Even accounting for the object's current angled orientation, it is easily small enough to be placed inside the left side of the suitcase with plenty of clearance.",,True,"The red-marked object is a small, flat rectangular package. The blue-marked container is an open suitcase with a main compartment that is significantly wider, longer, and deeper than the package. The package can easily fit flat inside the suitcase with ample clearance."
P-fit-image22.jpg,,False,"The red-marked object is a disposable paper coffee cup, which typically has a wider mouth and taller profile. The blue-marked object appears to be a stainless steel tumbler with a narrower opening. Visually, the red cup's dimensions (width and height) appear larger than the blue cup's internal capacity, particularly at the rim, making it impossible for the wider paper cup to slide inside the narrower metal container.",,False,"The red-marked object (paper cup) and the blue-marked container (metal cup) have very similar overall dimensions. Comparing their top diameters, the paper cup appears to be slightly wider than the metal cup's opening. Since both are tapered, the wider top of the paper cup would prevent it from fitting inside the metal cup."
P-fit-image23.jpg,,False,"Based on the visual comparison, the red metal cup has a wider diameter than the blue disposable coffee cup. The rim of the metal cup extends beyond the rim of the paper cup, meaning it is too wide to fit inside.",,True,"By comparing the widths of the objects in the image, the top diameter of the blue-marked paper cup appears to be slightly larger than the maximum diameter (the top rim) of the red-marked metal cup. Since the prompt specifies to consider only width/diameter fit and ignore height overflow, the metal cup should fit into the opening of the paper cup."
P-fit-image24-pov2.jpg,,True,"The blue object is a standard lunch bag, which typically has a width and depth of around 20-25 cm and a height of over 20 cm. The red objects consist of two round food storage containers (likely about 10 cm in diameter) and some flat accessories like lids. While holding two containers side-by-side might be tight, the bag has enough vertical space and volume. The containers are designed to be stored in a lunch bag, and they can be stacked or arranged within the bag's interior width.",,True,"The blue-marked object is an insulated lunch bag designed specifically to hold food containers. The red-marked objects consist of two small round plastic containers and a glass cup. Based on the visual scale, the dimensions of these containers are significantly smaller than the interior volume of the lunch bag, and they should easily fit inside."
P-fit-image24.jpg,,True,"The blue object is a cylindrical cooler bag that appears to have a width (diameter) and height sufficient to hold standard food containers. The red-marked objects are round plastic food containers. Based on visual comparison, the bag's opening is wider than the containers' diameter, and the bag's height is tall enough to accommodate at least one, if not all stacked. Therefore, the containers fit.",,True,"The blue-marked object is a cylindrical insulated lunch bag, and the red-marked objects are three circular food containers. Comparing their relative sizes, the diameter of the lunch bag is larger than that of the containers, and its height is sufficient to accommodate the containers when stacked vertically. Therefore, the containers can fit inside the bag."
P-fit-image25.jpg,,False,"The red object is a large prayer rug that covers a significant portion of the floor. The blue container is a very small box, much smaller than the rug. Even with folding or rolling, the rug is too large to fit inside such a small container.",,True,"The red-marked object is a rug, which is made of flexible material. The blue-marked object is a box. A rug can be folded or rolled multiple times to fit into a small container like a shoe box."
P-fit-image26-pov2.jpg,,False,"The red-marked object is a large area rug with significant dimensions (likely around 1.5m x 0.8m), while the blue-marked object is a small shoe box (likely around 25cm x 20cm). The rug's surface area is vastly larger than the box's capacity. Even with folding, the resulting thickness of the rug stack (considering the rug's inherent thickness and the number of layers required) would far exceed the height and volume of the shoe box, making it impossible to fit without destroying or excessively deforming the object beyond simple folding.",,True,"The red-marked object is a rug, which is made of flexible fabric. The blue-marked object is a shoe box. Since folding and bending are allowed, the rug can be folded multiple times until its dimensions are small enough to fit inside the shoe box."
P-fit-image26.jpg,,False,"The red object is a large area rug or carpet, which occupies a significant amount of floor space (likely around 1-1.5 meters in dimensions). The blue object is a small shoebox or rectangular container. The rug is far larger in surface area and volume than the box. Even allowing for folding and bending, the rug cannot be compressed enough to fit inside the much smaller container without being crushed beyond its original form (which counts as destruction) or exceeding the box's volume capacity.",,False,"The red-marked object is a large area rug, while the blue-marked object is a small cardboard box (likely a shoe box). Although the rug is flexible and can be folded, its overall volume and thickness when folded to fit the small dimensions of the box would exceed the box's capacity."
P-fit-image27-pov2.jpg,,True,"The red object is a pair of sneakers, and the blue object is a shoe storage bag. Shoe bags are specifically designed to hold shoes. Although the bag appears slightly full or unevenly shaped in the photo, it is made of flexible fabric. The sneakers can be folded or compressed slightly to fit inside the bag without destruction, which is a common practice for storage.",,True,"The red-marked object is a pair of sneakers, and the blue-marked container is a fabric shoe bag. Shoe bags are specifically designed to hold shoes of this size and type. The fabric is flexible, allowing it to conform to the shape of the shoes."
P-fit-image27.jpg,,True,,,True,"The red-marked object is a pair of sneakers, and the blue-marked container is a fabric dust bag placed inside a shoebox. Since the shoebox and dust bag are specifically designed to store a pair of sneakers of this size, the sneakers can fit inside the dust bag and subsequently inside the box."
P-fit-image28.jpg,,True,"The red object is a soft, flexible pile of laundry that can be easily folded and compressed. The blue object is a large bucket with significant volume. Given the ability to fold and bundle the fabric, the clothes can easily be compacted enough to fit inside the bucket.",,True,"The object in the red box consists of fabric clothes, which are highly flexible and can be folded or compressed. The object in the blue box is a red plastic bucket with sufficient volume to accommodate the pile of clothes once they are folded or pushed inside."
P-fit-image29.jpg,,True,"The blue object is a soft, expandable tote bag with a wide opening, designed to hold items like groceries or laundry. The red object is a stack of neatly folded clothing. Given that the bag is soft-sided and can expand significantly, and the folded clothes have a relatively small volume compared to the bag's apparent capacity, the clothes can easily be stuffed inside without destroying either object.",,True,"The red-marked object consists of several folded pieces of clothing. The blue-marked container is a large fabric tote bag. Given the size of the bag and the fact that the clothes are foldable and already folded, they will easily fit inside the volume of the bag."
P-fit-image3.jpg,,True,"The orange mug (red box) appears to have a smaller diameter than the open top of the silver tin can (blue box). The blue box outlines a wider area than the red box, indicating the container is wider than the mug's base.",,True,"The blue-marked metal bowl has a larger diameter than the red-marked plastic cup, including its rim and handle. Therefore, the cup can fit inside the bowl if only width is considered."
P-fit-image30-pov2.jpg,,False,"The red object is a large, fluffy mass of cotton or wool that is significantly larger in volume and width than the blue container, which is a small hinged case (likely for hairpins). Even allowing for deformation, the sheer bulk and dimensions of the cotton make it impossible to fit inside the small container.",,True,"The red-marked object is a clump of cotton, which is highly compressible and deformable. The blue-marked container is a small plastic case. Although the cotton is currently larger than the case, it can be easily squeezed and compressed to fit inside."
P-fit-image30.jpg,,False,"The red object (a clump of white fluffy material) is visibly wider and covers a larger surface area than the blue container (a small plastic case). Even allowing for deformation, the object's volume and width are too great to be compressed into the narrow, flat container.",,True,"The red-marked object is a clump of fluffy cotton/fiberfill, which is highly compressible and deformable. The blue-marked object is a small plastic case. By squeezing and compressing the cotton, it can easily be fitted into the interior space of the plastic case."
P-fit-image31-pov2.jpg,,False,"The glass bowl is small and relatively shallow, while the pile of salt on the plate is much larger in volume. If the salt from the plate were poured into the bowl, it would overflow, so the entire salt pile does not fit inside.",,True,"The volume of the salt pile on the plate is significantly smaller than the capacity of the glass bowl. Therefore, the salt would easily fit inside the bowl."
P-fit-image31.jpg,,False,"The pile of salt in the metal container (red box) is significantly larger in volume and surface area than the empty glass bowl (blue box), so it would not fit.",,True,"The volume of salt in the red box appears significantly smaller than the capacity of the glass bowl in the blue box. The diameter of the salt pile is roughly similar to or smaller than the bowl's opening, and the bowl's depth is sufficient to contain the salt."
P-fit-image32-pov2.jpg,,False,"The salt is piled into a large mound on a plate, which appears to have a significantly larger volume than the small, shallow glass bowl. Transferring the entire pile would likely cause it to overflow.",,False,The volume of the salt pile in the red box is significantly larger than the capacity of the small glass bowl in the blue box; the salt would likely overflow if poured into the bowl.
P-fit-image32.jpg,,False,"The plate containing the salt is significantly larger in volume and diameter than the small glass bowl, so the entire amount of salt shown cannot fit inside.",,True,"The salt is a granular substance presented as a shallow pile on a plate. Although its surface area is larger than the opening of the bowl, its total volume is significantly smaller than the capacity of the glass bowl. Therefore, the salt can be poured into the bowl and will fit inside."
P-fit-image33-pov2.jpg,,False,"The potatoes are contained within two substantial yellow mesh bags. The plastic bag outlined in blue appears to be a standard produce bag or a thin plastic sheet, which is visually much smaller in area and volume compared to the bulky mesh bags of potatoes. The red outline covering the potatoes is significantly larger than the blue outline covering the bag.",,True,"The plastic bag outlined in blue is larger in surface area than the individual mesh bags of potatoes outlined in red. Given the typical volume and flexibility of such plastic bags, both mesh bags of potatoes should easily fit inside."
P-fit-image33.jpg,,False,"The potatoes in the yellow mesh bags are quite large and voluminous. The plastic sheet at the bottom appears to be a flat piece of cling film or a thin bag, which is far too small to contain the bulk of the potatoes shown in the mesh bags.",,False,"The red box contains two mesh bags of potatoes, which have a significant total volume. The plastic bag in the blue box is relatively small and thin, appearing to be a single-layer produce bag. Comparing the total bulk of the two potato bags to the estimated capacity of the plastic bag, it is unlikely that all the potatoes would fit inside."
P-fit-image34-pov2.jpg,,True,"The plastic bag shown in the blue box appears to be significantly larger in area than the potato bag in the red box, and the potatoes are piled loosely enough that they would likely fit inside the larger clear bag.",,True,"The plastic bag (blue box) is significantly larger in surface area than the bag of potatoes (red box). When folded or filled, the volume of the plastic bag will easily accommodate the volume of the potatoes."
P-fit-image34.jpg,,False,The yellow mesh bag full of potatoes is visibly much larger than the clear plastic bag lying flat on the wooden board. The volume of potatoes exceeds the capacity of the shown plastic bag.,,True,"Comparing the size of the flat plastic bag to the volume of the potatoes in the mesh bag, the plastic bag has sufficient surface area to enclose the volume occupied by the potatoes."
P-fit-image4.jpg,,True,"The red-marked object is a small white plastic lid or cap, while the blue-marked object is a larger thermos bottle. Visually comparing the two, the diameter of the red object is significantly smaller than the diameter of the thermos's opening. Therefore, the red object can physically pass through the opening and fit inside the blue container.",,True,"The object in the red box is a clear plastic cap, and the object in the blue box is a thermos. Visually, the diameter of the cap is smaller than the diameter of the thermos opening, and its height is far less than the depth of the thermos. Therefore, the cap can easily fit inside the container."
P-fit-image5.jpg,,True,"The blue-marked container is visibly larger in both height and width (diameter) than the red-marked object. Since the containing object is strictly larger in all relevant dimensions, the smaller object will fit inside it.",,True,"The object in the red box is significantly smaller in both diameter and height than the container in the blue box, meaning it will easily fit inside."
P-fit-image6.jpg,,True,"The blue box highlights a clear plastic measuring cup, which serves as a container. The red box highlights two poker chips. Standard poker chips have a diameter of about 1.5 inches (approx 4cm), while the cup appears to be a standard small measuring cup with a diameter likely around 3-4 inches (approx 10cm). Therefore, the dimensions of the poker chips are significantly smaller than the opening and interior of the cup, allowing them to fit inside with ease.",,True,"The red-marked objects are two small, flat poker chips, while the blue-marked object is a small clear plastic cup. Comparing their sizes in the image, the diameter of the cup's opening is larger than the diameter of a single poker chip, and the cup's depth is sufficient to hold both chips, either stacked or side-by-side."
P-fit-image7.jpg,,True,"The red-marked object is a small six-sided die, which is typically about 1-2 cm in size. The blue-marked container is a larger plastic cup or hydrometer tube with a diameter significantly wider than the width of the die. Therefore, the die fits easily inside the cup in terms of width, height, and volume without needing special orientation.",,True,"The red-marked object is a small die, and the blue-marked container is a plastic cup. The diameter and height of the cup are both significantly larger than the dimensions of the die, meaning the die will easily fit inside the cup."
P-fit-image8.jpg,,True,"The blue-marked container is a large measuring cup, while the red-marked object is a significantly smaller measuring cup. Since the red object is smaller in both height and width than the blue container, it can easily fit inside it.",,True,"The red-marked object is a smaller beaker than the blue-marked container. Its diameter and height are both significantly less than the inner dimensions of the blue beaker, allowing it to fit inside easily."
P-fit-image9.jpg,,True,"The red-marked object is a small poker chip. The blue-marked container is a wide-mouthed flask or thermos. Visually, the diameter of the poker chip is significantly smaller than the diameter of the flask's opening, so it will fit easily inside.",,True,"The red-marked objects are small, flat circular tokens. The blue-marked container is a thermos with a wide circular opening. The diameter of the tokens is significantly smaller than the diameter of the bottle's opening, and their height is much smaller than the bottle's height, allowing them to easily fit inside."
P-liquid_volume-image1.jpg,600.0,,"The beaker is a 1000mL plastic beaker with markings every 100mL (1000, 900, 800 visible). The liquid level is below the 800mL mark. Visually, there is a gap of roughly two 100mL intervals between the 800mL mark and the liquid surface, placing the level around the 600mL mark. The meniscus appears to align with the 600mL graduation line.",420.0,,"The liquid level in the beaker is just above the 400 mL graduation mark, approximately at 420 mL."
P-liquid_volume-image10.jpg,300.0,,"The highlighted object is a small glass bowl. Comparing it to the taller bottle next to it (which appears to be a standard 500ml bottle), the bowl appears to be roughly half the volume or slightly less. Standard small glass bowls or ramekins of this size typically have a capacity ranging from 250ml to 350ml.",150.0,,"The red-marked container is a small glass bowl. Based on its proportions relative to the surrounding environment and the adjacent glass bottle, it appears to have a diameter of approximately 8-10 cm and a height of about 4-5 cm. Estimating its volume as a truncated cone or partial sphere, the full capacity is likely around 150 mL."
P-liquid_volume-image11.jpg,350.0,,"The red-marked container is a clear glass bottle with a floral design, resembling a standard 500-600ml beverage bottle (soda/water/juice bottle shape). Based on its aspect ratio and proximity to the pink water bottle (which appears to be a 1L bottle), the glass bottle's likely total capacity is around 500-600ml. The liquid level appears to be approximately 60-70% of the main body's height, filling the lower portion but leaving the neck and shoulder empty. Estimating 60-70% of a 500-600ml capacity yields a volume around 300-400ml.",150.0,,"The red-marked container is a small glass bottle with a floral design. Based on its size relative to the surrounding objects, its total capacity is estimated at approximately 300 mL. The liquid level fills roughly half of the bottle, reaching the shoulder area. This results in an estimated liquid volume of about 150 mL."
P-liquid_volume-image12.jpg,250.0,,"The red-outlined container appears to be a standard 500ml plastic beverage bottle (similar to a Heineken or Coca-Cola bottle). Visually, the water level is approximately halfway up the bottle's main body. Since the bottle narrows towards the top (the neck), the volume corresponding to the upper half is smaller than the lower half. However, estimating from visual height, the bottle is roughly half full. Thus, the remaining empty volume is approximately half of the total 500ml capacity.",200.0,,"The red-marked container appears to be a standard 500 mL plastic water bottle. The water level is approximately 60% full, meaning the empty volume is about 40% of the total capacity. 40% of 500 mL equals 200 mL."
P-liquid_volume-image13.jpg,300.0,,"The red-marked container is a small glass bowl, similar to a ramekin or a small serving bowl. Comparing it to the nearby coffee mug (typically holding around 250-350 mL) and the tall thermos (likely holding 500-750 mL), the bowl appears to have a capacity roughly comparable to a '1 cup' or '8-10 oz' bowl. Visually, it looks like it could hold approximately 300 mL of liquid, which is a standard size for small dessert or appetizer bowls.",200.0,,"The red-marked container is a small glass bowl. Comparing its size to the adjacent mug (typically 250-350 mL) and the thermos (likely 500-750 mL), the bowl is shallower than the mug but has a similar diameter. A typical small glass prep bowl of this size generally has a capacity of approximately 200 mL."
P-liquid_volume-image14.jpg,500.0,,"The object is a standard-sized thermos bottle, typically used for beverages. Based on its proportions relative to a standard object size and common drinkware dimensions, it appears to be a single-serve size, which is usually around 500 to 600 milliliters. A safe estimate for a bottle of this shape and size is 500 mL.",500.0,,"The red-marked container is a cylindrical flask. Based on its proportions and comparison to common portable vacuum flask sizes, it appears to have a diameter of approximately 6 cm and a length of about 18-20 cm, which corresponds to a standard capacity of around 500 mL."
P-liquid_volume-image15.jpg,600.0,,"The red-marked container is a standard reusable sports water bottle. Comparing its size to the nearby mug (likely 250-300ml) and the purple thermos (likely 400-500ml), it appears slightly taller and comparable in volume, or perhaps slightly larger. Standard sports bottles of this shape and height typically come in sizes of 500ml, 600ml, or 700ml. Given its proportions, a capacity of 600ml is a very likely standard size.",600.0,,"The red-marked container is a standard plastic sports water bottle. Comparing it to the other containers (a purple thermos, a small glass bottle, and a ceramic mug), it appears larger than the others. A typical sports bottle of this shape and size generally has a capacity between 600ml and 800ml. Given its proportions, 600ml is a reasonable estimate for its full capacity."
P-liquid_volume-image16.jpg,25.0,,"The image shows a tall glass (likely a pint glass) placed on grass. The red outline encompasses the entire glass. Looking at the bottom of the glass, there is a very small amount of liquid residue, perhaps a sip left behind. The liquid level is extremely low, rising only slightly above the thick base. Based on the width of the glass at the bottom (approx 4-5 cm) and the shallow depth of the liquid (approx 1-2 cm), the volume is small. Estimating the cross-sectional area at the base as roughly 20-25 cm² and the liquid height as roughly 1-2 cm gives a volume in the range of 20-50 mL. Given it looks like a remnant of a drink, a low estimate is appropriate, but there is definitely some liquid visible. A reasonable estimate is around 20-25 mL.",50.0,,"The container is a tall glass vase. The liquid is only present in the narrow bottom section. Estimating the bottom diameter as approximately 3-4 cm and the liquid height as approximately 4-6 cm, the volume can be calculated as V = π * r^2 * h. With r ≈ 1.75 cm and h ≈ 5 cm, V ≈ 3.14 * 3.06 * 5 ≈ 48 mL. A reasonable estimate is around 50 mL."
P-liquid_volume-image17.jpg,500.0,,"The bottle is a standard tall, slender glass container, likely used for oil, vinegar, or lotions. Comparing it to the nearby small plastic measuring cup (which appears to be roughly a 300-500mL size), the bottle's height and girth suggest it is a standard 500mL vessel.",500.0,,"The red-marked container is a glass bottle, and next to it is a plastic measuring beaker. Based on standard sizes, the beaker appears to be a 500 mL beaker. The bottle has a similar base diameter to the beaker and is taller, but it has a tapered neck. Estimating the volume of the cylindrical body and the tapered neck, the bottle's total capacity is likely around 500 to 750 mL. Given its proportions typical of a standard beverage bottle, 500 mL is a reasonable estimate."
P-liquid_volume-image18.jpg,285.0,,"The red-marked container is a standard ceramic coffee mug with a handle. Typical mugs of this size and shape hold between 250 mL and 350 mL (approx. 8-12 fl oz). Comparing it to the nearby glass bowl (likely ~250-300 mL) and the taller bottles, a capacity around 285 mL is a reasonable estimate for a 10 oz mug.",350.0,,"The red-marked container is a standard ceramic mug. Typical mugs of this size generally have a capacity ranging from 300 to 450 mL. Based on its proportions relative to the other containers, an estimate of 350 mL is reasonable."
P-liquid_volume-image19.jpg,1000.0,,"The red-marked container appears to be a tall cylindrical flask, likely a laboratory volumetric flask or a similar vessel. Based on its visual dimensions relative to the adjacent beaker (which looks like a standard 250-500 mL beaker) and small cup, the flask is significantly taller. A cylindrical flask of approximately 7 cm diameter and 20-22 cm height would have a volume close to 1000 mL. The proportions are consistent with a standard 1 Liter flask.",500.0,,"The purple container is a typical vacuum flask. Based on its proportions relative to the large plastic measuring cup (likely 1L) and its general shape, it resembles a standard 500mL thermos."
P-liquid_volume-image2.jpg,400.0,,"The beaker in the image appears to be a standard 500 mL laboratory beaker, which typically has volume markings in intervals of 50 mL or 100 mL. The water level is clearly visible and fills a significant portion of the beaker, appearing to be around the 400 mL mark (just below the top graduation lines). The dimensions relative to the nearby container suggest a 500 mL capacity, and the liquid level is approximately 80% full, leading to an estimate of 400 mL.",350.0,,"The red-marked container is a graduated plastic measuring cup. Looking at the visible markings, there are lines for 200, 300, 400, and 500 mL. The liquid level is situated between the 300 mL and 400 mL marks, approximately halfway between them, which suggests a volume of around 350 mL."
P-liquid_volume-image20.jpg,550.0,,"The red-marked container appears to be a standard wide-mouth sports water bottle. Comparing its dimensions to the adjacent laboratory beaker (which appears to be a standard 1000 mL beaker or similar size), the bottle has a similar height but a narrower diameter (roughly half the cross-sectional area). This suggests a volume roughly comparable to the water level in the central beaker, or slightly larger, consistent with common 500 mL to 600 mL sports bottles. Faint markings on the side also resemble standard volume indicators for this size.",750.0,,"The red-marked container is a sports water bottle. Comparing it to the nearby beakers, the largest beaker appears to be around 500-600 mL. The water bottle is taller and has a similar diameter, suggesting a capacity slightly larger than the largest beaker. A common capacity for this type of sports bottle is 750 mL."
P-liquid_volume-image21.jpg,50.0,,"The red-marked container is a small rectangular glass bottle, likely a perfume or serum decant. By comparing its size to the large bottle of liquid soap next to it (typically 500-750mL), it is much smaller, consistent with travel or sample sizes. The text on the side of the bottle appears to read '50', strongly suggesting a standard 50mL capacity.",50.0,,"The red-marked container is a small, rectangular perfume bottle. Based on its typical size and proportions relative to the surrounding objects, it appears to be a standard 50 mL perfume bottle."
P-liquid_volume-image22.jpg,500.0,,"The bottle appears to be a standard consumer-sized bottle, likely for a condiment, sauce, or oil, judging by the shape and the heavy-bottom appearance and standard cap. Comparing its height to the nearby green water bottle (which looks like a standard 500-750ml sports bottle lying down) and the dried leaf on the grass (roughly 10-15cm long), the standing bottle is likely around 20-25 cm tall. The diameter appears to be roughly 5-6 cm. Using the cylinder volume formula (V = pi * r^2 * h), with r=3cm and h=20cm, the volume is approximately 565 mL. Considering standard commercial sizes, a 500mL or 300-400mL bottle is most probable. Given the proportions, a 500mL bottle is a very strong candidate.",500.0,,"The container is a standard clear plastic beverage bottle, commonly used for products like iced tea or juice. Based on its shape and proportions relative to the surrounding objects, it appears to be a typical 500 mL bottle."
P-liquid_volume-image23.jpg,750.0,,"The object is a tall travel mug with a handle and spout lid. Based on visual proportions, the diameter is approximately 8-9 cm and the height is roughly 20-22 cm. Comparing this to standard drinkware sizes, it resembles a 24oz (approx. 710 mL) or 30oz (approx. 880 mL) tumbler. Accounting for the tapered bottom which reduces volume from a full cylinder, a capacity around 750 mL is a reasonable estimate.",1183.0,,"The container is a travel tumbler with a handle and tapered bottom, typical of a 40 oz (approximately 1183 mL) capacity model commonly used for large beverages."
P-liquid_volume-image24.jpg,500.0,,"The image shows a clear plastic beaker. Looking closely at the markings on the side of the beaker, near the top rim, the number '500' is visible. This indicates that the maximum volume marking is at the top of this section, suggesting a total capacity of 500 milliliters.",500.0,,"The plastic beaker inside the red box has graduation markings on its side. Looking closely at the top marking, the number '500' is visible, indicating a total capacity of 500 mL."
P-liquid_volume-image25.jpg,1200.0,,"The blue container is a large travel thermos. Comparing it to the other objects, it is significantly wider and taller than the small glass bowl and the ceramic mug (which appears to be around 300-400mL). It is also larger in volume than the thin glass bottle (likely wine size, ~750mL) and the translucent water bottle. A typical large thermos of this shape usually has a capacity of around 1 to 1.5 liters. Given its proportions, 1200 mL is a reasonable estimate.",500.0,,"The red-marked container is a vacuum flask. Comparing its size to the nearby glass bottle (likely 330-500 mL) and the mug (likely 300-400 mL), its dimensions suggest a standard personal capacity. Based on its height and diameter, it most closely matches a common 500 mL thermos size."
P-liquid_volume-image26.jpg,230.0,,"The object is a glass funnel or conical glass placed next to a standard 500-600ml DIo water bottle. The glass container appears to have a capacity of roughly 400-500ml based on its dimensions relative to the bottle. The water level fills approximately the bottom two-thirds to three-quarters of the container's visible volume. Given the conical shape, the volume scales with the cube of the height, but visually it holds a significant amount of water, comparable to a large mug or a standard measuring cup. A reasonable estimate for the liquid volume is around 230ml.",180.0,,"The red-marked container is a small glass bowl containing a clear liquid. Based on the size of the surrounding objects (like the purple thermos), the bowl's top diameter is approximately 10-12 cm and the liquid depth is roughly 3-4 cm. Estimating the volume as a truncated cone or shallow bowl, the liquid volume is approximately 180 mL."
P-liquid_volume-image27.jpg,750.0,,"The container is a standard plastic water bottle, likely 1 liter (1000 mL) in volume based on its height relative to the other bottles. The water level is low, filling roughly the bottom 1/4 of the bottle's cylindrical body. This implies the water volume is around 200-300 mL, leaving approximately 700-800 mL of empty space. A reasonable estimate for the empty volume is 750 mL.",333.0,,"The red-marked container is a standard plastic water bottle, typically having a total capacity of around 500-600 mL. Visually, it is approximately one-third full, meaning about two-thirds of its volume is empty. If the total capacity is 500 mL, the empty volume is approximately 333 mL."
P-liquid_volume-image28.jpg,300.0,,"The object is a glass bottle lying horizontally, appearing to be a standard 500ml capacity bottle (similar in diameter to the standing bottle but shorter). The clear liquid fills approximately 60% of the bottle's volume, reaching past the midpoint of the cylindrical body. A volume of 300ml (60% of 500ml) is a reasonable estimate.",110.0,,"The red-marked region contains a small glass bottle lying on its side. Based on its size relative to the nearby water bottle, the total volume of the glass bottle is estimated to be around 300 mL. The liquid level fills approximately 35-40% of the bottle's capacity when lying horizontally, which corresponds to roughly 100-120 mL."
P-liquid_volume-image29.jpg,200.0,,"The red-marked container is a small yellow plastic cup. Next to it is a large water bottle (likely a Commence brand 18-24oz bottle, approx 500-700ml). Comparing the dimensions, the cup's diameter is roughly similar to the bottle's diameter, but its height is significantly shorter, roughly 1/3 to 1/4 of the bottle's total length. A standard 24oz bottle is ~710ml. If the cup is roughly 1/3 to 1/4 of that volume, it would be around 180-240ml. Visually, it resembles a standard small serving cup, often around 200ml (approx 7 oz).}",300.0,,"The orange container is a small plastic cup. Comparing its size to the adjacent motivational water bottle (which typically holds 750-1000 mL), the cup's volume appears to be roughly one-third of the bottle's capacity. Estimating its dimensions as roughly 8-9 cm in diameter and 7-8 cm in height with a tapered bottom, the volume is likely in the range of 250-400 mL. A reasonable estimate for its full capacity is 300 mL."
P-liquid_volume-image3.jpg,250.0,,"The large container appears to be a standard 2L or 2.5L plastic jug (common Y2K container). The smaller container in the red box is significantly smaller, appearing to be a standard kitchen measuring cup size. Based on the relative sizes and typical commercial sizes for such plastic jugs and accompanying cups (often sold in 250ml, 500ml, 1000ml sets), the small cup is most likely a 250mL (approx 1 cup) or 300mL measuring cup. Given it looks slightly smaller than a standard 500mL cup and the visual ratio suggests roughly 1/8th the volume of a 2L jug, 250mL is a precise fit.",100.0,,"The red-marked container is a small plastic measuring cup. Comparing its size to the larger cup and the surrounding grass, it appears to have a height of about 6 cm and a radius of about 2.3 cm, leading to an estimated volume of approximately 100 mL."
P-liquid_volume-image30.jpg,50.0,,"The red box outlines a larger plastic beaker. Comparing it to the smaller beaker next to it, which appears to be a standard 100mL measuring cup, the larger beaker is likely a 250mL beaker. The liquid level inside is quite low, occupying approximately the bottom 1/4 to 1/5 of the container. 250mL / 5 = 50mL, which aligns with the visual estimation of the low fill level.",50.0,,"The red-marked container is a plastic beaker containing a small amount of clear liquid. Based on the visual level of the liquid relative to the beaker's size and typical markings for such containers, the volume appears to be approximately 50 mL."
P-liquid_volume-image31.jpg,750.0,,"The red-marked container is a tall glass bottle appearing to be a standard beverage glass bottle (similar to a wine or large soda bottle). Based on visual comparison with the adjacent objects (a water bottle that appears to be a standard 1L sports bottle, and a small ~200ml cup), the bottle has a height of roughly 30-32 cm and a base diameter of about 6-7 cm. A tapered cylinder of these dimensions (approx. H=30cm, R_base=3.5cm, R_neck=2cm) holds approximately 750 mL. This aligns with common standard glass bottle sizes like 750 mL (wine/beer) or 1000 mL. Given the slight taper and dimensions, 750-1000 mL is the range, with 750 mL being a very standard capacity for this shape.",300.0,,"The glass bottle is compared to a standard red die (approximately 1.6 cm per side). The bottle's base is roughly 5-6 cm in diameter and its height is approximately 17-20 cm. Estimating the volume of the cylindrical lower part (approx. 10 cm height) gives about 240-260 mL, and the tapered neck adds another 40-60 mL. This brings the total estimated capacity to around 300 mL."
P-liquid_volume-image32.jpg,350.0,,"The red box highlights a white ceramic mug, which appears to be a standard 'Happy Mug' often used with DIY water bottles or kids' water kits. These mugs are typically berukuran standard coffee cup size, usually ranging from 300 mL to 400 mL. Based on the visual scale relative to the adult hand holding it and the standard dimensions for this type of travel mug, a capacity of around 350 mL is a reasonable estimate.",450.0,,"The red-marked container is a ceramic mug. Below it is a clear measuring cup with markings up to 500 mL. The mug has a slightly larger diameter but a slightly shorter height than the measuring cup's 500 mL capacity section. Based on these proportions and standard mug sizes, its capacity is estimated to be around 450 mL."
P-liquid_volume-image33.jpg,710.0,,"The container has '710ml' printed clearly on its side, indicating its capacity.",1000.0,,"The container is a Quechua brand vacuum flask. Upon closer inspection of the markings on the side of the bottle, it explicitly states '1L', which corresponds to 1000 mL."
P-liquid_volume-image34.jpg,600.0,,"The object is a translucent green sports water bottle. Using the poker set as a reference, a standard deck of cards is approximately 2.5 inches (6.4 cm) long and wide. The bottle appears to be roughly 3 times the length of a card deck (approx 7.5 inches or 19 cm) and has a diameter similar to a card deck (approx 2.5 inches or 6.4 cm). Calculating the volume of a cylinder with these dimensions: V = π * r² * h ≈ 3.14 * (3.2 cm)² * 19 cm ≈ 607 mL. This size corresponds to a standard 20 oz (approx 600 mL) sports bottle.",750.0,,"The red-marked container is a sports water bottle. Based on its size relative to the standard poker chips (which are typically 40mm in diameter), the bottle has an estimated diameter of about 7-8 cm and a length of about 20-25 cm. Using the formula for the volume of a cylinder (V = πr²h), a radius of 3.75 cm and a height of 21 cm results in a volume of approximately 925 mL. Common retail sizes for such bottles are 750 mL and 1000 mL. Given its proportions, 750 mL is a reasonable estimate."
P-liquid_volume-image35.jpg,1000.0,,"The red-marked object is a large water bottle or thermos. Using the nearby table tennis paddle as a scale reference (approximately 15cm wide and 25-28cm long), the bottle appears to have a diameter of roughly 8-10 cm and a height of roughly 22-25 cm. This physical volume corresponds to a standard large water bottle capacity, typically around 1 liter.",600.0,,"The red-marked container is a reusable water bottle. By comparing its size to the adjacent table tennis paddle (which typically has a head diameter of about 15 cm), the bottle is estimated to be approximately 20-22 cm in height and 6-7 cm in diameter. Calculating the volume using V = πr²h (where r ≈ 3.25 cm and h ≈ 21 cm) gives approximately 690 mL. Common retail sizes for such bottles are typically around 600-750 mL."
P-liquid_volume-image36.jpg,100.0,,"The object appears to be a siphon tube or bulb, likely used for drinks or specific measurements. The markings visible on the upper stem read '60', '40', '20' in descending order or ascending order. Given the spacing and typical lab/kitchenware standards, this implies a scale in increments of 20 ml. Assuming the scale continues downwards or upwards towards a standard round number, and considering the visual volume of the bulb (which resembles a small flask or syringe tip), a capacity of 100 ml is the most logical estimate. The markings likely indicate volume intervals, and a 100 ml capacity fits the sequence 20-40-60-[-80]-[-100].",500.0,,"The container has a cylindrical upper part with volume markings of 50, 100, 150, and 200 mL. The height from the 50 mL mark to the 200 mL mark represents 150 mL of volume. The red-marked lower bell-shaped part has a height roughly equivalent to the distance between the 50 and 200 marks. Its diameter is approximately twice that of the cylindrical part. Since volume is proportional to the square of the radius, the average cross-sectional area of the bell part is significantly larger (estimated at roughly 3-4 times the cylinder's area). Thus, its capacity is approximately 3-4 times the 150 mL interval, placing it in the range of 450-600 mL. A reasonable estimate for the full capacity of this specific section is 500 mL."
P-liquid_volume-image37.jpg,500.0,,"The red-marked container appears to be a standard plastic water bottle, likely a 500 mL or similar size (e.g., 16.9 oz). By comparing it to the taller and wider pink hydration bottle next to it (which appears to be 1000-1500 mL based on its hour-marked刻度), the red bottle is significantly smaller, consistent with a standard 500 mL disposable or light reusable bottle.",500.0,,"The red-marked container is a standard single-use plastic water bottle. Based on its size and shape relative to the surrounding environment and the other bottle, it appears to be a common 500 mL size."
P-liquid_volume-image38.jpg,1325.0,,"Based on the visual evidence, the blue bottle is a stainless steel travel flask. Comparing its size to the 'FatRod' and 'Qpsara' items in the crate next to it (which are relatively small game accessories of approx. 15-20cm), the bottle appears significantly taller, likely around 30-35cm in height. Its diameter appears to be roughly 7-8cm. A cylinder of this size (h=30cm, r=3.75cm) has a volume of approximately 1325ml. However, common commercial sizes for such flasks are typically 1000ml (1L), 1500ml (1.5L), or 1325ml (a standard Japanese can/bottle size). Given the slender profile, it resembles a standard 1-liter travel bottle or a slightly larger 1.25L-1.3L 'cool touch' style flask. Without exact branding, 1325.0mL is a precise estimate for this specific shape popular in Japanese markets where the accompanying games are from, but 1000.0mL is also a strong possibility for a generic estimate. However, visually it looks slightly larger than a standard 1L plastic bottle, suggesting 1325ml or 1.5L. Let's estimate slightly more conservatively at a full 1.3 liters capacity.",1000.0,,"The object is a blue insulated water bottle. Based on its proportions relative to the standard size of the pencil boxes nearby (approximately 18-20 cm), the bottle is estimated to be around 25-28 cm in height and 7-8 cm in diameter. A cylinder with these dimensions typically has a capacity around 1000 mL, which is a very common size for this style of water bottle."
P-liquid_volume-image4.jpg,450.0,,"The red-marked object is a glass bowl. Comparing its size to the adjacent purple thermos bottle (likely around 500ml capacity) and the mug underneath (standard 300ml mug size), the bowl appears slightly larger than the mug but shallower. A standard small mixing bowl or serving bowl of this size typically holds between 400ml and 500ml. Based on visual estimation of its diameter (approx 10-11cm) and depth, a capacity around 450ml is a reasonable estimate.",400.0,,"The container is a small glass bowl with a truncated cone shape. Estimating its dimensions as having a top diameter of approximately 11 cm, a bottom diameter of 7 cm, and a height of 6 cm, the volume can be calculated using the frustum formula: V = (1/3) * π * h * (r1² + r2² + r1*r2). This gives V ≈ (1/3) * 3.14 * 6 * (5.5² + 3.5² + 5.5*3.5) ≈ 6.28 * (30.25 + 12.25 + 19.25) ≈ 6.28 * 61.75 ≈ 388 mL. Rounding to a reasonable estimate, it's approximately 400 mL."
P-liquid_volume-image40.jpg,100.0,,"The red-marked object appears to be a small, clear plastic bottle or cylinder with a green cap. Based on its visual dimensions relative to the larger jar of nuts and the nearby yellow adapter, it resembles a standard small lab or product bottle, likely with a diameter of about 4-5 cm and a height of around 10-12 cm. A cylinder of these dimensions would have a volume of roughly 125 mL, but accounting for tapering (typical for bottles), a capacity of 100 mL is a reasonable estimate.",50.0,,"The red-marked container is a small, slim plastic bottle, likely a travel-sized toiletries or pharmaceutical bottle. Based on its proportions relative to the surrounding objects (like the phone charger and the larger jar), it appears to be approximately 8-10 cm in height and 2-3 cm in diameter, which corresponds to a typical capacity of about 50 mL."
P-liquid_volume-image41.jpg,600.0,,"Estimating based on standard sizes for insulated bottles of this shape and comparing it to the nearby glass bowl and ceramic cup, the bottle appears to be a medium-sized travel mug, likely around 600ml.",500.0,,"The red-marked container is a slim, cylindrical thermal bottle. Estimating its dimensions based on the human hand for scale, the diameter is approximately 6.5 cm and the height is roughly 18 cm. Using the volume formula for a cylinder (V = π * r^2 * h), V ≈ 3.14 * (3.25)^2 * 18 ≈ 597 mL. Given common standard sizes for such portable bottles, 500 mL is a very likely capacity."
P-liquid_volume-image42.jpg,946.0,,"The object is an Owala brand water bottle, identifiable by the logo and distinct 'squishy' drinking spout design. Common varying capacities for Owala bottles (specifically the FreeState/FreSip lines which this resembles) are typically 24 oz (approx. 710 mL) and 32 oz (approx. 946 mL). Comparing it to the nearby objects—a standard mini heat gun (approx. 20-22 cm long) and a sandal (approx. 28-30 cm long)—the bottle appears to be slightly taller than the heat gun and comparable to or slightly shorter than the sandal's length. This physical scale (approx. 25-28 cm height) is most consistent with the larger 32 oz model rather than the smaller 24 oz model. Therefore, the capacity is estimated to be approximately 32 oz.",710.0,,"The red-marked container is an Owala water bottle. Based on its proportions relative to the nearby yellow sandal (which is typically around 25-30 cm in length) and the green water bottle, it appears to be one of the standard Owala FreeSip sizes. The bottle's slender shape is consistent with the 24 oz model, which has a capacity of approximately 710 mL."
P-liquid_volume-image44.jpg,300.0,,"The object is a standard ceramic mug, indicated by the 'ROXX' box it is sitting on. Standard mugs of this height and girth typically hold between 250ml and 350ml. A reasonable estimate for its full capacity is 300ml.",350.0,,"The red-marked container is a standard ceramic coffee mug. Typical coffee mugs of this size and shape generally have a capacity between 300 mL and 450 mL. Given its proportions, 350 mL is a reasonable estimate for its full capacity."
P-liquid_volume-image46.jpg,300.0,,"The image shows a plastic beaker with graduation marks. Visible marks include 100, 200, and 300 mL. The bottom of the meniscus (the curved surface of the liquid) aligns with the 300 mL mark.",150.0,,"The red-marked container is a beaker with markings of 100, 200, 300, and 400 mL. The liquid level is located between the 100 mL and 200 mL marks, appearing to be approximately halfway between them."
P-liquid_volume-image47.jpg,500.0,,"The container appears to be a standard plastic squeeze bottle, likely containing syrup or a similar liquid, placed next to a ukulele. Comparing its dimensions to the ukulele (neck length approx. 60cm), the bottle is about 1/3 the length (approx. 20cm) and slightly wider than the sound hole (approx. 8cm diameter). These dimensions (approx. 20cm height, 8cm width) correspond to a typical 500mL bottle volume.",500.0,,"The container is a plastic bottle placed next to a ukulele. Based on the relative size of the bottle compared to the ukulele body (which is typically around 17-20 cm long), the bottle appears to be approximately 15-20 cm tall with a diameter of around 6-7 cm. These dimensions are characteristic of a standard 500 mL bottle."
P-liquid_volume-image48.jpg,350.0,,"The red-marked object is a travel mug or tumbler, which typically holds between 350 mL and 500 mL. Based on its proportions relative to the tall glass bottle next to it (likely a standard 330-500 mL bottle) and common mug sizes, it resembles a standard 12-ounce (approx. 355 mL) coffee mug.",1183.0,,"The red-marked container is a large insulated tumbler with a handle and straw, highly resembling a popular 40 oz (approximately 1183 mL) model."
P-liquid_volume-image49.jpg,600.0,,"Based on the poker chip next to the bottle, which is approximately 4 cm in diameter, the bottle appears to be about 6-7 cm wide and roughly 18-20 cm tall. Using the cylinder volume formula (V = pi * r^2 * h), with a radius of roughly 3.5 cm and height of 19 cm, the volume is approximately 730 mL. Considering the tapered neck and typical thermos dimensions, a standard medium travel bottle size is estimated, likely around 500-750 mL. Given the proportions, 600 mL is a reasonable estimate.",1000.0,,"The container is a blue vacuum flask. Using the poker chips as a scale (standard diameter approx 40mm), the flask's diameter is estimated at around 7.5cm and its height at around 25cm. Calculating the volume of a cylinder with these dimensions (pi * 3.75^2 * 25) gives approximately 1100 mL. Given common commercial sizes, 1000 mL is a very likely capacity for a flask of this shape."
P-liquid_volume-image5.jpg,50.0,,"The object is a small glass bottle with a pump dispenser, likely a fragrance (Barney's New York Warrior Neroli Porto). It is placed on top of a standard-sized pet food can (approx. 10-12 cm in diameter, 5-6 cm in height). The bottle's diameter appears to be roughly half the can's diameter (approx. 4-5 cm) and its body height is similar to the can's height (approx. 5-6 cm). This size profile corresponds to a standard travel-size or small retail perfume bottle, typically holding around 50 mL.",50.0,,"The red-marked container is a small, cylindrical glass bottle, typical for perfume or essential oils. Based on its proportions relative to the surrounding objects (like the tin it's resting on), its diameter is approximately 3.5 cm and its height is about 5-6 cm. Calculating the volume of a cylinder with these dimensions gives approximately 48-57 mL, which aligns with the standard common size of 50 mL for such bottles."
P-liquid_volume-image50.jpg,30.0,,"The container is a small pump bottle, likely for serum or oil. Comparing its size to the standard Jenga block it rests on (approx. 6 cm in length) and the scale of a human hand, the bottle has a height of approximately 8-9 cm and a diameter of roughly 2.0-2.2 cm. These dimensions correspond to a volume of approximately 30 mL, which is a common size for such cosmetic bottles.",150.0,,"The red-marked object is a standard aerosol spray can, likely a body spray or deodorant. Based on its proportions relative to the hand and the wooden blocks, and comparing it to common commercial sizes for this type of product, 150 mL is a highly typical full capacity."
P-liquid_volume-image51.jpg,1030.0,,"Comparing the bowl's size to the adjacent black power bank (approx. 12cm long), the bowl appears to have a diameter of roughly 14-15cm. This is a standard size for a large soup or mixing bowl, which typically holds around 1 liter or slightly more.",500.0,,"The container is a clear plastic bowl. Using the adjacent power bank as a size reference (typically ~14 cm in length), the bowl's diameter is estimated at approximately 15-16 cm and its depth at approximately 5 cm. Calculating the volume of a spherical cap with these dimensions (radius ~7.75 cm, height ~5 cm), the volume is roughly 500-600 mL. 500 mL is a standard size for such household plastic bowls."
P-liquid_volume-image53.jpg,1000.0,,"The object is a plastic water bottle sitting on a stack of Jenga blocks. Standard Jenga blocks are approximately 3.8 cm in height. The stack appears to be about 3-4 blocks high, roughly 12-15 cm. The bottle height appears to be about 2-3 times the height of the stack, suggesting a total height of around 30-35 cm. This height and the distinctive tapered shape with horizontal ridges (typical of 'Sumo' style bottles) are characteristic of a 1-liter (1000 mL) to 1.5-liter bottle. Given it's a standard single-use bottle, 1000 mL is a very common size.",500.0,,"The red-marked container is a standard-sized plastic water bottle. Based on its proportions relative to the person's hand and its typical shape, it is most likely a 500 mL bottle."
P-liquid_volume-image54.jpg,1000.0,,"The image shows a sports water bottle, identifiable by the 'nathan' brand name printed on it. Nathan water bottles are common sports equipment often available in standard capacities like 600ml, 1000ml, and 1500ml. Comparing the bottle's size to the adjacent coffee jar (which appears to be a standard 100-250g jar), the bottle is significantly longer but has a similar diameter. The proportions—estimated length of roughly 25-30cm and diameter of roughly 7-8cm—align well with a standard 1-liter water bottle.",750.0,,"The red-marked container is a sports water bottle. Comparing its size to the adjacent coffee jar (which typically holds around 200-400 mL), the water bottle is significantly larger in both length and diameter. Based on its proportions and common commercial sizes for such plastic sports bottles, it appears to be a 750 mL capacity bottle."
P-liquid_volume-image55.jpg,500.0,,"The image shows a tall, slender glass bottle next to a standard coffee mug. A standard mug holds approximately 250-350 mL. The bottle appears to be roughly 3 times the height of the mug. However, it is noticeably narrower (approximately 70% the diameter). Estimating the volume: Volume ≈ (Height Ratio) * (Diameter Ratio)^2 * Mug Volume ≈ 3 * (0.7)^2 * 300 mL ≈ 441 mL. Given standard commercial sizes, this is most likely a 500 mL bottle.",330.0,,"The red-marked container is a clear glass bottle. Comparing its size to the nearby ceramic mug, which typically has a capacity of 300-400 mL, the bottle appears to have a similar total volume. Its shape is characteristic of a standard small beverage bottle, such as those used for beer or soda, which commonly have a capacity of 330 mL."
P-liquid_volume-image56.jpg,500.0,,"Based on the scale provided by the standard 16mm red die and the hand, the inverted glass container in the red box has a diameter of approximately 8-10 cm and a height of roughly 8-10 cm. Comparing it to the adjacent white plastic cylinder (which appears to be a 500ml graduated cylinder based on its markings and size relative to the hand), the glass container has a similar visual volume. A cylinder of this size would hold approximately 600-700 mL, but as a tapered glass vessel, it likely holds around 500 mL.",300.0,,"The container marked in red is a dome-shaped plastic vessel. Above it is a measuring beaker with markings up to 250 mL. Comparing the two, the bottom container is wider but shorter than the beaker. Estimating its dimensions based on the nearby red die (typically ~1.6 cm) and the 250 mL beaker, the bottom container's volume appears to be slightly larger than the 250 mL beaker, likely around 300 mL."
P-liquid_volume-image57.jpg,500.0,,"The orange container appears to be a plastic measuring cup or pitcher. Comparing it to the smartphone on the grass (approx 7cm wide) and the large water bottle above (approx 1L-1.5L capacity), the container has a top diameter of roughly 10-12cm and a height of 10-12cm. A cylinder of this size would hold around 800-1000mL, but the tapered shape reduces the volume. It looks roughly half the volume of the 1.5L bottle above. A standard size for such a container is 500mL.",800.0,,"The orange container is a truncated cone shape. Using the nearby smartphone (approximately 16 cm in length) as a size reference, the container has a top diameter of roughly 13 cm, a bottom diameter of roughly 9 cm, and a height of about 10 cm. Calculating the volume of a truncated cone: V = (1/3) * π * h * (r1^2 + r2^2 + r1*r2) ≈ (1/3) * 3.14 * 10 * (6.5^2 + 4.5^2 + 6.5*4.5) ≈ 10.47 * (42.25 + 20.25 + 29.25) ≈ 10.47 * 91.75 ≈ 960 mL. Given typical plastic container sizes, it's likely around 750-1000 mL. I'll estimate it at 800 mL."
P-liquid_volume-image58.jpg,500.0,,"The red-marked container is a clear glass bottle with a screw-top neck, resembling a standard beverage bottle like those used for cider, soda, or juice. Comparing it to the small glass bowl next to it (which appears to be roughly 150-200ml), the bottle is significantly taller and has a comparable base width. Typical bottles of this shape and size (approx. 7-8 cm diameter and 25 cm height) usually hold around 500 ml.",500.0,,"The red-marked container is a clear glass bottle. Based on its proportions relative to the adjacent small glass bowl and common bottle sizes, it appears to be a standard small beverage bottle. Its approximate dimensions (height ~20-25 cm, diameter ~6-7 cm) suggest a capacity in the range of 500 mL."
P-liquid_volume-image59.jpg,800.0,,"The image shows a perforated sports water bottle. Using the standard red dice (approx 16mm width) for scale, the bottle's diameter appears to be roughly 7-8 cm and the height of the main body roughly 15-18 cm. This corresponds to a volume of roughly 700-900 mL. Additionally, there are faint volume markings on the side of the bottle that appear to read '800', which is a standard capacity for this type of bottle.",500.0,,"The image shows a portable plastic water bottle. Based on its size relative to the human hand and standard six-sided dice (approx 1.6cm), the bottle's dimensions are approximately 15-20cm in height and 6-7cm in diameter. This is consistent with a standard small-to-medium portable water bottle, which typically has a capacity of around 500 mL."
P-liquid_volume-image6.jpg,500.0,,"Based on visual comparison with standard beverage containers (like soda cans or small sports drink bottles) and typical dimensions for reusable travel mugs/thermoses, the green container appears to be a standard 500 mL size.",500.0,,"The red-marked container is a cylindrical insulated bottle. Comparing its proportions to the blue flask beside it and typical commercial sizes for such containers, it appears to be a standard 500mL capacity bottle."
P-liquid_volume-image60.jpg,1000.0,,"The object in the red box is a cylindrical plastic bottle. Based on its dimensions relative to the human hand and the other bottle, it appears to be a standard 1-liter (or possibly 750ml-1.5L) beverage bottle. Typical 1L bottles have a diameter of about 7-8 cm and height of about 22-24 cm. Estimating a radius of 3.5 cm and height of 23 cm gives a volume of roughly 890 mL, which is consistent with a 1000 mL standard capacity.",500.0,,"The red-marked container is a blue cylindrical thermos. Based on its visual proportions relative to the nearby Dettol bottle (likely 500 mL) and a human hand, it appears to be a standard-sized travel thermos, which typically has a capacity of 500 mL."
P-liquid_volume-image61.jpg,500.0,,"The object is a plastic bottle filled with yellow liquid, likely cooking oil or liquid soap, indicated by the pump spray mechanism. Comparing its size to the smaller white/green bottle (approx. 50-100ml) and the dark bottle next to it (approx. 200-300ml), the yellow bottle appears to be a standard medium-sized container. Standard capacities for such household bottles are typically 250ml, 500ml, or 1000ml. Given its girth relative to the other items, it resembles a standard 500ml bottle.",1000.0,,"The red-marked container is a clear plastic bottle containing a yellow liquid, which is characteristic of cooking oil packaging. Based on its shape and size relative to the other smaller bottles nearby, it appears to be a standard 1-liter bottle."
P-liquid_volume-image62.jpg,40.0,,"The red-marked container appears to be a disposable dental flask or a similar small plastic bottle commonly used for travel or single-use purposes. Based on its height relative to the nearby perfume bottle (which is likely 30-50mL) and pens, and its cylindrical shape, it resembles standard disposable dental flasks which typically have a capacity of 40mL or 60mL. Given the proportions, 40mL is a very common standard size for such items.",100.0,,The label on the container explicitly states 'Contents: 100 ml (3.38 fl oz)'.
P-liquid_volume-image63.jpg,500.0,,"The red-marked container is a translucent green reusable water bottle with a spout lid, similar to a Brita replacement jug or standard sports bottle. Comparing it to the glass bottle next to it (which appears to be a standard 330-350ml beverage bottle), the green bottle is slightly taller and similar in diameter. A standard 500ml (16.9 oz) bottle fits these visual proportions well, being slightly taller than a 330ml bottle but not significantly larger in width. The visible markings on the side, though faint, are consistent with capacity indicators for this size class.",600.0,,"The red-marked container is a typical plastic reusable sports water bottle. Based on its size relative to the surrounding environment and the adjacent clear glass bottle (which appears to be around 500-750 mL), it most likely has a standard capacity of approximately 600 mL."
P-liquid_volume-image64.jpg,1000.0,,"The red-marked object is a clear plastic water bottle lying on top of a red container. Comparing its size to the orange cup next to it, which appears to be a standard small cup (approx. 250-300ml), the bottle looks significantly larger in length and girth, resembling a standard 1-liter plastic water bottle. Standard PET water bottles of this shape and size relative to a child's cup are typically 1000 mL.",500.0,,The red-marked container is a standard small disposable plastic water bottle. These typically have a capacity of 500 mL.
P-liquid_volume-image65.jpg,500.0,,"The red-marked object is a purple insulated travel bottle. Comparing its size to the standard mug above it (likely ~350ml) and its diameter relative to its height, it resembles a standard 500ml water bottle or travel tumbler commonly sold in stackable sets.",300.0,,"The red-marked container is a purple cylindrical object. Comparing its size to the red die (approximately 1.6 cm) and the overall proportions, it has an estimated diameter of about 5-6 cm and a height of about 12-15 cm. Using the volume formula for a cylinder (V = πr²h), if r ≈ 2.75 cm and h ≈ 13 cm, V ≈ 3.14 * 7.56 * 13 ≈ 309 mL. A reasonable estimate for this size of a small travel-style container is around 300 mL."
P-liquid_volume-image66.jpg,850.0,,"The red-marked container is a tall, cylindrical water bottle that resembles a standard travel mug (like a Contigo West Loop). Visually comparing it to the small rectangular box next to it (which appears to be a small snack or tea box, approx. 150-200ml), the bottle is significantly larger—roughly 4 to 5 times the volume. A standard travel bottle of this height (approx. 23-25cm) and diameter (approx. 7-8cm) typically holds around 750ml to 1000ml. Given the proportions, it looks like a 24oz (approx 710ml) or 32oz (approx 950ml) bottle. I will estimate a mid-range value between these common sizes.",750.0,,"The red-marked object is a reusable water bottle. Based on its proportions and comparison to the adjacent small jar, it resembles a standard sports water bottle, which typically has a capacity between 500mL and 1000mL. Its size suggests a common capacity of approximately 750mL."
P-liquid_volume-image67.jpg,125.0,,"The red-marked container is a dark, rectangular-ish pump bottle, likely containing lotion, sunscreen, or a similar liquid. Comparing it to the adjacent jar (which resembles a standard 12-16 oz / 350-500g coffee jar) and the coiled rope, the bottle appears to be of a standard 'daily' or travel size. It is noticeably narrower and slightly shorter than the coffee jar, suggesting a volume smaller than 250mL but larger than a 50mL sample. Common sizes for this type of pump bottle are 100mL, 125mL, or 150mL. Based on the aspect ratio and size relative to the rope and jar, a capacity of around 125mL is the most probable estimate.",250.0,,"The red-marked container is a pump-action bottle, typically used for lotions or soap. Based on its size relative to the surrounding objects and common commercial packaging, its volume is estimated to be around 250 mL."
P-liquid_volume-image68.jpg,75000.0,,"The object is a standard large checked luggage suitcase. Typical capacity for this size (likely a 25-26 inch or similar medium-large suitcases) ranges from 65 to 75 liters. Converting 75 liters to milliliters gives 75,000 ml.",112500.0,,"The red-marked object is a large piece of luggage. Typical large check-in suitcases have a capacity of approximately 100 to 130 liters. Estimating dimensions of roughly 75cm x 50cm x 30cm results in a volume of 112,500 cubic centimeters, which equals 112,500 mL."
P-liquid_volume-image69.jpg,18900.0,,"The image shows a standard large water cooler bottle, commonly known as a 5-gallon jug. These bottles typically hold approximately 18.9 liters (5 gallons). Converting liters to milliliters (1 liter = 1000 mL), the capacity is roughly 18,900 mL.",18927.0,,"The container highlighted in red is a standard 5-gallon water carboy commonly used for water dispensers. 5 US gallons is approximately 18,927 mL."
P-liquid_volume-image7.jpg,380.0,,"The green container appears to be a standard military mess tin or a small thermos flask. Comparing it to the blue flask (likely a 500ml thermos) and the small medicine bottle (likely 100-250ml), the green container has a height of approximately 15-20 cm and a diameter of about 6 cm. Using the cylinder volume formula (V = pi * r^2 * h), with r ~ 3 cm and h ~ 18 cm, the volume is roughly 500 cm^3 (mL), but given the perspective and typical sizes for such 'canteen' cups (often 250ml or 350ml), a range of 300-400 mL is most probable. It looks slightly smaller than the adjacent blue flask which is likely a 500ml capacity. A 350-400ml estimate fits best visually as a medium-sized flask.",500.0,,"The red-marked container is a green cylindrical bottle. Comparing it to the clear plastic bottle on the left (which appears to be a standard pump bottle, likely around 400-500 mL) and the larger blue thermos in the center (likely 750-1000 mL), the green bottle's dimensions suggest a capacity of approximately 500 to 600 mL, which is a very common size for such portable drinkware."
P-liquid_volume-image70.jpg,0.0,,"The object enclosed in the red box is a traffic cone, which is a solid safety device used for marking hazards or construction zones. It is not a container designed to hold liquids, so it has no capacity.",25000.0,,"The object is a standard traffic cone. Assuming a height of approximately 70 cm, a base radius of about 16 cm, and a top radius of about 5 cm, the volume of the conical frustum can be calculated using the formula V = (1/3) * π * h * (r1^2 + r1*r2 + r2^2). This gives V ≈ (1/3) * 3.14 * 70 * (16^2 + 16*5 + 5^2) ≈ 23.3 * (256 + 80 + 25) ≈ 23.3 * 361 ≈ 8411 cm^3. Wait, recalculating: (1/3) * 3.14 * 70 * 361 ≈ 26470 mL. A reasonable estimate for such a cone's capacity is around 25,000 mL."
P-liquid_volume-image71-pov2.jpg,750.0,,"The bottle is a standard pump dispenser, likely containing body wash or lotion. Comparing it to the stainless steel water bottle next to it (typically 500-750ml), this bottle appears taller and slender, suggesting a capacity around 750ml. Common sizes for such brands (Gulabari) are 500ml, 750ml, and 1L. Given its slender height relative to the water bottle, 750ml is the most probable estimate.",400.0,,"The red-marked container is a bottle of Gulabari moisturizing lotion. Based on its size relative to other objects on the desk and standard commercial sizes for this product, it appears to be a 400 mL bottle."
P-liquid_volume-image71.jpg,250.0,,"The object is a standard pump bottle of Gulabari body lotion. Comparing its size to the adjacent water bottle (likely 500-600ml) and laptop, it appears to be a medium-sized household bottle. These specific lotion bottles typically come in 200ml or 250ml capacities. Based on the proportions and standard packaging for this brand, 250ml is the most likely full capacity.",400.0,,"The red-marked object is a bottle of Gulabari Moisturizing Body Lotion. Based on its size relative to nearby objects like the computer mouse and the stainless steel water bottle (typically 500-750ml), and comparing its proportions to standard commercial packaging for body lotions, it appears to be a common 400ml size."
P-liquid_volume-image72.jpg,600.0,,"The object is a glass pitcher or carafe sitting on a desk. Comparing it to the stainless steel water bottle next to it (which is likely a standard 500ml-750ml size) and the laptop sleeve, the glass has a moderate width and height. A standard water bottle is roughly 25-30cm tall. This glass appears to be about 1/2 to 2/3 that height, roughly 12-15cm. Its diameter looks to be around 8-9cm. A cylinder with these dimensions ($\pi * 4.5^2 * 12 \approx 760$ ml or $\pi * 4^2 * 14 \approx 700$ ml) would fit. It is likely a medium serving pitcher, often selling in 500ml-600ml or 1000ml sizes. Given the proportions, 600ml is a reasonable estimate for its full capacity.",500.0,,"The red-marked container is a cylindrical glass mug. Based on its proportions relative to the surrounding objects (like the laptop sleeve), its diameter is approximately 8-9 cm and its height is approximately 10-11 cm. Using the formula for the volume of a cylinder (V = πr²h), a diameter of 8.5 cm (r=4.25 cm) and height of 10.5 cm gives a volume of roughly 600 mL. Typical capacities for this style of mug range from 400 to 600 mL."
P-liquid_volume-image73-pov2.jpg,400.0,,"The red-marked object is a stainless steel beverage cup or tumbler. Comparing it to the stainless steel bottle next to it (which appears to be a standard 500ml flask) and the water pitcher on the left (likely 1L-1.5L), the cup appears to be a medium-sized vessel, typical for tea or coffee. Visually, it is wider but slightly shorter than the 500ml bottle, suggesting a volume slightly less than or comparable to it, around 400ml.",1500.0,,"The glass pitcher next to the red-marked container has volume markings at 300, 600, and 900 mL, suggesting a total capacity of approximately 1200 mL. The red-marked stainless steel container is slightly shorter but significantly wider in its middle section compared to the glass pitcher. Estimating its average diameter to be about 20-30% larger than that of the glass pitcher, and accounting for its bulbous shape, its total capacity is likely between 1.5 and 2 liters. A reasonable estimate is 1500 mL."
P-liquid_volume-image73.jpg,850.0,,"The object is a large stainless steel jug or pitcher, commonly used for serving water or tea. Comparing it to the standard 500-600ml water bottle next to it and the glass carafe behind it, this jug appears wider but shorter. Standard jugs of this type (often found in households, specifically those with a side handle and pouring lip) typically have capacities ranging from 750ml to 1000ml (1 liter). Based on its dimensions relative to the nearby items (estimating a diameter of roughly 11cm and height of 16-18cm), a volume around 800-900ml is visually consistent. A 750ml is a standard size for such jugs, but it looks slightly larger, perhaps close to 1 liter. I will estimate it at 850 ml.",1000.0,,"The red-marked container is a stainless steel pitcher. Comparing its size to the nearby water bottle (likely 500-750mL) and the plastic jug (likely 1.5L), the pitcher appears to have a capacity of approximately 1 liter, given its width and height."
P-liquid_volume-image74-pov2.jpg,22500.0,,"The image displays a standard medium-sized backpack, likely a daypack or commuter bag. Based on its size relative to the bed and furniture, and its typical design features (side pockets, front compression straps), it has a volume roughly equivalent to 20-25 liters.",25000.0,,"The red-marked item is a standard medium-sized backpack. Typical daypacks of this style have a capacity ranging from 20 to 30 liters. Estimating a volume of approximately 25 liters, which converts to 25,000 mL."
P-liquid_volume-image74.jpg,25000.0,,"The image shows a medium-sized backpack. Comparing its size relative to the adult hand holding it and the bedspread pattern, the dimensions appear to be approximately 40 cm in height, 30 cm in width, and 20 cm in depth. A standard backpack of these dimensions typically holds around 20-30 liters. Estimating the total capacity gives a value around 25,000 mL.",20000.0,,"The red-marked item is a standard-sized black backpack. A typical daypack has a capacity of approximately 20 to 30 liters. Estimating this specific backpack at around 20 liters, which converts to 20,000 mL."
P-liquid_volume-image75.jpg,500.0,,"Based on visual comparison with standard kitchen objects like the scissors (approx 20cm) and the potato bag, the container has a diameter of roughly 10-11 cm and a depth of about 6-7 cm. Using the cylinder volume formula (V = pi * r^2 * h), with r ~ 5.5 cm and h ~ 6 cm, the volume is approximately 580 mL. Comparing it to standard glass food storage sets which often include 500mL or 600mL bowls, a size around 500-600 mL is most likely. It looks like a standard 'half-quart' or '2-cup' size.",500.0,,"The container is a small, round glass storage bowl. Estimating its diameter to be approximately 11 cm and its height to be about 5-6 cm, the volume can be calculated as V = π * r^2 * h. Using r = 5.5 cm and h = 5.5 cm, V ≈ 3.14 * 30.25 * 5.5 ≈ 522 mL. This aligns with common standard sizes for small glass food containers, which are typically around 500 mL."
P-liquid_volume-image8.jpg,1000.0,,"The bottle appears to be a standard plastic water bottle. Comparing its dimensions to the adjacent aerosol can (typically around 200-250ml) and the large funnel, the bottle is significantly taller and wider, consistent with a standard 1-liter size.",500.0,,"The red-marked container is a standard plastic water bottle, which typically has a capacity of 500 mL."
P-liquid_volume-image9.jpg,500.0,,"The object is a purple cylindrical travel thermos. Comparing its size to the standard red die (approx 1.5cm) and the adjacent green water bottle (likely 750ml-1L), the thermos appears to be a standard medium-sized travel mug. Its diameter is estimated to be around 6cm and its height around 17cm. Using the cylinder volume formula V = pi * r^2 * h, where r=3cm and h=17cm, the volume is approximately 477ml. Common travel thermos sizes are 450ml, 500ml, or 530ml. A value of 500ml is a reasonable estimate for this type of container.",500.0,,"The purple container is a slim thermos-style bottle. Comparing its dimensions to the surrounding objects, it has an estimated diameter of approximately 6.5 cm and a height of about 20 cm. Using the volume formula for a cylinder (V = πr²h), this yields approximately 660 mL. However, standard commercial sizes for this specific form factor are typically 500 mL."
P-stability-image1.jpg,0.0,,"The image shows a plank of wood resting on a table surface at the left end and propped up by a wooden block. The structure is currently in a state of static equilibrium (it is not moving or falling). Therefore, no additional weight needs to be placed to maintain its balance.",300.0,,"The plywood board is resting on a wooden block (fulcrum) placed off-center, approximately 70-75% of the way along its length. To balance the board horizontally, weight must be added to the shorter right side. Estimating the board's dimensions at roughly 60cm x 10cm x 1cm, its mass would be approximately 300-500 grams. Based on the torque balance (Mass_board * distance_from_CoM_to_fulcrum = Mass_added * distance_from_fulcrum_to_end), the required added weight is roughly proportional to the mass of the board, estimated here at around 300 grams."
P-stability-image10.jpg,45.0,,"Based on the visual evidence, the wooden plank is inclined against a wall. The red marker indicates the angle of inclination with respect to the floor. Comparing the vertical height on the wall to the horizontal base on the floor, they appear roughly equal in length, suggesting an isosceles right triangle configuration. This corresponds to an angle of approximately 45 degrees. In physics contexts, 45 degrees is a common critical angle for sliding objects on ramps (assuming a coefficient of friction around 1.0, or simply as a standard demonstration angle).",45.0,,"The object is a board leaning against a wall. For a leaning board to be in limiting equilibrium, the angle theta with the floor must satisfy tan(theta) = 1/(2*mu), where mu is the coefficient of static friction between the board and the floor. For common materials like fiberboard on smooth tile, mu is typically in the range of 0.4 to 0.6. If mu = 0.5, then tan(theta) = 1, which gives theta = 45 degrees. Looking at the visual angle in the image, the board appears to be leaned at an angle roughly between 40 and 50 degrees, making 45 degrees a reasonable estimate for the critical sliding angle."
P-stability-image11.jpg,15.0,,"The image shows an Eames-style wooden chair standing upright on a tabletop. The chair appears to be positioned near the front edge of the table (closest to the camera). The structure is currently stable. The maximum distance it can be moved forward before it falls off the table is determined by the distance to the nearest table edge. Based on the perspective and the size of standard table heights (approx. 76cm) and chair dimensions, the visible gap between the chair's front legs and the table edge (where the foreground chair back is located below) suggests a distance of roughly 10-15 cm.",3.0,,"The leftmost leg of the chair is positioned very close to the edge of the table. Moving the chair just a few centimeters further to the left would cause this leg to slide off the table surface, leading to instability and causing the chair to tip over."
P-stability-image12.jpg,10.0,,"The structure appears to be an upside-down wooden chair resting on a table, with its seat (round part) and legs inside the red box. The chair is positioned near the edge of the table. Based on the perspective, the front of the chair is close to the table's edge. The distance it can slide before falling off or tipping is short, likely a few centimeters.",2.0,,"The inverted chair is positioned such that a significant portion of its structure is already overhanging the table edge. Its center of mass is very close to the edge of the table; moving it just a few centimeters further to the right will shift the center of gravity beyond the support base, causing it to fall."
P-stability-image14.jpg,4.0,,"The object (a metal lid) is resting on a stainless steel shelf. It is positioned closer to the left edge of the shelf compartment than the right or front edge. The gap between the left side of the lid and the left edge of the shelf appears to be the smallest clearance, estimated visually at approximately 4 cm, which is the limiting factor before it would slide off the edge.",10.0,,"The object is a stainless steel hotel pan resting on two parallel support rails. To 'fall', it would either need to be moved laterally until its center of gravity passes one of the rails, causing it to tip, or moved forward until its center of gravity passes the end of the rails. Given the dimensions of a standard full-size GN pan (approximately 53cm x 32.5cm), the distance from the center to the support rails is estimated to be around 10cm. Lateral movement is limited by the surrounding stainless steel basin, but moving it forward would require significantly more distance (approximately 25-30cm). Thus, the most likely 'minimum distance' to cause it to fall (by tipping, if possible) is roughly 10cm."
P-stability-image15.jpg,2.7,,"The image shows a lever system with a cup on the left and a white, round object (likely a ping pong ball) on the right. The right side is lower, indicating it is heavier or has more torque. To balance the structure, weight needs to be added to the left side (the cup). Assuming the object on the right is a standard ping pong ball with a mass of approximately 2.7 grams, and assuming the lever arms are roughly equal or similar, approximately 2.7 grams of weight would need to be added to the cup to balance the torque.",150.0,,"The structure consists of a wooden plank acting as a lever balanced on a fulcrum. The fulcrum is positioned slightly to the left of the center of the plank. On the right side, there is a wooden egg, which has more mass than the empty plastic cup on the left. Additionally, the right arm of the lever is longer than the left arm, and the imbalance of the plank's own weight also contributes torque to the right. Estimating the mass of the wooden egg at approximately 60-80g, the mass of the plank at around 300g, and the distance ratio of the arms as roughly 1.4:1, the total torque on the right is significantly higher than on the left. To balance the system, a weight of approximately 150 grams would need to be added to the cup on the left side."
P-stability-image16.jpg,120.0,,"The object in the blue box is a clear plastic measuring cup, likely a standard 1-cup (approx. 240 mL) size, judging by its proportions relative to the wooden plank and the ping-pong-like ball on the other end. The cup is partially filled with liquid (water). Visually, the liquid level is approximately halfway up the cup (roughly 50% full). Therefore, half of the 240 mL capacity is estimated to be 120 mL.",100.0,,"The image shows a small plastic beaker on a balance. Based on its size and typical laboratory equipment, it appears to be a standard 100 mL plastic beaker."
P-stability-image17.jpg,20.0,,"The image shows a wooden board leaning against a wall with a red angle marker at the base indicating the angle of inclination. Visually, the angle appears to be shallow, significantly less than 45 degrees but more than 10 degrees. Based on typical dimensions of such boards and the perspective, an angle of approximately 20 degrees is estimated. This angle is consistent with the critical angle for stability for wood on concrete (coefficient of friction ~0.35-0.5).",45.0,,"The board is leaning against a wall at an angle theta to the floor. For the board to slide down, the angle must be decreased until the horizontal force component exceeds the maximum static frictional force at the base. Assuming typical coefficients of friction for wood on a smooth floor (roughly 0.4 to 0.6), the critical angle theta_crit below which sliding occurs is typically in the range of 35 to 50 degrees. Visually, the current angle is around 65 degrees, so lowering it to approximately 45 degrees would likely cause it to slide."
P-stability-image18.jpg,0.0,,"The wooden board is leaning against a smooth concrete wall on a polished concrete floor, suggesting low coefficients of friction for both surfaces. The angle of the board appears steep but precarious, likely close to the critical angle where the horizontal normal force from the wall would overcome the maximum static friction at the base. Given the visual cues of slippery surfaces and a loose-leaning posture, the structure is likely on the verge of slipping or falling, meaning it cannot be moved far before instability occurs.",40.0,,"The plywood is currently leaning at a steep angle (approximately 65-70 degrees) against the wall on a polished concrete floor. Based on typical coefficients of static friction for wood on polished concrete, the structure could likely be moved further away from the wall until it reaches a critical slipping angle of approximately 50-60 degrees. Estimating the length of the board to be around 1.8 meters, the current base distance is roughly 60 cm, and the critical base distance would be around 100 cm, allowing for approximately 40 cm of additional movement."
P-stability-image19.jpg,2.0,,"The object is a pen lying horizontally on a wooden surface. It is positioned near the front edge of the platform. The cap end of the pen is the closest part to the edge. Based on the visual scale of the pen (approx 14-15 cm) and its position relative to the visible wood edge (which appears to overhang or end), the distance is estimated to be quite small, around 2 cm.",1.5,,"The object is a pen resting on a wooden ledge with its left end hanging over the edge. A typical pen is approximately 14-15 cm long. Based on the image, roughly 40-45% of the pen is already hanging over the edge. Since the center of mass of a pen is roughly in the middle, it only needs to be moved a short distance to the left for the center of mass to pass the edge and cause it to fall. I estimate this distance to be approximately 1.5 cm."
P-stability-image2.jpg,250.0,,"The setup consists of a plank resting on the floor at the left and supported by a wooden block at a point to the right of the plank's center of mass (COM). This makes it stable with the left side down. To tip the plank to the 'other side' (so the right end goes down), weight must be added to the right end to create enough torque to lift the left end off the floor. The torque from the added weight (at the end) must exceed the restoring torque from the plank's weight (acting at the COM, which is to the left of the block). Visually, the block is near the 60% mark of the plank's length. The COM is at 50%. The distance from the pivot to the COM ($d_1$) is ~10% of the length. The distance from the pivot to the end ($d_2$) is ~40% of the length. The ratio $d_1/d_2$ is roughly 0.25. The plank appears to be a small sheet of plywood, estimated to weigh around 1 kg. Therefore, the required weight is approximately $1000 \text{ g} \times 0.25 = 250 \text{ g}$.",270.0,,"The image shows a piece of plywood acting as a lever, balanced on a wooden block (fulcrum) that is positioned off-center, roughly two-thirds of the way from the left end. The left end is resting on the table, indicating that the center of mass is to the left of the fulcrum, creating a counter-clockwise torque. To tip the balance to the right, an external weight must be added to the right end. Estimating the plywood's dimensions as approximately 60cm x 10cm x 1.5cm and using a typical density of 600 kg/m^3, the board's mass is roughly 540g. With the fulcrum at 40cm and the center of mass at 30cm, the distance from the fulcrum to the center of mass is 10cm, while the distance to the right end is 20cm. The required weight W is calculated by W * 20cm = 540g * 10cm, giving W = 270g."
P-stability-image3.jpg,100.0,,"The board acts as a lever balanced on a fulcrum (the wooden block). Currently, the left side is down, indicating the board's weight (torque) is greater than the beaker's weight (torque). To tip the balance to the other side (right side down), weight must be added to the right side to overcome the board's torque. The board is a small piece of plywood (~200g) and the beaker is empty (~30g). Assuming the pivot is roughly 3/4 of the way down the board, the extra weight needed is approximately the difference in masses, around 100-150g.",450.0,,"The balance is currently tilted to the right because of the weight of the plastic beaker and the off-center placement of the fulcrum, which is shifted toward the left end of the board. The right arm of the lever is longer than the left arm, increasing the torque on the right side. To tip the balance to the left, a weight must be placed on the left end. Estimating the empty beaker at approximately 100g and considering the significant imbalance caused by the fulcrum position and the mass of the plywood board, it is estimated that about 450 grams would be required on the left side to tip the balance."
P-stability-image4.jpg,100.0,,"The image shows a lever (wooden board) balanced on a fulcrum (wooden block). The board is tilted down on the left, indicating the fulcrum is positioned to the right of the board's center of mass. A beaker sits on the raised right end. The beaker has visible markings, with the top visible number appearing to be '100', suggesting a capacity around 100 mL. The current water level is roughly halfway, around 40-50 mL. Since the left side is down, the current water mass is insufficient to tip the balance to the right. To tip the balance to the 'other side' (right side down), enough water needs to be added to overcome the torque of the board's left section. Given the likely short lever arm on the right, filling the beaker to its 100 mL capacity is a reasonable estimate to achieve the necessary torque.",100.0,,"The balance is currently tipped to the right due to the weight of a plastic beaker. The left side of the lever arm is visibly longer than the right side. Given that a medium-sized plastic beaker typically weighs around 100-150g, and the lever arm on the left provides a mechanical advantage, a small amount of water (approximately 100mL) placed on the far left would likely be sufficient to create enough torque to tip the balance to the other side."
P-stability-image5.jpg,500.0,,"The structure consists of a board resting on the edge of a table, with a beaker placed on the overhanging section. For the structure to tip, the center of mass of the entire system (board + beaker + water) must shift past the edge of the table. The board provides a restoring torque due to its weight on the supported side, while the beaker and water create a tipping torque on the overhanging side. Based on visual estimation, the board appears to be a small rectangular piece of wood/MDF (approx. 15x25cm, ~1cm thick), with a mass around 400-500g. The board is positioned such that it is supported significantly more than the overhang (possibly a 2:1 ratio of supported to overhang length). To tip the board, the torque from the water (acting at the beaker's position on the overhang) must overcome the restoring torque from the board's weight. Estimating the lever arms and board mass, a mass of water roughly equal to the board's mass (approx. 400-500g) is required. Given a standard 1000ml beaker, filling it to the halfway mark (500ml) is a reasonable estimate for the tipping point.",500.0,,"The board is cantilevered over the edge of the table. To make it fall, the clockwise torque from the weight of the water in the beaker must exceed the counter-clockwise torque from the part of the board resting on the table. Estimating the board's mass as approximately 1.2 kg, with about 35 cm on the table and 25 cm overhanging, and the beaker placed roughly 15 cm from the edge, the required mass of water to reach the tipping point is approximately (1200g * (35cm - 25cm) / 2) / 15cm = 400g. Given uncertainties in measurements and typical board densities, a value around 500g is a reasonable estimate for the tipping point."
P-stability-image6.jpg,500.0,,"The image shows a beaker placed on the overhanging part of a board that is balanced on a support. To make this structure fall (tip over), additional weight needs to be added to the beaker to shift the center of mass past the pivot point. The beaker appears to be a standard 500ml laboratory beaker. Filling it with water would add approximately 500g of weight, which provides enough torque to tip the board over. Alternatively, if the beaker itself is the critical mass (though it appears empty or partially filled), its capacity is the limiting factor.",1000.0,,"The structure is a cantilevered board. To tip it, the clockwise torque produced by the load on the overhanging section (plus the weight of the overhanging part of the board) must exceed the counter-clockwise torque produced by the weight of the supported section of the board. Estimating the board as MDF (approx 750kg/m3) with a supported length of ~35cm and an overhang of ~20cm, the counterweight of the supported section is significant. A load of approximately 1 kg placed at the position of the beaker would likely be enough to reach the tipping point."
P-stability-image7.jpg,200.0,,"The image shows a thin wooden board (likely MDF or plywood shelf material) resting on a table with a significant overhang, holding a plastic laboratory beaker/cup. Assuming the board is roughly 30-40cm long and 15cm wide with a mass of 300-500g, and is balanced such that its center of mass is slightly to the left of the table edge, the center of mass of the entire system must shift past the edge to tip. The cup appears to be a standard 200-250mL beaker. Calculating torques suggests that filling the cup to a moderate level (around 150-250 mL) would be sufficient to shift the combined center of mass past the pivot point and tip the structure.",200.0,,"The structure consists of a wooden board partially overhanging a table with a beaker placed on the overhanging section. Based on the visual dimensions, the board is approximately 2/3 on the table and 1/3 overhanging. Estimating the board's mass (approximately 600-800g for a piece of MDF of this size) and the leverage provided by the overhanging section (approx 10cm), the stabilizing torque from the portion on the table is partially offset by the board's own overhang and the empty beaker. Adding water to the beaker increases the downward force on the unstable side. For a standard 250mL beaker, adding around 200mL of water (200g) at a distance of ~8-10cm from the pivot should provide enough torque to exceed the stabilizing torque of the board on the table."
P-stability-image8.jpg,500.0,,"The image shows a structure resembling a balanced cantilever or lever setup on a table with a beaker (blue box) placed at the fulcrum or off-center. The question asks for the weight to make the structure fall, implying we need to estimate the critical tipping weight or the weight of the object (beaker) causing the precarious balance. A standard glass or plastic beaker of this size typically holds 500ml to 1000ml. A 500ml water-filled beaker weighs approximately 500-600g (500g water + 50-100g container). A 1000ml beaker weighs ~1-1.2kg. Given the visual size relative to the shelf spacing in the background, it resembles a 1-liter or 1-quart beaker, but might be half-filled or smaller. A safe bet for a standard 'beaker' weight in this context is 500g. However, a more standard physics 'set' with a tipping board often uses a 1000g weight or similar. If the beaker is empty (plastic), it could be 50-100g. However, the markings suggest it contains liquid or is a glass beaker. If it's filled, 1000g is likely. If it's 500ml, 500g. Let's assume the 'weight' in question is the mass of the object in the blue box, which is likely a 500g water load or the equivalent weight.",1000.0,,"The structure is a simple lever system. The stabilizing torque is provided by the mass of the wooden board resting on the table, and the tipping torque is provided by the weight of the beaker and the overhanging section of the board. Based on typical dimensions for MDF board (roughly 1.2cm thick, 30x30cm on the table) and a cantilever length of about 15cm, the weight required at the end of the overhang to exceed the stabilizing torque is estimated to be around 1000 grams."
P-stability-image9.jpg,30.0,,"The problem asks for the critical angle of friction (angle of repose) for the object to slide. This angle θ is given by θ = arctan(μ_s), where μ_s is the coefficient of static friction. Based on the visual appearance, the object is a wood-finished board (likely particle board or softwood) on a smooth concrete or tile floor. The coefficient of static friction for such materials is typically in the range of 0.5 to 0.6. μ=0.5 gives θ ≈ 26.5°, and μ=0.6 gives θ ≈ 31°. The marked angle in the image appears to be around 30 degrees, and typically 'would have to be' implies finding the threshold, which is often a round number in such estimates.",51.3,,"The problem describes a board leaning against a wall, which is a classic physics scenario. For a board to be stable without additional support (like the wooden block seen in the image), the friction at the floor must be sufficient to counteract the outward force. For a frictionless wall, the critical angle θ below which the board would slide is given by tan(θ) = 1 / (2μ), where μ is the coefficient of static friction. For wood on a smooth floor, μ is typically around 0.3 to 0.5. If μ = 0.4, then tan(θ) = 1 / 0.8 = 1.25, which gives θ ≈ 51.3 degrees. The current angle in the image appears to be around 60 degrees, suggesting it might be stable or close to the threshold."
P-weight-image1.jpg,200.0,,"The object is a small multi-LED flashlight, likely of the 'Monster Spot' style used for emergencies. Comparing it to the roll of duct tape (approx. 200-220g for a standard 1.88 inch x 7m roll) and the small white battery pack (approx. 50-100g), the flashlight appears to have a similar volume and mass class. These types of flashlights typically house 3 AAA or AA batteries and a large head with capacitors, resulting in a weight typically ranging from 150g to 250g. Given its size relative to the duct tape, 200 grams is a reasonable estimate.",150.0,,"The object in the red box is a small, handheld neon green plastic flashlight. Typical small LED flashlights of this size, including batteries (likely 2 AA batteries), generally weigh between 100 and 200 grams."
P-weight-image10.jpg,150.0,,"The object inside the red box is a roll of brown packing tape, likely 3M brand based on the visible core. A standard roll of packing tape (approx 2 inches wide) typically weighs between 150 to 180 grams. Based on visual comparison with nearby objects like the small blue container and flashlight, this weight estimate seems appropriate.",250.0,,"The red-marked object is a standard roll of brown packing tape. A typical roll of 48mm wide packing tape with a length of about 66 meters generally weighs between 200 and 300 grams, including the cardboard core."
P-weight-image11.jpg,300.0,,The object in the red box is a folded blue umbrella. A standard manual folding umbrella typically weighs between 250 and 400 grams.,400.0,,"The red-marked object is a compact folding umbrella. A typical compact umbrella generally weighs between 300 and 500 grams, depending on the materials used for the frame and canopy. Given its size and appearance, an estimate of 400 grams is reasonable."
P-weight-image12.jpg,145.0,,"The object is a coil of rope or paracord, likely around 1-2 meters in length based on its circumference and thickness. Comparing it to the adjacent bottle (likely 100-150ml) and coffee jar (likely 200-300g), the rope appears to have a similar mass to the bottle, perhaps slightly heavier or lighter depending on density. A typical 1-meter length of 6mm-8mm rope weighs roughly 50-100 grams. Given the size of the coil, a weight around 145 grams is a reasonable estimate.",450.0,,"The object is a coiled synthetic rope, approximately 20-25cm in length and 6-8cm in diameter. Based on its size and typical density of nylon or polyester rope of this thickness, it likely weighs between 300g and 600g. Comparing it to the adjacent bottles, it appears to have a similar overall mass."
P-weight-image13.jpg,100.0,,"The red object is a small, rectangular device, likely a specialized tool or electronic gadget like a portable meter or a small case. Comparing it to the nearby pens (approx 10-12g each) and the small blue jar (approx 20g), the object appears slightly larger and more substantial. Its dimensions seem to be roughly 5-6cm in length, 3-4cm in width, and 2cm in thickness, suggesting a volume of around 30-50 cm³. Assuming it's made of hard plastic with some internal components (battery/electronics), giving it an effective density slightly higher than water, a weight around 100-120 grams is a reasonable estimate.",110.0,,"The red-marked object appears to be a small electronic device, roughly 7x4x3 cm in size. Given its probable materials (plastic casing with internal electronic components and a battery), its estimated volume is around 80-100 cubic centimeters. With an estimated average density of 1.2 g/cm³, the weight would be around 100-120 grams."
P-weight-image15.jpg,200.0,,"The object is a small snow globe, likely resembling a character (possibly Xiao Ai/Emotion). It sits next to a small bottle and a blue pencil case tin. Comparing it to the blue pencil case tin (visible in the background, which resembles the reference 'a-pencase.jpg' weighing 230g), the snow globe has a similar gross volume but is made of glass, plastic, and water. A typical small desktop snow globe of this size (approx. 8-10cm height) often weighs between 150g and 250g. Given the size relative to the pencil case and the weight of glass plus water, an estimate of 200 grams is reasonable.",60.0,,"The object consists of a small clear glass or acrylic sphere on a small decorative base. Based on its size relative to the ping pong paddle (roughly 3-4 cm in diameter), it appears to be a lightweight decorative item. A glass sphere of this size would weigh approximately 30-60 grams, and the base likely adds another 10-20 grams."
P-weight-image16.jpg,400.0,,"The red box highlights a metal pan (likely a small frying pan or skillet) along with a small metal ring and the base of a glass/plastic container. The pan appears to be made of a lightweight metal like aluminum or stainless steel and is roughly 10-12 inches in diameter. Such pans typically weigh between 300-600 grams. Given its thin appearance, an estimate of 400 grams is reasonable.",200.0,,"The red-marked object is a small handheld metal scoop with a wooden handle. Based on its size and materials (metal bowl and wooden handle), a typical small scoop of this type would weigh approximately 150 to 250 grams. I will estimate it at 200 grams."
P-weight-image17.jpg,200.0,,"The object is a wooden handle, likely part of a gardening tool (indicated by the green plastic head and tapered wood). Comparing it to the nearby containers (a plastic tub and a glass jar of nuts), it appears significantly lighter. A standard wooden handle of this size (approx. 40-50 cm long, 2-3 cm wide) would have a volume around 250-350 cm³. Assuming a wood density of ~0.7 g/cm³, the weight would be roughly 175-245 grams. Given typical weights for such tools/handles, 200g is a reasonable estimate.",120.0,,"The red-marked object is a small rectangular piece of wood. Estimating its dimensions to be approximately 20 cm in length, 5 cm in width, and 2 cm in thickness, the volume is about 200 cubic centimeters. With an average wood density of roughly 0.6 g/cm^3, the weight is estimated at around 120 grams."
P-weight-image18.jpg,350.0,,"The object is a small metal pan (likely carbon steel or cast iron) with a wooden handle, resembling a small wok or fire iron. Comparing it to the bottle cap below for scale (approx. 3-4cm diameter) and the plastic measuring cup it supports, the pan appears to be roughly 12-15cm in diameter (approx. 5-6 inches). A pan of this size and material typically weighs between 250 and 400 grams. Given the visual thickness and material density, 350 grams is a reasonable estimate.",500.0,,"The object is a small miniature frying pan, likely made of cast iron or carbon steel, with a wooden handle. Based on its size relative to the hand and the beaker (roughly 12-15 cm in diameter), and the density of the material, its weight is estimated to be around 500 grams."
P-weight-image19.jpg,550.0,,"The red-marked object is a vintage-style stainless steel thermos or vacuum flask. Based on the poker chip next to it for scale (a standard chip is ~12mm thick and ~40mm wide), the bottle appears to be roughly 30-40mm in diameter and 200-250mm in height. This corresponds to a 1-pint or 1-pound capacity flask. An empty stainless steel flask of this size (approx 16 oz) typically weighs between 450g and 600g. Assuming a standard wall thickness for a vintage flask, a weight of around 550g is a reasonable estimate.",450.0,,"The object is a medium-sized, vacuum-insulated stainless steel water bottle. Based on its dimensions and typical materials for such products (double-walled stainless steel), an empty bottle of this size generally weighs between 400 and 550 grams."
P-weight-image2.jpg,400.0,,"The red-marked object is a standard stainless steel thermos or vacuum flask, likely holding between 500ml and 1000ml of liquid. An empty thermos of this size typically weighs between 300g and 500g depending on the build quality and wall thickness. A reasonable estimate for a standard model like this is around 400 grams.",400.0,,"The object is a medium-sized vacuum-insulated stainless steel water bottle. Based on typical weights for empty insulated bottles of this size (approx. 500-750ml) with a metal cap, it likely weighs between 300 and 500 grams. A reasonable estimate is 400 grams."
P-weight-image20.jpg,35.0,,"The red-marked object appears to be a small, rigid plastic box or case, likely a carrying case for small electronics (like a screw case, a small tool kit, or a portable power bank case) or possibly a small foldable controller case (like a Ju-Case). Comparing it to the PlayStation controller (approx 15-20cm long), the red box is roughly 5-7 cm in width and 2-3 cm in height. Assuming it is a hollow hard plastic container of this size, the weight of the empty shell would be approximately 30-45 grams.",50.0,,"The red-marked object is a small, plastic rectangular case, approximately 5-6 cm in dimension. Assuming it is made of common molded plastic and is empty, its weight would be very low. A plastic case of this size typically weighs between 30 and 70 grams."
P-weight-image21.jpg,350.0,,"The red-marked object is a plush toy resting on a small clear container. Based on its size relative to the shopping bag behind it (approx 20-25cm in length), it is a small-medium plush toy. These typically weigh between 300-500 grams, so a total estimate including the container would be around that range.",100.0,,"The red-marked object is a small plush toy. Based on its size relative to the disposable plastic cup it is sitting on, it appears to be a lightweight stuffed animal, likely weighing between 50 and 150 grams. A reasonable estimate for such a small plush is 100 grams."
P-weight-image22.jpg,40.0,,"The red-marked object is a small, yellow, cylindrical item with a clip on top, resembling a portable container (like a small spray canister, bait jar, or plastic bottle) or a small case. Comparing its size to the adjacent glass spice jar and travel bottle, it appears to be slightly taller but narrower. A small plastic container of this dimensions (roughly 10cm height) typically weighs between 30 and 50 grams.",220.0,,"The red-marked object is a small yellow handheld LED flashlight. Based on its size (approximately 10-15 cm in length) and typical materials (plastic housing with an internal battery), it likely weighs between 150 and 250 grams."
P-weight-image23.jpg,425.0,,"The object is a standard soccer ball (football). A Size 5 soccer ball, which appears to be the size shown, typically weighs between 410 and 450 grams. Based on visual comparison with the nearby headphones and paddle, it is a standard-sized ball.",430.0,,The red-marked object is a standard size 5 soccer ball. A standard size 5 soccer ball typically weighs between 410 and 450 grams.
P-weight-image24.jpg,1800.0,,"The object is a small outdoor garden chair featuring a thin black metal frame and a woven (likely wicker or rattan) seat. It also has a small object, possibly a block or toy, resting on the seat. Based on its visual scale relative to the nearby tree trunk and the surrounding grass, it appears to be a lightweight piece of furniture, likely a small bistro or side chair. Typical weights for such lightweight outdoor chairs range from 3 to 5 pounds (approximately 1.4 to 2.3 kg). Considering the thinness of the frame visible in the image, a weight around 1.8 kg (1800 g) is a reasonable estimate.",5000.0,,"The object is a small accent chair with a thin metal frame and a woven seat. A typical small metal-framed chair of this size and design would weigh approximately 4-6 kg. Adding the small object on the seat, the total estimated weight is around 5 kg."
P-weight-image25.jpg,300.0,,The object is a standard ceramic coffee mug. A typical empty ceramic mug of this size (approx 300-350ml capacity) weighs between 250 and 350 grams.,350.0,,"The object in the red box is a standard ceramic coffee mug. A typical ceramic mug of this size generally weighs between 300 and 450 grams. Estimating based on its average size and material density, 350 grams is a reasonable estimate."
P-weight-image26.jpg,230.0,,"The object appears to be a yellow handheld tool, likely a retractable tape measure or a similar utility tool. Comparing its size to the surrounding bottles and containers, it is roughly the size of a small spray can or a standard pack of cigarettes. A typical handheld tape measure weighs between 150g to 250g. Given its slightly bulky appearance, 230g is a reasonable estimate.",40.0,,"The object in the red box is a small, yellow plastic cylindrical container, likely a travel-sized case or pill holder. Based on its size relative to the nearby travel bottles and its plastic construction, its estimated weight is around 40 grams."
P-weight-image28.jpg,250.0,,,350.0,,"The red-marked object is a handheld hot glue gun. Typical small to medium-sized glue guns weigh between 200 and 500 grams, including the heating element, plastic housing, and power cord. Based on its size relative to the other objects, an estimate of 350 grams is reasonable."
P-weight-image29.jpg,1350.0,,"The red-marked object consists of a black gig bag containing a wooden ukulele and a small hand shovel resting on top. A typical solid-wood ukulele weighs around 600-900g. A soft gig bag of this size adds another 300-500g. The small hand shovel is likely around 150-250g. Summing these estimates (e.g., 750g ukulele + 400g bag + 200g shovel) gives a total weight around 1350g.",1000.0,,"The red-marked object is a small ukulele inside its soft carrying case. A typical soprano or concert ukulele weighs approximately 500-800 grams, and a basic soft case weighs around 300-500 grams. Combining these, a reasonable estimate for the total weight is around 1000 grams."
P-weight-image3.jpg,90.0,,"The object is a standard roll of brown tape (likely masking or packing tape) sitting on top of a plastic container lid. A standard roll of household tape typically weighs between 50 to 100 grams depending on the type (masking vs packing) and length. Given its size relative to the container lid, an estimate around 90 grams is reasonable.",400.0,,The red-marked object is a standard roll of brown packing tape. A typical roll of this size usually weighs between 300 and 500 grams. I will estimate it at approximately 400 grams.
P-weight-image30.jpg,7300.0,,"The red box contains an outdoor garden armchair and a small plush toy. A typical resin wicker outdoor armchair weighs between 6 to 8 kg. The toy adds a small amount of weight, roughly 200-300 grams. Estimating the total weight around 7.3 kg.",7500.0,,"The red-marked object is a synthetic wicker outdoor chair with a small stuffed toy on it. A typical synthetic wicker chair of this size weighs approximately 6-9 kg, and a small stuffed toy weighs around 200-500 g. Combining these, an estimate of 7500 grams is reasonable."
P-weight-image31.jpg,450.0,,"The object is a small terracotta nursery pot containing soil and a small, thin plant. A small terracotta pot of this size typically weighs between 300-400 grams, and the soil adds a bit more weight.",1300.0,,"The red-marked object is a small potted plant in a terracotta pot. A small terracotta pot typically weighs around 400-700 grams, and the soil inside a pot of this size would likely weigh between 600-1000 grams, with the plant adding a negligible amount. Summing these estimates gives a total weight of approximately 1300 grams."
P-weight-image32.jpg,450.0,,"The object is a standard size 5 soccer ball. According to official regulations (FIFA), a size 5 ball typically weighs between 410 and 450 grams. Based on its visual appearance relative to the nearby objects (umbrella and tea tin), it fits the size and proportions of a standard adult soccer ball.",430.0,,The red-marked object is a standard-sized soccer ball. A typical size 5 soccer ball weighs between 410 and 450 grams.
P-weight-image33.jpg,125.0,,"The red-marked object is a medium-sized, empty plastic food storage container with a blue lid. Comparing it to the nearby deodorant/lotion tube (approx 50g) and the mug box, it appears to be a reusable container holding roughly 500ml. Standard empty plastic containers of this size typically weigh between 100g and 150g.",150.0,,"The red-marked object is a medium-sized empty plastic food storage container with a lid. Based on its typical size and material (polypropylene), such a container usually weighs between 100 and 200 grams."
P-weight-image35.jpg,500.0,,"The object inside the red box appears to be a closed, folded umbrella lying on the grass next to a water bottle. A typical standard-sized umbrella weighs between 300 and 600 grams depending on the material and size. Given its appearance as a standard personal umbrella, a weight around 500 grams is a reasonable estimate.",400.0,,"The object in the red box is a folded blue umbrella. A standard compact umbrella typically weighs between 300 and 500 grams, consisting of a metal frame, fabric, and a plastic handle."
P-weight-image36.jpg,400.0,,"The red-outlined object appears to be a reusable water bottle or travel mug lying on the grass next to a ukulele. Based on its visual size relative to the ukulele, it resembles a standard 500ml to 1-liter capacity bottle. An empty bottle of this type (likely metal or thick plastic/glass) typically weighs between 300 and 500 grams.",400.0,,"The object in the red box is a medium-sized, vacuum-insulated stainless steel water bottle (thermos). Based on its typical dimensions and material, an empty bottle of this size generally weighs between 300 and 600 grams. A reasonable estimate for this specific item is approximately 400 grams."
P-weight-image37.jpg,420.0,,The object is a standard red soccer ball. Standard adult soccer balls (size 5) typically weigh between 410 and 450 grams.,430.0,,The red-marked object is a standard-sized soccer ball. A typical Size 5 soccer ball according to FIFA regulations weighs between 410 and 450 grams. I will estimate it as 430 grams.
P-weight-image39.jpg,250.0,,"The object is a single white rubber or EVA slip-on sandal/clog, likely adult-sized. Similar lightweight footwear typically weighs between 200 and 350 grams.",250.0,,The red-marked object is a single adult-sized white Crocs slide. These are typically made from a lightweight closed-cell resin (Croslite). A typical adult slide of this style generally weighs between 200 and 300 grams.
P-weight-image4.jpg,50.0,,"The object is a small white USB power adapter (wall charger). Based on its size relative to the roll of tape (typically ~60-80g) and the perforated board, it appears to be a standard small travel charger (likely 5W-10W). These typically weigh between 30g and 60g. The white block looks slightly larger and denser than the tape roll itself, suggesting a weight around the middle of that range.",50.0,,"The red-marked object is a small white USB power adapter. Based on the size of similar standard compact wall chargers, they typically weigh between 40 and 70 grams. Given its compact size relative to the surrounding objects, an estimate of 50 grams is reasonable."
P-weight-image40.jpg,65.0,,"The object is a small digital hanging scale, commonly used for luggage or packages. Based on its visual size relative to the soccer ball and headphones, it is a compact handheld device. Typical digital scales of this type (0-5kg capacity) weigh approximately 60-80 grams. A reasonable estimate based on its dimensions is around 65 grams.",150.0,,"The red-marked object is a digital hanging scale, typically used for luggage. These devices are constructed primarily of lightweight plastic with small electronic components and a metal hook. Given its size relative to the soccer ball and headphones, its typical weight falls in the range of 100 to 200 grams."
P-weight-image41.jpg,425.0,,"The object is a standard adult-sized soccer ball (size 5). According to official FIFA regulations, a size 5 soccer ball must weigh between 410 and 450 grams. Based on its appearance relative to the container below, it fits this description perfectly.",430.0,,The red-marked object is a standard soccer ball. Regulation size 5 soccer balls typically weigh between 410 and 450 grams.
P-weight-image42.jpg,500.0,,"The object is a medium-sized corrugated cardboard box, likely a shipping box. Based on its position next to the table legs, its dimensions appear to be roughly 30-40 cm in height and width. An empty cardboard box of this size typically weighs between 400 and 600 grams.",450.0,,"The red-marked object is a medium-sized corrugated cardboard box, approximately 40x40x40 cm in dimensions. Assuming it is empty and made of standard single-wall corrugated cardboard, which typically weighs between 400 and 600 grams per square meter, the total weight for a box of this size is estimated to be around 450 grams."
P-weight-image44.jpg,300.0,,"The object is a plastic bottle containing a yellow liquid, likely a cleaning product or soap. Comparing its size to the other bottles and typical consumer packaging, it appears to hold a volume of approximately 250-350 ml. Assuming a density close to water (approx. 1 g/ml) and adding the weight of the empty plastic bottle (approx. 40 grams), the total weight is estimated to be around 300 grams.",450.0,,"The object is a clear plastic pump bottle containing a yellow liquid, likely hand sanitizer or liquid soap. Based on its size relative to the other bottles and the table, it appears to be a standard size pump bottle, likely containing between 300ml and 500ml of liquid. Given the density of such liquids is close to water (1g/ml), the contents would weigh roughly 300-500g, plus the weight of the plastic bottle and pump mechanism (approx. 50g). An estimate of 450g is reasonable."
P-weight-image45.jpg,5500.0,,"The object is an outdoor garden chair with a metal frame and wooden slats, featuring an armrest that acts as a small table. Based on the materials (steel/aluminum frame, wood) and size (standard adult chair), such furniture typically weighs between 4 to 7 kilograms. A reasonable estimate is around 5.5 kg.",10000.0,,"The red-marked object is a modern outdoor armchair constructed with a metal frame and wooden slats. Typical chairs of this design and size, made from tubular steel and hardwood, generally weigh between 8 and 12 kilograms. Estimating a mid-range value of 10 kilograms converted to grams."
P-weight-image46.jpg,3000.0,,"The object is an open aluminum poker tray containing stacks of poker chips, cards, and dice. The tray itself likely weighs around 500g. There appear to be about 6 stacks of chips. Visually, each stack seems to have roughly 30-50 chips, totaling around 250-300 chips. Assuming standard casino chips weighing approximately 10g each, the chips weigh 2500-3000g. The cards and dice add a small amount (approx 50g). Comparing to the nearby 1L water bottle (approx 1kg), the case appears slightly heavier but not twice as heavy, suggesting a total weight around 2.5-3.5 kg. A safe estimate is 3000g.",8000.0,,"The red-marked object is a poker chip set in an aluminum case. It contains approximately 500 poker chips, which typically weigh between 11.5g and 14g each, totaling around 6-7 kg. The aluminum case and foam lining add approximately 1.5-2 kg. Combined, the total estimated weight is around 8 kg."
P-weight-image47.jpg,90.0,,"The object inside the red box is a table tennis paddle (ping pong racket). A standard table tennis paddle typically weighs between 80 and 100 grams. Based on the visual appearance (wooden handle, standard rubber), a weight of approximately 90 grams is a reasonable estimate. There is also a small stick or debris next to it, which is negligible in weight.",175.0,,"The red-marked object is a standard table tennis racket. A typical table tennis racket, including the wooden blade and the rubber surfaces, generally weighs between 150 and 200 grams."
P-weight-image48.jpg,40.0,,"The object is a single adult-sized foam clog sandal (similar to Crocs), which is known for being lightweight. A typical pair of these sandals weighs around 100-120 grams, so a single shoe would be approximately 40-60 grams.",250.0,,"The red-marked object is a single Crocs-style clog shoe. A typical adult-sized Crocs clog usually weighs between 200 and 400 grams. Given its size and material (Croslite foam), an estimate of 250 grams is reasonable."
P-weight-image49.jpg,320.0,,"The object is a reusable water bottle, likely made of stainless steel given its appearance and the silver screw-top cap. Based on its size relative to the magic trick boxes (which are typically around 3-4 inches wide), the bottle appears to be a standard size, roughly 16-20 ounces (500ml). An empty stainless steel water bottle of this capacity typically weighs between 300 and 400 grams.",350.0,,"The object is a blue, vacuum-insulated stainless steel water bottle. Based on its size relative to the surrounding objects, it appears to be a standard 500-750ml capacity bottle. Typical empty weights for stainless steel insulated bottles of this size range from 300g to 450g. I estimate its weight at approximately 350g."
P-weight-image5.jpg,100.0,,"The object is a standard roll of brown packing tape. These typically measure about 2 inches in diameter. Based on standard product specifications for such tape rolls, which usually weigh between 80 and 120 grams, an estimate of 100 grams is appropriate.",250.0,,"The red-marked object is a roll of brown packing tape. A standard small-to-medium roll of packing tape typically weighs between 200 and 400 grams depending on the core material and length of the tape. Based on its size relative to the nearby game controller, an estimate of 250 grams is reasonable."
P-weight-image50.jpg,380.0,,"The object is a ukulele, specifically a soprano or concert size given its proportions relative to the grass and bag. A standard wooden soprano ukulele typically weighs between 350 and 400 grams.",700.0,,"The red-marked object is a ukulele, specifically it looks like a soprano or concert size. Such instruments are made of lightweight wood and typically weigh between 500 and 900 grams. Comparing it to the soda can (which weighs about 390g), the ukulele is larger but hollow, making its weight estimate of around 700 grams reasonable."
P-weight-image51.jpg,175.0,,"The red-marked object appears to be a smartphone resting on a table tennis paddle. Based on the visual comparison with the standard-sized paddle face (approx. 15 cm wide), the device has the proportions of a modern smartphone (approx. 14-15 cm tall and 7-8 cm wide). Typical smartphones of this size, such as an iPhone 13 or 14, weigh between 170 and 180 grams.",150.0,,"The red-marked object appears to be a small, slim portable power bank or an external SSD. Based on its size relative to the table tennis paddle and its likely internal components (lithium battery or flash memory), a reasonable weight estimate for such a device is approximately 150 grams."
P-weight-image53.jpg,60.0,,"The red box encloses a clear plastic cup filled with nuts, which appear to be peanuts. An empty small plastic cup typically weighs around 15-25 grams. The nuts fill approximately one-third of the cup's volume, which usually corresponds to a weight of 30-50 grams. Summing these estimates gives a total weight around 50-70 grams.",600.0,,"The red-marked object consists of a glass jar containing almonds and a small plastic bottle on top. A glass jar of this size typically weighs around 400-500 grams. The almonds filling about a third of the jar would weigh approximately 100-150 grams. The small plastic bottle is likely lightweight, around 30-50 grams. Combining these estimates, the total weight is approximately 550-650 grams."
P-weight-image54.jpg,150.0,,"The object is a small, handheld hot glue gun, likely a mini or travel size craft tool. These typically weigh between 100 to 200 grams. Given its appearance relative to the surrounding objects like the water bottle and sandal, it appears to be a standard mini glue gun.",200.0,,"The red-marked object is a small, handheld mini hot glue gun. These devices are typically made of lightweight plastic with small internal metal heating components. A standard mini glue gun usually weighs between 150 and 250 grams."
P-weight-image55.jpg,600.0,,"The object inside the red box is a small frying pan or wok. It appears to be made of carbon steel, similar to traditional woks which are thin and lightweight compared to cast iron. Based on its visual size relative to the adjacent ukulele body (which typically weighs around 600g), and assuming it is a standard 8-10 inch diameter pan, a typical carbon steel wok of this size weighs between 500g and 700g.",900.0,,"The red-marked object is a small to medium-sized wok, likely made of carbon steel given its appearance and thin rim. A carbon steel wok of this approximate size (estimated 25-30 cm diameter) typically weighs between 700 and 1100 grams. I will estimate its weight at 900 grams."
P-weight-image56.jpg,600.0,,"The red-marked object is a small frying pan or skillet with a wooden handle. Comparing its size to the adjacent thermos bottles (which appear to be standard 0.5L to 1L capacity), the pan has a diameter of approximately 20-25 cm. A typical steel or aluminum frying pan of this size usually weighs between 500g and 800g. Given the apparent thinness of the metal and the handle, a weight around 600g is estimated.",700.0,,"The red-marked object is a small metal wok or frying pan with a wooden handle. Based on its size relative to the nearby water bottles and its likely material (carbon steel or cast iron), a reasonable weight estimate for such a small pan is around 700 grams."
P-weight-image57.jpg,300.0,,"The red-marked object is a closed folding umbrella leaning against the chair. A standard folding umbrella typically weighs between 200 and 400 grams. Based on its appearance, which suggests a medium-sized, standard umbrella rather than a lightweight travel one or a large parasol, a weight around 300 grams is a reasonable estimate.",70.0,,"The red-marked area contains a piece of blue fabric (likely a small cloth or towel) and a white object that appears to be a surgical mask. A small synthetic cloth typically weighs around 50-80 grams, and a disposable face mask weighs approximately 5 grams. Combining these, a reasonable estimate for the total weight is about 70 grams."
P-weight-image58.jpg,160.0,,"The object is a large metal tin can, likely containing food like tomatoes or soup, sitting on the grass. Based on its size relative to the glass bottle (which appears to be roughly 500-750ml), the can is a 'large' size, typically around 800ml net weight or 1kg. An empty can of this size typically weighs between 120 and 180 grams.",70.0,,"The red-marked object is a small, shallow, circular container, likely made of thin metal or plastic, similar in size to a small food tin or a cosmetic tub. Given its dimensions (roughly 10-12 cm in diameter and 3-4 cm in height) and assuming it is empty, it likely weighs between 50 and 100 grams. I estimate its weight to be approximately 70 grams."
P-weight-image59.jpg,45.0,,"The red box highlights a metal scoop with a wooden handle and a small metal cap. Based on its size relative to the nearby bottle (likely 250-300ml), the scoop is a standard kitchen/spoon size. A stainless steel scoop of this length (~15cm) typically weighs between 40-60 grams. The small metal cap adds a minimal amount (~3g). The glass base of the bottle is partially included but likely part of the background/container, so the focus is the scoop. A total estimate of around 45-50 grams is reasonable.",300.0,,"The object is a metal scoop with a wooden handle. Based on its size relative to the 250ml plastic measuring cup and the typical weight of metal kitchen or garden scoops of this size, the metal head likely weighs between 200-300g and the wooden handle around 50-100g, leading to an estimated total weight of approximately 300g."
P-weight-image6.jpg,100.0,,"The object is a bundle of rope or cord, approximately 30-40cm long and 2cm in diameter. Comparing it to the nearby containers and a roll of tape, it appears to have a moderate weight, likely similar to a small bar of soap or a dense phone charger cable. A bundle of rope of this volume (approx. 100-150 cm³) would weigh roughly 100 grams.",400.0,,"The red-marked object is a coil of utility rope, likely made of nylon or polypropylene. Based on its dimensions (approximately 20-25 cm in length and 6-8 cm in diameter) and the estimated thickness of the rope (around 8-10 mm), it appears to be a length of roughly 5 to 10 meters. A typical utility rope of this thickness weighs approximately 50-100 grams per meter. Therefore, a reasonable weight estimate for this coil is around 400 grams."
P-weight-image60.jpg,350.0,,"The red box highlights a package for a 'Bi Color Mug'. The question asks for the weight assuming the object is empty, which implies it refers to the mug itself (a container for liquid) rather than the cardboard box. A standard ceramic mug typically weighs between 300 and 400 grams.",400.0,,"The red-marked object is a retail box for a 'BI COLOR MUG'. A typical ceramic mug weighs approximately 300-400 grams, and the cardboard packaging adds another 50-100 grams. Assuming the mug is empty of liquid, the total weight is estimated to be around 400 grams."
P-weight-image61.jpg,220.0,,"The object is a pair of over-ear headphones. Based on standard product specifications for this type of consumer electronics, a pair of foam-cushioned over-ear headphones typically weighs between 200g and 250g. There appears to be a small digital scale sitting on the ball above the headphones, which has a range of 0-300g and displays a reading around 218g or 220g.",250.0,,The object in the red box is a pair of wireless over-ear headphones. Standard weights for this type of headphone typically range from 200 to 300 grams. I will estimate the weight at approximately 250 grams.
P-weight-image63.jpg,3000.0,,"The object is a hard-shell spinner suitcase, likely a carry-on size (20 inches) given its context next to a labeled ""Short Carryon"" bag. Similar suitcases of this type (PC/ABS material, spinner wheels) typically weigh between 2.5 kg and 3.5 kg when empty. A reasonable estimate is around 3.0 kg.",3200.0,,"The object is a medium-sized, hard-shell suitcase. Empty hard-shell suitcases of this size typically weigh between 3 to 4 kilograms."
P-weight-image64.jpg,5000.0,,"The object is a CO2 fire extinguisher (indicated by the 'CO2' label). It is of a standard commercial size, visually similar to the powder extinguisher next to it. Common sizes for extinguishers of this physical appearance are 4kg or 5kg. The label text, though blurry, contains markings consistent with a 5kg capacity unit, which is a standard size for office fire safety equipment. Converting 5 kg to grams gives 5000 grams.",16000.0,,"The red-marked object is a CO2 fire extinguisher. Based on its size, it appears to be a medium-capacity model, likely around 4.5 to 5 kg of CO2. Due to the heavy-duty steel cylinder required for high-pressure CO2, the total gross weight typically ranges from 15 to 20 kg. An estimate of 16 kg (16,000 grams) is reasonable for this size."
P-weight-image65.jpg,6000.0,,"The image shows a wall-mounted powder fire extinguisher. Based on its visual dimensions relative to the wall signs and the adjacent CO2 extinguisher, it appears to be a standard handheld size, likely a 6kg (kilogram) ABC powder extinguisher, which is a very common standard capacity for commercial and industrial settings. A full 6kg powder extinguisher typically weighs between 6 and 7 kilograms in total, accounting for the powder, the steel cylinder, and the valve assembly.",8500.0,,"The red-marked object is a dry powder fire extinguisher. Typical portable powder extinguishers of this size usually contain around 4 kg of extinguishing agent, with the steel cylinder and valve assembly adding another 3-5 kg, resulting in a total gross weight of approximately 8-9 kg."
P-weight-image66.jpg,5000.0,,"The red box contains a large collection of sneakers arranged in a circle. Counting the shoes reveals approximately 16 individual shoes, which corresponds to 8 pairs. The collection includes various styles such as Nike Cortez, Adidas Gazelle, and Adidas Samba. A typical sneaker of this size and material (leather, canvas, mesh) weighs between 250g and 350g per shoe. Multiplying 16 shoes by an average weight of roughly 350g gives a total weight around 5600g. However, considering lighter mesh shoes and worn shoes, an average closer to 300-310g per shoe is appropriate. 16 * 310g = 4960g. A reasonable estimate is around 5000g.",5400.0,,"The red-marked area contains 12 sneakers. An average weight for a single sneaker is approximately 400-500 grams. Estimating an average weight of 450 grams per shoe, the total weight is 12 shoes * 450 grams = 5400 grams."
P-weight-image67.jpg,2400.0,,"There are approximately 13 to 14 apples inside the red bounding box. A medium apple weighs between 150g and 200g. Estimating 13.5 apples at an average weight of 180g gives a total of roughly 2430g. Rounding to a standard estimate, 2400g seems appropriate.",3000.0,,"There are 15 red apples inside the marked area. Assuming an average weight of approximately 200 grams per apple, the total estimated weight is 15 * 200 = 3000 grams."
P-weight-image68.jpg,1100.0,,"The red box outlines three bags of coffee. 1. Red bag: Nescafe Classic, likely 350g based on size relative to the calculator and notebook. 2. Brown bag: Coffee beans (possibly speciality/ethically sourced), standard size 250g. 3. Silver bag: Instant coffee (Nescafe), large long bag, likely 500g. Total estimated weight: 350 + 250 + 500 = 1100g.",700.0,,"The red-marked area contains three packages of Nescafe coffee. There are two smaller refill pouches (one red 'Classic' and one white 'Plan') and one larger silver foil bulk package. Estimating the smaller pouches at approximately 100g each and the larger silver package at approximately 500g, the total estimated weight is around 700g."
P-weight-image69-pov2.jpg,2100.0,,"The red-marked area encompasses a stack of approximately 5 books of varying sizes and thicknesses. Estimating the dimensions against the desk and water bottle for scale, the books appear to be standard textbook or large paperback sizes (approx. 15-20cm x 20-25cm). The stack has an estimated total thickness of around 15-18 cm, implying an average thickness of 3-4 cm per book. A book of this thickness and size typically weighs between 300g and 600g. With 5 books, the total weight would be roughly 2000g to 2500g. Given the mix of hardcovers and paperbacks, an average of 400-450g per book is reasonable, leading to a total of around 2100g.",4000.0,,"The stack consists of approximately 6 books of varying thickness. Estimating the average weight per book at around 600-700 grams, the total weight is approximately 3600-4200 grams."
P-weight-image69.jpg,2900.0,,"The stack contains 5 books: a small blue paperback on top (~200g), a thick hardcover with a wooden-textured cover (~900g), a medium-sized green textbook (~600g), a thin black paperback (~200g), and a large bottom textbook with a white cover and blue spine (~1000g). Summing these estimates gives approximately 2900g.",3000.0,,"The stack consists of 6 books/notebooks of varying thickness. The bottom book is a technical textbook from the Addison-Wesley Professional Computing Series, which typically weighs between 1000g and 1500g. The other five books range from thin pamphlets to medium-sized books, estimated at roughly 100g, 500g, 200g, 400g, and 600g respectively. Summing these estimates gives approximately 3000g."
P-weight-image7.jpg,450.0,,The object is a medium-sized stainless steel vacuum flask (thermos). Typical empty flasks of this size (likely around 400-500ml capacity) weigh between 350 and 500 grams due to the steel construction.,400.0,,"The red-marked object is a medium-sized vacuum flask, likely made of stainless steel. An empty stainless steel thermos of this size typically weighs between 300 and 500 grams."
P-weight-image70-pov2.jpg,3250.0,,"The object is a standard-sized acoustic guitar, which typically weighs between 3 to 4 kilograms. Based on average guitar weights, an estimate of roughly 3.25 kilograms is appropriate.",2000.0,,The red-marked object is a standard-sized acoustic guitar. Typical weights for this type of guitar range from 1.5 kg to 2.5 kg. An average estimate for a guitar of this size and build is approximately 2000 grams.
P-weight-image70.jpg,3400.0,,"The object is a standard-sized acoustic guitar, likely a 41-inch model. Standard acoustic guitars typically weigh between 3.0 kg and 4.0 kg depending on wood density and size. This guitar appears to have a laminate body (common in entry-level to mid-range) which is slightly lighter than an all-solid wood guitar, but still substantial. A typical weight for this type of instrument is around 3.3 kg to 3.5 kg.",2000.0,,"The object highlighted in the red box is a full-size acoustic guitar. Standard acoustic guitars of this type typically weigh between 1.5 and 2.5 kilograms, with an average weight around 2 kilograms."
P-weight-image71-pov2.jpg,2800.0,,"The object is a foldable step ladder, likely made of aluminum given the thin rails and typical household design. A standard 5-step folding aluminum ladder typically weighs between 2.5 kg and 3.5 kg. Based on its dimensions which appear to be a standard height (approx 1.5 meters) and build, a weight of around 2.5 to 3 kg is reasonable.",5000.0,,"The object is a lightweight portable step ladder, likely made of aluminum with plastic steps and a grip. Based on its size and construction, similar 5-step aluminum ladders typically weigh between 4 and 6 kilograms. I estimate its weight to be approximately 5 kilograms."
P-weight-image71.jpg,4000.0,,The object is a 5-step folding ladder. These ladders are typically made of lightweight aluminum tubing with plastic or rubber steps. A standard household 5-step ladder of this size usually weighs between 3.5 kg and 4.5 kg.,4500.0,,"The red-marked object is a small, 5-step folding stepladder, likely made of lightweight aluminum with plastic steps and a foam-covered handle. Similar residential folding aluminum ladders of this size typically weigh between 3 kg and 6 kg. Given its slim profile, an estimate of 4.5 kg is reasonable."
P-weight-image72-pov2.jpg,1500.0,,"The object is a red plastic bucket, likely weighing around 300-400 grams. It contains a pile of dark dry clothing. The amount of clothing appears to be a small to medium load, filling roughly 1/3 to 1/2 of the bucket's volume. A typical small load of dry clothes weighs between 1-1.5 kg. Combining the bucket weight and the estimated clothes weight, the total is approximately 1.2 kg to 1.5 kg.",2200.0,,"The object is a red plastic bucket containing several items of dark-colored clothing. A typical plastic bucket of this size weighs approximately 600-800 grams. The clothes inside appear to be a few light-to-medium weight garments, estimated at around 1.5-2.0 kilograms. Summing these gives an estimated total weight of approximately 2200 grams."
P-weight-image72.jpg,4000.0,,"The object is a red plastic bucket, likely around 10-15 liters in capacity, which typically weighs between 500g and 1kg. It contains a pile of dark clothes that appears to fill the bucket mostly, suggesting a weight of around 3kg to 4kg for the contents. Adding the bucket weight, the total is estimated to be around 4000 grams.",2500.0,,"The red-marked object is a plastic bucket filled with black synthetic athletic clothing. A standard medium-sized plastic bucket weighs approximately 700-900 grams. The clothing inside appears to be a few pieces of sportswear, which likely weigh between 1.5 and 2.5 kg depending on the number of items and fabric thickness. Summing these estimates, the total weight is approximately 2.5 kg."
P-weight-image73-pov2.jpg,3000.0,,"The red-marked object is a pink plastic bucket, likely a standard household bucket with a capacity of approximately 10-12 liters. It appears to be partially filled with water, roughly 1/3 to 1/2 full, which corresponds to 2.5-6 liters of water (2500-6000g). The empty bucket itself weighs approximately 500-800 grams. Assuming a moderate fill level of about 2-3 liters of water, the total weight is estimated.",4300.0,,"The red-marked object is a small plastic bucket partially filled with water. Estimating its total capacity at approximately 5-7 liters, it appears to be about 60-70% full, containing roughly 3.5 to 4.5 liters of water. Since 1 liter of water weighs 1000 grams, the water weighs approximately 3500-4500 grams. Adding the weight of the lightweight plastic bucket (approx. 300-500 grams), the total weight is estimated to be around 4300 grams."
P-weight-image73.jpg,1800.0,,"The object is a pink plastic bucket, likely a small household pail or potty training bucket. It appears to be partially filled with a clear liquid (likely water), perhaps about half to two-thirds full. A bucket of this size typically holds around 2-4 liters. Assuming ~2 liters of water (1500 kg) and a bucket weight of ~300-500 grams, the total is around 1500-2000 grams.",3800.0,,"The object is a small-to-medium plastic bucket, likely with a total capacity of around 10 liters. It appears to be filled to roughly 30-40% capacity with water. Assuming 3-4 liters of water (3000-4000g) and a plastic bucket weight of approximately 400-600g, the total weight is estimated to be around 3800 grams."
P-weight-image74.jpg,12500.0,,"The object is a standard adult steel bicycle with accessories like a front basket, rear rack, and fenders. These types of sturdy 'city bikes' or 'wombler' style bicycles typically weigh between 10 kg and 14 kg. Converting this to grams gives a range of 10,000 to 14,000 grams. A reasonable estimate is around 12.5 kg.",16500.0,,"The red-marked object is a standard adult city bicycle equipped with a front basket, a rear rack, and mudguards. Most basic steel-frame city bikes of this type weigh between 15 and 20 kilograms. Estimating it at approximately 16.5 kg, which converts to 16,500 grams."
P-weight-image75.jpg,12.0,,"Based on visual estimation relative to the plate size (approx. 20-25cm diameter), the pile of sugar has a diameter of roughly 4-5cm and a height of 1.5-2cm. Treating it as a cone with volume ~12-15 cm³ and using a bulk density for granulated sugar of ~0.85 g/cm³, the estimated weight is between 10 and 13 grams. It visually resembles slightly more than a heaping teaspoon (approx. 10-12g).",12.0,,"The pile of granulated substance (presumably sugar) is a small mound on a metal plate. Estimating the diameter to be approximately 7-8 cm and the height to be around 0.5-1 cm, the volume is roughly 10-15 cubic centimeters. Given the density of granulated sugar (approx 0.85 g/cm3), the estimated weight is around 10-13 grams."
P-weight-image76.jpg,500.0,,"The image shows a plastic bag filled with a white granular substance, likely sugar, held in a person's hand. Comparing the size of the bag to the hand, it appears to be a medium-sized retail packet. Standard small bags of sugar typically come in 250g or 500g (1 lb) sizes. The volume and bulkiness of the bag suggest it is closer to the larger standard size, likely a 500g bag.",300.0,,"The plastic bag contains white granulated sugar and fits within the palm of a person's hand. Based on its estimated volume, which is roughly equivalent to 1.5 to 2 standard measuring cups, and knowing that a cup of granulated sugar weighs approximately 200 grams, the total weight is estimated to be around 300 grams."
P-weight-image77-pov2.jpg,1050.0,,"The image shows a tall, clear plastic container filled with white sugar. Comparing its height and width to the jar in the background (which appears to be a standard ~200-300ml spice/coffee jar), this container is significantly larger, likely holding around 1 to 1.2 liters of volume. The sugar is filled to nearly the brim. Given the density of granulated sugar is approximately 0.85 g/cm³ (or 0.85 kg/L), a volume of 1 liter would weigh 850 grams, and 1.2 liters would weigh 1,020 grams. Standard home containers of this size are often sold or used as 1kg (1000g) units. Therefore, a weight estimate around 1000-1100 grams is reasonable.",950.0,,"The container is a rectangular plastic box filled approximately 60% with granulated sugar. Estimating the dimensions of the sugar volume as roughly 10cm x 10cm x 12cm, the volume is approximately 1200 cubic centimeters. Given the bulk density of granulated sugar is about 0.85 g/cm³, the weight is approximately 1200 * 0.85 = 1020 grams. Adjusting slightly for visual perspective, a value around 900-1000 grams is reasonable."
P-weight-image77.jpg,1200.0,,"The container appears to be a medium-sized square glass storage jar, likely holding between 1.0 to 1.5 liters of volume. Based on the density of granulated sugar (approx. 0.85 g/cm³), a 1.2 liter container would weigh about 1020g, and a 1.5 liter container about 1275g. Given the size relative to the black jar (likely ~400-500ml) and the pink bowl, the sugar container's volume is roughly 1.3 - 1.4 liters. Therefore, the weight is estimated around 1200-1300 grams.",400.0,,"The plastic container has an estimated volume of approximately 600-800 ml. The sugar fills roughly two-thirds of this volume, which is about 400-500 ml. Using the bulk density of granulated sugar (approximately 0.85 g/ml), the weight is estimated to be around 340-425 grams. Based on visual proportions, 400 grams is a reasonable estimate."
P-weight-image78-pov2.jpg,25.0,,"The image shows a pile of salt on a metal plate. Based on the size of the plate (likely a standard serving plate) and the salt bag in the background, the pile appears to be roughly the volume of 1.5 to 2 tablespoons of salt. A standard teaspoon of salt weighs about 6 grams, and a tablespoon about 15 grams. The pile is definitely more than a single teaspoon but perhaps not a full cup. Visually, it looks like a mound with a diameter of about 6-8 cm and a height of 2 cm. Estimating this volume to be around 20 cubic centimeters and multiplying by the density of salt (approx 1.2 g/cm³) gives roughly 24 grams. A value around 25 grams is a reasonable estimate.",15.0,,"The salt is in a small mound on a stainless steel plate. Based on the visual scale relative to the surrounding objects (like the glass bowl), the pile has a diameter of approximately 6-8 cm and a height of about 0.5-1 cm. Estimating its volume as a low cone and multiplying by the typical bulk density of table salt (~1.2 g/cm^3), the weight is likely around 15 grams."
P-weight-image78.jpg,40.0,,"The pile of salt appears to have a diameter of roughly 5-6 cm and a height of about 1.5-2 cm. This volume corresponds to approximately 2 to 3 tablespoons of loose salt (or roughly 30-40 ml of volume). Since table salt has a density of about 1.2-1.3 g/cm³, a volume of roughly 30-35 ml would weigh approximately 36-45 grams.",40.0,,"The image shows a pile of white salt on a stainless steel plate. Estimating the pile as a cone with a diameter of approximately 8-10 cm and a height of about 1-1.5 cm, the volume is roughly 30-40 cubic centimeters. Given the bulk density of table salt is approximately 1.2 g/cm^3, the estimated weight is around 36-48 grams. A reasonable estimate for this amount of salt is 40 grams."
P-weight-image79-pov2.jpg,80.0,,"The red-marked object is a small black bowl or dish filled with green cardamom pods. Comparing its size to the glass bowl next to it (likely ~250ml) and the steel bowl (likely ~300ml), the black bowl holds significantly less volume, perhaps around 100-150ml. The bowl is filled with a heaping amount of cardamom pods. A single green cardamom pod weighs roughly 0.5-1 gram. There appear to be roughly 60-80 pods in the bowl. This gives a content weight of approximately 60-80 grams. The bowl itself adds another 10-20 grams. Therefore, a total estimate of around 80 grams is reasonable.",12.0,,"The red-marked object is a small bowl containing green cardamom pods. There appear to be roughly 50-70 pods. A single cardamom pod typically weighs between 0.1g and 0.2g. Therefore, the estimated weight is approximately 60 pods * 0.15g/pod = 9g. Given the volume of the bowl, a range of 10-15g is a reasonable estimate."
P-weight-image79.jpg,50.0,,"The red-marked object is a black plastic lid or small cap filled with green cardamom pods. Visually, there appear to be approximately 30-35 pods. An average green cardamom pod weighs about 1.5 grams. With potential packing density and the weight of the plastic lid itself, the total weight is estimated to be around 50 grams.",30.0,,"The red-marked object is a small container filled with green cardamom pods. Estimating the number of pods to be around 150-200, and each pod weighing approximately 0.15-0.2 grams, the total weight is likely around 30 grams."
P-weight-image9.jpg,450.0,,"The object is a large purple cylindrical container, likely plastic or possibly aluminum, sitting on the grass. It is being used as a stable base for an eSUN filament spool (which typically weighs around 1kg) and an orange pot. Judging its size relative to the spool (approx 20-25cm tall) and the nearby spray can, the container is roughly 20-25cm in diameter and 10cm in height. This is similar to a large food storage tub or a large dry goods tin (like a chapati tin or a large margarine tub). A container of this size and thickness typically weighs between 300 and 600 grams. Given it needs to support a load of over 1kg without tipping, it is likely a fairly sturdy container, estimating around 450 grams.",100.0,,"The red-marked object is a small, shallow, circular purple plastic container. Assuming it is empty and made of a typical polymer like polypropylene, its size (approximately 12-15 cm in diameter and 4-5 cm in height) suggests a lightweight construction. A typical empty plastic container of this size would weigh approximately 100 grams."
V-angle-image11.jpg,75.0,,"The orange line highlights the bottom tip of the blue board where it rests on the floor. The board is leaning against the wall on the right. The angle to be estimated is the angle of inclination between the board and the floor. Visually, the board is steep, making an angle with the horizontal that is greater than 45 degrees but clearly less than 90 degrees. It appears to be approximately 75 degrees.",90.0,,The blue object is folded in a zig-zag pattern. The angle at the bend where the two planes meet appears to be approximately a right angle.
V-angle-image22.jpg,45.0,,"The image shows a wooden plank leaning against a blue crate. The most prominent diagonal element is this plank. Estimating the angle of the plank relative to the floor or the vertical crate side, it appears to be at approximately a 45-degree angle. The 'highlighted point' likely refers to the junction where the plank meets the crate or the orientation of the plank itself, which forms a 45-degree orientation relative to the axes.",37.0,,"The angle is formed between the vertical surface of the blue wooden structure and the leaning brown wooden plank. Estimating the plank's incline relative to the vertical surface, it appears to be approximately 35-40 degrees."
V-angle-image29.jpg,135.0,,"The image shows a chair lying on its side/back. The backrest (slatted part) is horizontal, pointing left towards the wall. The seat (solid green part) is connected to the end of the backrest and angles downwards towards the right. The angle between the horizontal backrest and the angled seat appears to be an obtuse angle. Visually, the seat is angled roughly 45 degrees below the horizontal line of the backrest, making the angle between them approximately 135 degrees (180 - 45).",140.0,,"The joint between the seat and the backrest of the green plastic frame forms an obtuse angle. Estimating the tilt of the backrest relative to the seat, the angle is approximately 140 degrees."
V-angle-image30.jpg,45.0,,"The image shows a wooden object, likely a stand or tool, with a prominent leg or support piece at the bottom that angles outward. Estimating the angle between the vertical main body and this splayed leg, it appears to be at a 45-degree angle. Similarly, any cantilevered features might be at standard structural angles like 45 or 90 degrees, but the splayed leg is the most distinct 'bend' or angled joint visible. The acute angle formed at the joint with the stand is approximately 45 degrees.",70.0,,"The image shows a wooden board leaning on a support. The red mark highlights the angle between the inner side of the leaning board and the bottom support leg. The board is tilted at a relatively steep angle, approximately 60 to 80 degrees from the horizontal support leg."
V-angle-image31.jpg,90.0,,"The image shows a wooden structure, likely a stand, with a vertical-ish backboard and horizontal supports. The red mark at the bottom indicates the joint area. The supports are attached to the main board using brackets. Visually, the support pieces are attached perpendicular to the main board panel. Even though the board is leaning slightly, the fundamental joint design (indicated by the L-shaped brackets and the geometry of the attachment) implies a 90-degree angle between the board and the supports. The red line appears to mark the tip or the angle of the lower support leg, which is aligned horizontally, perpendicular to the backboard.",35.0,,"The red mark is located at the intersection of the bottom-most wooden support beam and the floor. The angle formed between the slanted beam and the horizontal floor appears to be approximately 30 to 40 degrees. Estimating based on the visual incline, 35 degrees is a reasonable approximation."
V-angle-image32.jpg,30.0,,"The image shows a long wooden rod leaning diagonally from a bench seat down to a scale on the floor. Based on the visual geometry, the rod forms an acute angle with the horizontal floor surface. Estimating the slope based on the pixel distance and perspective, the angle appears to be approximately 30 degrees. This is a common angle for such resting objects or cantilever arms.",35.0,,"The user is asking for the angle of a 'marked bend/joint' where 'two parts meet'. Although no explicit highlight is visible, there is a prominent wooden stick leaning against a table and resting on the floor. The most likely 'joint' in this context is the angle formed where the stick meets the horizontal floor. Measuring the coordinates of the stick's ends in the image: top end is approximately (181, 452) and bottom end is (678, 802). The vertical difference (dy) is 350 pixels and the horizontal difference (dx) is 497 pixels. The angle with the horizontal is arctan(350/497) which is approximately 35 degrees."
V-angle-image33.jpg,90.0,,"The image shows a wooden pallet structure, likely modified into a chair or bench, with a cushion. The question asks for a 'bend/joint angle'. In pallet construction, the primary joints between the side rails and the horizontal slats are right angles (90 degrees). The blue painted wood appears to be a pallet or bentwood structure where the main structural joint between the vertical support and the horizontal seat frame is a 90-degree angle. The visual evidence of the pallet slats meeting the side rail perpendicularly supports this.",55.0,,"The red mark is located at the base of the cushion where it meets the floor. This indicates the angle between the slanted surface of the cushion and the horizontal floor. Based on visual estimation, the cushion is leaning at an angle of approximately 55 degrees relative to the floor."
V-angle-image34.jpg,45.0,,"The image shows two books leaning. The red book is leaning against the wall, and the green book is leaning against the red book and the red noodle/string on the floor. The angle of the green book relative to the floor, and the angle of the red book relative to the wall, appear to be roughly 45 degrees, creating a diagonal composition. The 'bend' likely refers to the lean or the angle formed by the books meeting.",25.0,,"The image shows two books leaning against each other and a wall. The 'V' angle is formed by the spines of the two books. Estimating the angle of the first book (left) with the floor to be approximately 35-40 degrees and the second book (right) to be approximately 60-65 degrees, the interior angle between the two books is roughly 20-30 degrees."
V-angle-image39.jpg,45.0,,"The image shows a broom or mop handle leaning against a wall. The orange arrow at the bottom points to the lower end of the handle, which rests on a scale or base. The handle extends diagonally upwards against the wall. The angle formed by the handle and the wall (or floor) appears to be approximately 45 degrees, consistent with the 'V-angle' in the filename and typical diagonal poses for such objects. The 'two parts' likely refers to the interacting surfaces of the pole and the wall/floor, or a slight bend at the joint if there is one, but 45 degrees is a strong estimate for the inclination.",170.0,,"The image shows a long telescopic pole leaning against a wall. The most prominent joint where two distinct parts meet is at the top, where the red handle connector meets the black cleaning head. The pole and the head are nearly collinear but exhibit a slight bend, creating an obtuse angle. Based on visual estimation, this angle is approximately 170 degrees."
V-angle-image40.jpg,80.0,,"The highlighted point marks the angle between a long wooden plank and the floor. The plank is leaning slightly towards the left, making an angle that is close to but less than 90 degrees (vertical). Based on the visual slope, which is very steep but clearly not vertical, the angle is estimated to be around 80 degrees.",120.0,,"The red mark is an arc indicating the angle between the leaning wooden plank and the floor on the left side of the plank. The plank is leaning at an acute angle of approximately 60 degrees with the floor on the right side. Therefore, the marked obtuse angle on the left side is approximately 180 - 60 = 120 degrees."
V-angle-image41.jpg,120.0,,"The image shows a metal frame leaning against a wall. The highlighted joint is at the bottom right, where a leg meets the base. The leg is slanted inwards towards the top (leaning against the wall). Visually, the leg makes an angle of approximately 60-70 degrees with the horizontal floor. Since the base is horizontal and extends to the left (forming the bottom of the A-frame), the interior angle between the leg (going up and right) and the base (going left) is obtuse. If the leg is at ~60 degrees to the horizontal, the angle is ~120 degrees. This is a common geometry for such frames (often related to equilateral triangles or 30-60-90 configurations).",90.0,,"The marked point is a corner joint of a rectangular metal frame. In a standard rectangular frame, the interior angles are 90 degrees. Despite the perspective of the photo, the structural intent of this joint is a right angle."
V-angle-image48.jpg,65.0,,"The image shows a ladder with red markers. The most prominent marked angle is indicated by a red arc at the bottom left foot of the ladder. This arc appears to measure the angle between the ladder's side rail and the ground. Visually estimating the slope of the ladder relative to the horizontal ground, it appears steep, likely around 65-70 degrees, which is typical for extension ladders or work position ladders. The 'bend' or 'joint' description might refer to the general angle or the kick/out foot angle which is similar.",70.0,,"The red mark indicates the angle between the ladder's side rail and the floor. By observing the lean of the ladder, it is positioned at a steep angle, estimated to be around 70 degrees from the horizontal floor."
V-angle-image51.jpg,135.0,,"The image shows two books leaning against each other. The pink book 'The Forest of Enchantments' is leaning against the wall at a steep angle, close to vertical (approx 80-85 degrees). The black book 'How to Kill Your Family' is leaning against the pink book, forming an incline. The black book appears to be at an angle of roughly 45 degrees relative to the horizontal table surface. The angle at the joint (the interior angle of the V-shape formed by the two books) is obtuse. Visually, this angle is around 135 degrees. Alternatively, if measuring the acute angle between the spines, it would be around 45 degrees, but 'bend angle' typically refers to the interior angle of the bent structure, which is obtuse in this configuration.",30.0,,"The user asks for the angle at a 'highlighted point', but no point is highlighted in the provided image. I will estimate the angle between the two books leaning against each other, as this is the most prominent 'joint' where two parts meet. The book on the left is leaning at approximately 40 degrees to the floor, and the book on the right is leaning at approximately 70 degrees to the floor. The angle between them is therefore approximately 30 degrees."
V-angle-image59-pov2.jpg,90.0,,"The red line points to the sharp corner of the black cushion where two faces meet. Since the object appears to be a rectangular prism (a cushion), its corners are right angles.",90.0,,"The highlighted red mark is located at the corner of a rectangular ottoman, where two perpendicular faces meet. In standard furniture design, this joint is a right angle."
V-angle-image59.jpg,88.0,,"The red mark highlights the corner where the dark blue object (likely a chair or ottoman) meets the floor. The object is tilted at a steep angle, almost upright but leaning slightly back or to the side against the frame. The angle between the bottom edge of the object and the floor appears to be close to a right angle, perhaps slightly acute due to the tilt. A value around 85-90 degrees is reasonable.",90.0,,"The red line highlights the corner edge of a rectangular upholstered ottoman where the top surface meets the side surface. In a standard rectangular prism shape, this angle is 90 degrees."
V-angle-image65-pov2.jpg,77.0,,"The red arc indicates the angle between the side of the box (labeled 'Doms') and the floor. The box is leaning towards the right, against a vertical frame. Visually, the angle is steep, clearly greater than 45 degrees but less than 90 degrees. It appears to be slightly inclined from vertical, perhaps by 10-15 degrees. Therefore, the angle with the floor (which is 90 minus the lean angle) would be around 75-80 degrees. A precise visual estimate places it near 77 degrees.",30.0,,"The red mark indicates the angle between the bottom surface of the tilted box and the floor. Observing the slope of the box, it is tilted at an angle that appears to be approximately 30 degrees relative to the horizontal floor surface."
V-angle-image65.jpg,90.0,,"The red line marks the corner angle of the box where the side panel meets the bottom (or where the flap folds). Given it is a standard rectangular packaging box, the internal corner angle is designed to be a right angle. Although the box is leaning against the chair, the geometric angle of the joint itself is 90 degrees.",90.0,,"The marked point is at the corner of a rectangular box where the bottom edge and the side edge meet. In a standard rectangular prism (like a cardboard box), the angle between adjacent edges is 90 degrees."
V-angle-image66-pov2.jpg,135.0,,"The image shows a green chalkboard attached to a black metal stand. At the bottom right corner, there is a hinge mechanism connecting the board to a supporting leg. The board is leaning slightly backward. The support leg extends outward and downward to the floor. Based on the geometry of such folding easel stands, the leg is typically angled outwards to provide stability. The angle between the vertical-ish board surface and the outward-angled leg creates an obtuse joint angle. Visually, this angle is wider than 90 degrees but not fully flat (180 degrees). A common design angle for such legs is 45 degrees relative to the board's plane, resulting in a joint angle of 90 + 45 = 135 degrees. Given the visual estimation of the leg extending significantly to the right while the board leans back, 135 degrees is a reasonable estimate for the internal joint angle.",70.0,,"The chalkboard is leaning against a shelf, creating an angle with the floor. By observing the tilt of the board relative to the horizontal ground, the angle is estimated to be approximately 70 degrees."
V-angle-image66.jpg,60.0,,"The image shows a folding cot or truss bed. The red arrow points to a hinge or joint at the bottom end of the frame. The structure resembles a V-shape or truss, where the two main rails converge. Based on the aspect ratio and typical folding cot designs, the angle at the bottom vertex (where the rails meet or cross) is likely around 60 degrees, forming an acute angle consistent with the visual appearance of the 'V' shape.",65.0,,"The red mark is located at the bottom corner of the chalkboard frame, indicating the angle between the frame and the floor. Based on the visual perspective of the leaning board, this angle is estimated to be approximately 65 degrees."
V-angle-image68-pov2.jpg,90.0,,,65.0,,"The painting is leaning against a wall/window sill. Estimating the angle between the surface of the painting and the horizontal ledge it rests on, it appears to be approximately 65 degrees."
V-angle-image68.jpg,85.0,,"The image shows a canvas or board leaning against a wall. The angle of interest is the inclination of this object relative to the ground or the wall. Visually, the object is nearly vertical but leans slightly backward against the wall. This implies an angle close to 90 degrees with the vertical, or slightly less than 90 degrees with the horizontal ground. A lean of a few to ten degrees would result in an angle with the ground of approximately 85 degrees.",65.0,,The canvas painting is leaning against a wall on a stone floor. The angle between the bottom edge of the canvas and the horizontal floor surface is estimated to be approximately 65 degrees.
V-angle-image69.jpg,60.0,,"The image shows a red board-like object (likely a wallet stand or cutting board case) leaning against a cabinet with an orange wallet propped against it. The thin red line near the bottom corner appears to indicate the angle of the board relative to the floor or the kickstand angle. Visually, the board is standing at a steep angle, roughly perpendicular to the floor but slightly tilted. A common standing angle for such wallets or display stands is around 60 to 70 degrees relative to the horizontal base. Given the visual evidence of it being a 'standing' position, 60 degrees is a reasonable estimate for the joint angle.",75.0,,The red mark is located where the red plastic board meets the floor. The board is leaning at an angle. The angle between the bottom edge of the board and the floor is estimated to be approximately 75 degrees.
V-angle-image70-pov2.jpg,45.0,,"The image shows a blue object leaning against a wall/doorframe, with a red bar resting against it. The red line is a small arc located at the bottom corner of the blue object where it meets the floor. This arc typically indicates the angle of inclination or the bend angle. Visually, the blue object is leaning at an angle that appears to be roughly halfway between 0 degrees (flat) and 90 degrees (vertical), suggesting an angle of 45 degrees.",30.0,,"The red mark indicates the angle between the blue panel and the floor. Based on visual estimation, this angle is roughly 30 degrees."
V-angle-image70.jpg,90.0,,"The image shows a red board and a blue/patterned board leaning against a wall. The red highlight point (a small red line at the bottom left) appears to mark the corner where the wall meets the floor, or possibly indicates a right angle. The object itself looks like a feather gauge or similar tool where parts might be joined or set at an angle. The most distinct angle visible is the corner of the room or the implied square shape of the tool components. The red line looks like an 'L' shape, further suggesting a 90-degree angle.",35.0,,"The highlighted red mark is located at the joint where the blue board meets the floor. By visually estimating the slope of the blue board relative to the horizontal floor, the angle appears to be approximately 35 degrees."
V-angle-image71-pov2.jpg,110.0,,"The laptop is open at an angle that is obtuse relative to the base, leaning back from a vertical 90-degree position. Visually, the screen is tilted back by roughly 20-30 degrees from vertical, making the total joint angle between the lid and base approximately 110-120 degrees. A standard ergonomic angle for typing is around 110-120 degrees, which matches the visual evidence of the screen tilted back slightly past perpendicular.",125.0,,"The red highlight marks the hinge area of the laptop. The angle is measured between the plane of the keyboard base and the plane of the screen. The laptop is opened beyond a right angle, appearing to be approximately 125 degrees."
V-angle-image71.jpg,120.0,,"The image shows an open laptop where the angle between the screen (lid) and the keyboard base is being indicated by the red line at the hinge. The laptop is partially open, forming an obtuse angle. It is clearly open past 90 degrees (perpendicular) but not fully flat at 180 degrees. Visually, the angle corresponds to a standard viewing position, estimated to be around 120 degrees.",120.0,,"The red line marks the hinge area where the laptop screen meets the base. The laptop is open past 90 degrees, appearing to be tilted back at approximately 120 degrees relative to the base."
V-angle-image72-pov2.jpg,60.0,,"The image shows a drafting table leg angled downwards. The red arrow at the bottom highlights the angle between the leg and the floor. Visually, the leg is inclined, splayed outwards. The angle with the vertical appears to be around 30 degrees, making the angle with the floor approximately 60 degrees. The mention of 'bend/joint' likely refers to the leg's inclination or the joint with the floor.",65.0,,"The highlighted point marks the angle between the slanted table leg and the floor. Observing the lean of the leg, it appears to be approximately 65 degrees relative to the horizontal surface of the floor."
V-angle-image72.jpg,80.0,,"The red line highlights the angle between the leg of the folding tray and the floor. Visually, the leg is quite steep, supporting the table, but it clearly angles outward for stability rather than being perfectly vertical. The angle appears to be close to vertical but slightly tilted, likely around 80 degrees from the horizontal floor surface.",60.0,,"The red arc highlights the angle between the leg of the folding table and the ground. By observing the slant of the leg relative to the floor, it appears to be steeper than 45 degrees. Estimating the vertical height versus the horizontal displacement from the foot to the table attachment point, the angle is approximately 60 degrees."
V-angle-image73.jpg,90.0,,"The red arrow/arc highlights the corner of the black folding table. This corner represents the meeting point of the two flat surfaces (the front and side edges of the table top), which form a right angle.",45.0,,"The red mark indicates the angle between the bottom surface of the plastic container and the horizontal surface of the table. Based on the visual perspective, the container is leaning at an angle that appears to be approximately 45 degrees relative to the table."
V-angle-image74.jpg,30.0,,"The red marker highlights the bottom tip of the blue packaging box where it meets the floor. Visually, the box is leaning at a distinct angle relative to the horizontal floor, appearing to be propped up against the adjacent brown box or door frame. The angle of inclination looks to be roughly 30 degrees, as it is significantly tilted but not lying flat or vertical.",115.0,,"The most prominent bend/joint in the image is the open flap of the cardboard box. Estimating the angle between the top surface of the box and the open flap, it appears to be approximately 115 degrees."
V-fit-image1.jpg,,False,"The red object is a rectangular pillow or cushion, which has a significant volume and surface area. The blue object is the inner vessel of a pressure cooker. Visually, the pot is smaller than the pillow. Even with significant deformation like folding or compressing the pillow, its volume and dimensions exceed those of the cooking pot, making it impossible for the pillow to fit entirely inside the container.",,True,"The red-marked object is a soft, compressible cushion, and the blue-marked object is a pot with a wide opening. Due to the cushion's flexibility and compressibility, it can be folded or squeezed to fit inside the container."
V-fit-image10.jpg,,True,"The blue-marked object is a large water jug with a wide opening and significant interior volume. The red-marked object is a small carabiner clip. Given the size difference, the small clip can easily fit inside the large jug through the wide opening with plenty of clearance.",,True,"The red-marked object is a small carabiner, while the blue-marked container is a large plastic bottle with a wide opening. The carabiner's dimensions are significantly smaller than the bottle's opening, allowing it to fit inside easily."
V-fit-image12.jpg,,False,"The red-marked object is a large scarf, which is significantly larger in area than the small blue measuring cup. Even if the scarf is crumpled or tightly folded, its total volume and surface area are too great to be fully contained within the small capacity of the cup without parts of it sticking out.",,True,"The red-marked object is a piece of fabric, which is highly deformable. It can be folded or crumpled into a small volume that would easily fit inside the blue-marked plastic container."
V-fit-image13.jpg,,True,"The red object is a small plastic measuring cup, while the blue object is a larger paper cup. Comparing their dimensions, the paper cup is significantly taller and appears to have a wider diameter or at least equal width compared to the short plastic cup. Therefore, the smaller plastic cup can easily fit inside the larger paper cup both in height and width.",,True,"The red-marked object is a small plastic measuring cup, and the blue-marked container is a larger paper coffee cup. Comparing their relative sizes in the image, the plastic cup's diameter is smaller than the paper cup's opening, and its height is shorter than the paper cup's depth. Therefore, it can easily fit inside."
V-fit-image14.jpg,,True,"The red-marked object is an onion, which appears to have a diameter of roughly 5-6 cm. The blue-marked container is a paper cup that is clearly much larger, with a top diameter likely around 8-10 cm and a height of over 10 cm. Since the onion's dimensions are smaller than the cup's opening and overall height/width, it can easily fit inside.",,True,"The red onion's diameter is smaller than the diameter of the paper cup's opening, and the cup's depth is sufficient to hold the onion. Therefore, the onion can fit inside the cup."
V-fit-image15.jpg,,False,"The red object is a large red onion and the blue object is a small plastic measuring cup. Visually, the width of the onion (red bounding box) appears to be wider than the opening diameter of the measuring cup (blue bounding box). Since the onion is an oval/spherical shape, its width is its largest dimension perpendicular to the stem. Because this width exceeds the cup's opening dimension, the onion cannot fit inside the container.",,True,"The red onion's diameter appears to be smaller than the diameter of the opening of the plastic measuring cup, and the cup's depth is sufficient to accommodate the onion's height."
V-fit-image16.jpg,,False,"The red object is a towel, which is significantly larger in surface area and volume than the small blue plastic container. Even allowing for folding, the dimensions of the towel (likely around 30-40cm) are too large to fit into the small cup (likely under 15cm in diameter and depth).",,True,"The red-marked object is a piece of cloth, which is highly flexible and can be folded, rolled, or crumpled. The blue-marked object is a plastic container. Since cloth can be compressed into a much smaller volume through folding, it can easily fit inside the container."
V-fit-image17.jpg,,True,"The red-marked object is a piece of fabric or cloth with a blue and white pattern, which appears to be larger than the blue-marked paper cup. However, the prompt allows for deformation like folding or bending. Since cloth is flexible, it can easily be rolled up or folded into a small bundle to fit inside the volume of the cup.",,True,"The object in the red box is a piece of fabric, which is highly flexible and can be folded or crumpled. The object in the blue box is a paper cup with sufficient volume to hold a folded piece of fabric of that size."
V-fit-image18.jpg,,True,"The blue-marked object is a large, pineapple-shaped dish, while the red-marked object is a small rectangular coaster or tile. Visually, the red object is significantly smaller than the blue dish, so it would easily fit inside it without any clearance issues.",,True,"The red-marked object is a small, flat coaster, while the blue-marked object is a significantly larger bowl. The dimensions of the coaster are well within the width and height of the bowl's interior, allowing it to fit easily."
V-fit-image19.jpg,,True,"The blue bounding box surrounds a large pineapple-shaped dish, while the red bounding box surrounds a remote control and a coaster. Visually, the items in the red box are significantly smaller in width and length compared to the outlines of the blue box (the dish). Even accounting for the packing of two items, their combined dimensions appear to fit within the width and length of the pineapple dish's opening. Therefore, considering only width/diameter, they can fit.",,True,"The blue-marked container is a large bowl. The objects in the red box consist of a remote control and a small square coaster. Comparing their dimensions, the combined length and width of the remote and coaster are significantly smaller than the internal dimensions of the bowl's basin. They can easily fit inside if placed side-by-side or rotated."
V-fit-image2.jpg,,True,"The red object is a long, flexible yoga strap made of fabric. Since deformation (folding, coiling) is allowed, the strap can be easily curled into a tight coil or ball. The blue object is a metal pot (likely a pressure cooker insert) with a wide opening. The coiled strap would be much smaller than the diameter and height of the pot, allowing it to fit easily inside.",,True,"The red-marked object is a purple fabric strap, which is highly flexible and can be easily folded, coiled, or bent. The blue-marked object is a pot with a sufficient opening and internal volume to accommodate a coiled fabric strap."
V-fit-image20.jpg,,False,"The red-marked object is a yellow dumbbell which is a bulky, three-dimensional object with significant length and width. The blue-marked object is a shallow, pineapple-shaped plate or dish. Visually, the dumbbell is larger than the dish, particularly in length and bulk. The dish is not deep enough to contain the dumbbell, nor is its opening large enough to fit the dumbbell inside given its dimensions. Therefore, the dumbbell cannot fit inside the container.",,False,"The yellow dumbbell is significantly bulkier and longer than the recessed area of the pineapple-shaped tray. Its diameter is substantial relative to the tray's width, and its overall length exceeds the length of the tray's bowl, meaning it would not fit entirely inside the container's boundaries without overhanging."
V-fit-image21.jpg,,False,"The red-marked object is a chair, which has a width (seat and leg span) significantly larger than the blue-marked basket. Visually, the chair's bounding box is much wider than the basket's width. Therefore, the chair cannot fit inside the basket based on width constraints.",,False,"The width of the chair's seat and the distance between its legs are significantly larger than the diameter of the basket's opening, making it impossible for the chair to fit inside the basket."
V-fit-image23.jpg,,True,"The red object is a clothes iron and the blue object is a large woven storage basket. Visually, the basket's opening is significantly wider than the base of the iron, and its depth appears sufficient to hold the iron's body and handle. Therefore, the iron can easily fit inside the basket.",,True,"The red-marked object is a steam iron, which is relatively small in size. The blue-marked container is a large fabric storage basket with a wide opening and significant depth. The dimensions of the iron are far smaller than the internal volume of the basket, allowing it to fit easily inside regardless of orientation."
V-fit-image24.jpg,,True,"The red-marked object is a pair of eyeglasses, and the blue-marked object is an eyeglass case. While the glasses are currently unfolded, eyeglasses are designed to be folded for storage. The case is the appropriate container for them, and its dimensions appear sufficient to hold the folded glasses.",,True,"The red-marked object is a pair of glasses and the blue-marked object is a glasses case. Glasses are designed to be foldable at the temples to fit specifically into such cases. Based on the visual scale, the folded glasses will easily fit within the dimensions of the open case."
V-fit-image25.jpg,,True,"The red object is a soft, flexible microfiber cloth. While unfolded it is larger than the case, it can be easily folded, rolled, or bunched up into a very small size, allowing it to fit easily inside the blue container which is designed to hold small items like glasses.",,True,"The red-marked object is a flexible cleaning cloth, which can be folded or crumpled. The blue-marked object is a glasses case. Given the typical sizes of these items and the flexibility of the cloth, it can easily be folded to fit inside the case."
V-fit-image26.jpg,,False,"The red object is a large pinecone which is quite bulky and three-dimensional. The blue object is a shallow glasses case designed to hold flat frames. The pinecone is wider and thicker than the interior depth of the case. While the prompt allows for deformation, a pinecone is a rigid, woody object that cannot be folded or significantly bent without breaking (destroying it), and even if compressed slightly, its volume is too large for the thin glasses case.",,False,"The red-marked object is a pinecone, which is a rigid structure that cannot be deformed without being destroyed. Comparing its size to the blue-marked eyeglass case, the pinecone's diameter is greater than the interior depth of the case, making it impossible for the pinecone to fit inside."
V-fit-image27.jpg,,True,"The blue object is a wide, pineapple-shaped serving dish with a broad opening. The red object is a long, narrow eyeglasses case. The width and overall dimensions of the eyeglasses case are clearly smaller than the width and diameter of the pineapple dish's opening, allowing it to fit inside.",,True,"The red-marked object is a small, oblong case, while the blue-marked container is a wide, shallow bowl. Comparing their relative sizes in the image, the width and length of the case are significantly smaller than the dimensions of the bowl's opening, allowing it to fit easily inside if height is ignored."
V-fit-image3.jpg,,False,"The blue bounding box contains a single purple bowl. The red bounding box contains four separate items: a tall cylinder, a small green dish, and two white cups. Comparing the widths, the red bounding box is significantly wider than the blue bounding box. The group of objects in the red box, even when considering the widest individual item (the cylinder) plus its neighbors, has a total width that exceeds the diameter of the purple bowl. Therefore, all the objects cannot fit inside the single container based on width/diameter constraints.",,True,"The blue-marked container is a large, wide bowl with a diameter significantly greater than that of any individual object in the red bounding box. Even considering all objects in the red box collectively, their combined footprints are smaller than the inner diameter of the purple bowl, allowing them to fit inside if height is ignored."
V-fit-image4.jpg,,True,"The blue object is a rigid cup with a reasonable capacity (likely around 500ml). The red object is a thin, flexible cloth or towel. Although the cloth is larger in spread, it has very little volume. Because deformation (folding, rolling) is allowed, the cloth can be easily compacted into a small bundle small enough to fit inside the cup.",,True,"The red-marked object is a flexible microfiber cloth that can be folded and compressed, making it easy to fit into the blue-marked plastic container, which has sufficient volume to hold it."
V-fit-image5.jpg,,True,"The red object is a glass bottle, which has a relatively narrow diameter. The blue object is a wide, shallow plastic container (resembling an ice cream tub or bowl) with a large opening. Visually, the bottle's width is significantly smaller than the container's diameter, so it fits easily.",,True,"The diameter of the glass bottle (red-marked object) at its widest point is smaller than the diameter of the opening of the plastic container (blue-marked object). Therefore, based on width/diameter alone, the bottle can fit inside the container."
V-fit-image6.jpg,,True,"The red-marked object is a clear plastic cup which appears significantly smaller in both diameter and height compared to the silver pressure cooker pot marked in blue. The blue container's opening is wider than the cup, and its body is taller, allowing the cup to fit comfortably inside.",,True,"The plastic cup (red-marked) has a diameter smaller than the opening of the metal pot (blue-marked) and a height that is compatible with the pot's depth, allowing it to fit inside easily."
V-fit-image61.jpg,,True,"The red object appears to be a flexible textile item like a yoga mat or towel. The blue object is a paper bag with a relatively large opening. Since the problem allows for deformation, including folding, the flat textile can be folded into a smaller, more compact shape. A folded textile of this apparent size would easily fit inside a standard-sized paper bag.",,True,"The red-marked object is a quilted fabric mat, which is highly deformable and can be folded multiple times into a small, compact size. The blue-marked object is a brown paper bag with sufficient volume to accommodate a folded mat of that size."
V-fit-image62.jpg,,True,"The red-marked object is a fruit (likely a pear) encased in a yellow mesh net. The blue-marked object is a clear plastic clamshell container, likely an egg or fruit box. Visually comparing the dimensions, the width and length of the fruit (including the net) appear to be slightly smaller than the internal dimensions of the container's base. While the mesh adds some bulk, the fruit's overall footprint fits within the container's opening. Rotating the fruit to align with the container's longest axis would ensure a fit.",,True,"The red-marked object (a fruit in foam mesh) has dimensions that are visibly smaller than the internal dimensions of the blue-marked plastic container. Comparing their relative sizes in the image, the width and height of the fruit are well within the limits of the container's base and depth."
V-fit-image63.jpg,,True,"The blue-marked object, appearing to be a folded piece of foam netting or packaging material, forms a container shape that is visibly larger in both width and height than the red-marked object (a potato or similar fruit). The red object fits comfortably within the bounds of the blue container's opening based on 2D projection and typical packaging dimensions for such items.",,False,"The red-marked object (a potato) has a diameter that appears slightly larger than the inner diameter of the blue-marked lattice container, meaning it would not be able to slide inside."
V-fit-image64-pov2.jpg,,True,"The red object is a flexible piece of cloth (with visible wrinkles and fabric texture). While it is spread out and appears larger than the cup in the image, cloth is highly deformable. It can be folded, crumpled, or rolled into a small enough bundle to fit inside the blue cup.",,True,"The red-marked object is a piece of fabric, which is highly deformable. It can be folded or crumpled into a small size that would easily fit inside the volume of the blue plastic cup."
V-fit-image64.jpg,,True,"The red object is a piece of fabric (likely a scarf or cloth), which is soft and flexible. The blue object is a cup. Because fabric can be easily folded, bunched up, and compressed, the cloth can be manipulated to fit inside the much smaller volume of the cup.",,True,"The red-marked object is a cloth napkin, which is highly flexible and can be folded multiple times. The blue-marked object is a plastic cup. A cloth napkin can easily be folded small enough to fit inside a cup."
V-fit-image67-pov2.jpg,,True,"The red-outlined object is a blue sphere, and the blue-outlined container is a brown faceted glass cup. Visually, the sphere appears smaller in diameter than the rim of the cup. Since the sphere is a regular shape and the cup is wider than the ball, the ball can fit inside the container without any rotation issues or clearance problems.",,False,"The red-marked object is a blue sphere whose diameter appears to be slightly larger than the top opening of the blue-marked brown container. Therefore, it cannot fit inside the container."
V-fit-image67.jpg,,False,"The red object is a spherical blue ball with visible seams, resembling a miniature sports ball. The blue object is a small, faceted glass tumbler. Visually comparing the two, the diameter of the blue ball appears larger than the inner diameter of the glass opening. Since the ball is a sphere, it cannot shrink, and its width exceeds the maximum width of the container's opening, making it impossible to fit inside.",,True,"The blue ball's diameter appears to be smaller than the inner diameter of the brown glass's opening, and the glass's depth is sufficient to contain the ball."
V-fit-image7.jpg,,True,"The red object is a pestle and the blue object is a mortar. By design and visual inspection, the diameter of the pestle is narrower than the opening of the mortar bowl, allowing it to fit inside.",,True,"The diameter of the head of the red-marked pestle is smaller than the diameter of the opening of the blue-marked mortar, meaning it can fit inside."
V-fit-image75.jpg,,False,"The red-marked object is a long, rectangular product box that is visibly larger than the open cardboard box outlined in blue. The length and width of the red box exceed the dimensions of the blue container, making it impossible to fit inside, even with rotation.",,True,"The red-marked product box is smaller in all dimensions compared to the internal volume of the blue-marked cardboard container, meaning it can easily fit inside."
V-fit-image76.jpg,,True,"The blue-marked container (cardboard box) appears to have a width and depth that is visibly larger than the width and spread of the red-marked potted plant. The box is a standard rectangular prism shape, seemingly larger than the object it is next to.",,True,"The width and diameter of the potted plant (red object) are visually significantly smaller than the interior width and length of the cardboard box (blue container), meaning it can fit inside horizontally."
V-fit-image77.jpg,,False,"The blue-marked container is a relatively small cardboard box. The red-marked object consists of two pairs of socks (four socks in total). The socks are long and have a significant volume. The combined volume and length of the socks are too large to fit inside the small, narrow box, even if they are folded or bent.",,True,"The red-marked objects are socks, which are soft and highly deformable. They can be folded or rolled to fit into the blue-marked cardboard box, which has sufficient volume to hold them."
V-fit-image8.jpg,,True,"The red-marked object is an umbrella. Umbrellas are designed to be folded or collapsed, turning a large, wide object into a long, thin cylinder. The blue-marked object is a relatively wide storage basket. While the umbrella in its open state is too large, allowing for deformation (folding/closing) means it can be reduced in width to fit inside the basket's opening. Even if the folded length is greater than the basket's height, the object can be coiled or bent to fit, satisfying the condition.",,True,"The red-marked object is an umbrella, which is designed to be folded. The blue-marked object is a large basket. Once the umbrella is folded, its dimensions will be small enough to easily fit inside the basket."
V-fit-image9.jpg,,False,"The red object is a large, bulky pillow or cushion that is significantly taller and wider than the moderate-sized blue basket. Even with deformation, the volume and physical bulk of the pillow appear too great to be compressed enough to fit entirely inside the smaller, shallower basket without it overflowing.",,True,"The red-marked object is a soft pillow, which is highly deformable. The blue-marked container is a basket of sufficient size to accommodate a folded or compressed pillow. Therefore, the pillow can be folded or squeezed to fit inside the basket."
V-weight-image0.jpg,19400.0,,"The object is a large, transparent plastic water dispenser bottle, likely filled with water. Based on its size relative to the door frame and standard industry sizes, it resembles a 5-gallon (approx. 18.9 liters) or 20-liter water cooler bottle. The water density is 1 g/ml, so 18.9 liters weighs 18,900 grams. Adding the weight of the empty plastic container (approx. 500 grams) yields a total weight.",19700.0,,"The object is a large plastic water bottle, likely a standard 20-liter capacity jar. It is filled with water up to the shoulder, estimating approximately 19 liters of water. Since 1 liter of water weighs 1,000 grams, 19 liters weigh 19,000 grams. Including the weight of the plastic bottle (approx. 500-800 grams), the total weight is estimated to be around 19,700 grams."
V-weight-image28.jpg,4500.0,,"The object is a standard dining chair with a wooden frame and four legs. Based on typical dimensions and materials (wood and likely particle board/laminate for the seat/back), a chair of this type usually weighs between 3 kg and 5 kg. It appears to be a solid construction but not overly heavy like an executive chair.",4500.0,,The object is a standard dining chair consisting of a plastic seat and backrest with four wooden legs. Typical weights for this type of chair range from 3 to 6 kg. Estimating it at approximately 4.5 kg.
V-weight-image35.jpg,7500.0,,The object is a standard countertop microwave oven (LG brand). These appliances typically weigh between 6 kg and 9 kg depending on size and features. A standard model like this is likely around 7-8 kg.,13500.0,,The object is a standard compact countertop microwave oven. Typical weights for this size and type of appliance generally range from 12 kg to 18 kg. A reasonable estimate for a mid-sized LG microwave is approximately 13.5 kg.
V-weight-image36.jpg,350.0,,"The object is a small, portable electric water pump (likely a Croma brand jet pump). These devices are made primarily of lightweight plastic and rubber. Based on the size relative to the floor tiles and typical dimensions of such appliances (roughly the size of a large beverage can), the weight is estimated to be in the range of 300 to 400 grams for a dry, empty unit.",500.0,,"The object is a small electric appliance, likely a humidifier or aromatic diffuser. It consists of a plastic base, a plastic container, and a power cord. Estimating the weight of these components: the plastic base is approximately 300g, the empty plastic container is about 150g, and the power cord is around 50g, totaling roughly 500g."
V-weight-image37.jpg,1650.0,,"The object is a Philips EasyAir mini air fryer, likely the F1000 or F1100 model. These compact countertop appliances typically have a production weight of around 1.6 kg to 1.8 kg.",5000.0,,The object is a Philips air fryer. A standard mid-sized empty air fryer typically weighs between 4 and 6 kilograms. Estimating a weight of approximately 5 kilograms for this model.
V-weight-image38.jpg,3500.0,,"The object is a standard aluminum 'universal' step ladder commonly found in households. Based on its size relative to the door frame and wall switchboard, it appears to be a 4-5 step model. Typical household aluminum ladders of this size weigh between 3 kg and 4.5 kg.",6000.0,,"The red-marked object is a multi-purpose aluminum folding ladder. Based on its size and construction, typical aluminum ladders of this type for household use weigh between 5 and 8 kilograms. Estimating a moderate weight of 6 kg converts to 6000 grams."
V-weight-image42.jpg,700.0,,"The red-marked area encompasses two paperback books. The visible book is 'How to Kill Your Family' by Bella Mackie, which is a standard mass-market paperback (approx. 13cm x 20cm) with roughly 380 pages, typically weighing around 400g. The second book by Chitra Banerjee Divakaruni appears to be of similar format and thickness, suggesting a weight of roughly 300-350g. Summing these estimates gives a total weight around 700g.",800.0,,"The red-marked area contains two paperback books. A typical paperback book of this size weighs approximately 350 to 450 grams. Estimating each book at around 400 grams, the total weight for two books is approximately 800 grams."
V-weight-image43.jpg,280.0,,"The object is a wooden stand, likely made of hardwood given its appearance. Estimating its dimensions based on the context (supporting a large pot), it is roughly 25-30 cm long and about 1.5-2 cm thick. Assuming a standard hardwood density, the weight would be a few hundred grams. The visual size suggests a weight around 280 grams.",100.0,,"The red-marked object is a curved piece of hardwood. Estimating its dimensions as approximately 20 cm in length, 4 cm in width, and 1.5 cm in thickness gives a volume of about 120 cubic centimeters. With a typical hardwood density of around 0.7-0.8 g/cm³, the estimated weight is roughly 84-96 grams. I will estimate it at 100 grams."
V-weight-image44.jpg,3.5,,"The object is a small wooden stool or seat, likely made of hardwood like teak or sheesham given its color and thickness. Based on visual estimation, the dimensions are approximately 40cm in height, 30cm in width, and 25cm in depth. A solid wood object of this volume (roughly 3-4 liters) typically weighs between 2kg and 4kg. Considering the substantial thickness of the top and side panels and the four tapered legs, a weight of around 3.5kg is a reasonable estimate.",4500.0,,"The object is a small solid hardwood stool. Estimating its volume based on typical dimensions for such a piece (roughly 40cm height, 30-40cm top width) and the density of common hardwoods (around 0.7 g/cm^3), the total mass would be approximately 4 to 6 kg. A reasonable estimate for this specific size and build is around 4500 grams."
V-weight-image45.jpg,17000.0,,"The object is a wooden slatted panel or pallet section. Based on its visual dimensions relative to the large blue gas cylinder in the background (roughly 80-100 cm tall and 50-60 cm wide) and the 10-15 cm depth of the end beam, it appears to be constructed from substantial softwood lumber (similar to material used for pallets or framing). Assuming slat thickness of ~2-3 cm and similar wood density (~600 kg/m³), with gaps for slats, the estimated total mass is likely around 15 to 20 kg.",850.0,,"The object is a light-blue painted wooden structure consisting of a backboard and several horizontal slats. Estimating its dimensions to be approximately 35cm x 25cm x 2cm, the total volume of wood is roughly 1500-2000 cubic centimeters. With a typical wood density of about 0.5 g/cm³, the estimated weight is around 750-1000 grams."
V-weight-image46.jpg,1000.0,,"The object is a fabric-covered seat cushion, likely made of high-density foam. Based on visual comparison with the blue stool and surrounding floor tiles, it appears to be roughly 40cm x 30cm in face dimensions with a thickness of approximately 8-10cm. A standard seat cushion of these dimensions typically weighs around 1kg (comprising foam and heavy fabric).",500.0,,"The red-marked object is a small rectangular fabric-covered cushion. Estimating its dimensions to be approximately 35cm x 25cm x 12cm, its volume is about 10,500 cubic centimeters. Assuming a standard polyurethane foam density of roughly 30-40 kg/m^3 (0.03-0.04 g/cm^3) and adding the weight of the fabric cover, the estimated weight falls in the range of 400 to 600 grams."
V-weight-image47.jpg,455.0,,"The object is a long, cylindrical wooden stick or cane, approximately 1 meter long and roughly 2.5-3 cm in diameter. Wood has a density typically between 0.5 and 0.8 g/cm³ for this type of turned wood. Estimating the volume as roughly pi * (1.5cm)^2 * 100cm gives about 700 cm³. Multiplying by a density of ~0.65 gives a weight around 455 grams. This is consistent with the object resting on a small kitchen scale which appears to show a low reading.",400.0,,"The red-marked object is a polished wooden rod or walking stick. Based on its estimated dimensions (approximately 90 cm in length and 2.5-3 cm in diameter) and the typical density of hardwood (approx 0.7-0.9 g/cm³), the volume is roughly 450-550 cm³, leading to an estimated weight in the range of 300-500 grams."
V-weight-image49.jpg,800.0,,"The object is a long-handled cleaning tool, likely a mop or a squeegee, with a metal or aluminum shaft and a plastic head/handle. Based on the length (approx. 1.5-2 meters) and typical materials for such tools (aluminum shaft, plastic head), a reasonable weight estimate is around 0.8 kg.",1200.0,,"The object is a metal extension pole, likely made of aluminum, approximately 2.5 to 3 meters in length with plastic attachments at the ends. Based on typical weights for such tools, an aluminum pole of this size generally weighs between 800g and 1500g."
V-weight-image50.jpg,9000.0,,"The object is a large metal frame, likely aluminum or painted steel, used for a display or sign. Based on the surrounding tiles and the wall, the frame is approximately 1.5 meters in height and 1 meter in width. It appears to be constructed from square tubing, roughly 1-inch (2.5 cm) in size, with a total length of tubing around 5 meters. Assuming a material density typical for a portable frame (possibly aluminum or thin steel), the total mass is estimated to be around 9 kg (9000 grams).",5000.0,,"The object is a black powder-coated metal frame, likely made of steel rectangular tubing. Estimating dimensions as approximately 75cm in height and 50cm in width, with a total tube length of about 2.5 meters. Assuming a tube size of 3cm x 3cm with a 2mm wall thickness, the volume of steel would be roughly 600 cubic centimeters. Multiplying by the density of steel (7.85 g/cm3) gives approximately 4710 grams. Including the weight of the joints, fasteners, and plastic feet, a reasonable estimate is around 5000 grams."
V-weight-image52.jpg,10000.0,,"The image shows a yellow dumbbell. Based on the size relative to the standard wall socket (likely 86mm or larger) and the floor tiles, the dumbbell appears to be a medium-weight model, likely around 10kg (approx. 22 lbs). It could be interpreted as two smaller dumbbells or one standard 10kg rubber-coated dumbbell. Given the visual bulk of the end caps and the handle, 10kg is a reasonable estimate.",2000.0,,"The red-marked area contains two small yellow dumbbells. These types of vinyl-coated dumbbells typically range from 0.5 kg to 2 kg each. Estimating each dumbbell at approximately 1 kg (1000g), the total weight for the pair is roughly 2000g."
V-weight-image53.jpg,5500.0,,"The object is a wooden folding rack, likely used for drying clothes or holding items. Based on visual comparison with the wall switches and the room perspective, its height is approximately 90-100 cm and width is around 40-50 cm. The structure is made of multiple wooden planks and beams. Estimating the total volume of the wood to be roughly 8000-9000 cm³ and assuming a wood density of approximately 0.6-0.7 g/cm³, the calculated weight falls in the range of 4800-6300 grams. A reasonable estimate is around 5500 grams.",5000.0,,"The object is a small wooden stand made of several solid wood beams and slats. Estimating its dimensions to be approximately 1.2m in height, 0.5m in width, and using a typical wood density of about 600 kg/m^3, the total volume of the wood is estimated to be around 0.008 m^3, leading to a total weight of approximately 4.8 to 5.2 kg."
V-weight-image54.jpg,1200.0,,"The image shows two standard-sized yoga blocks stacked on a table. A typical yoga block made of foam weighs between 600 and 900 grams. Assuming these are standard rubber or foam blocks, the total weight would be the sum of the two. The top grey block appears dense (possibly cork or firm foam) and the bottom blue block appears to be standard foam. A reasonable estimate for one block is around 600-700g and the other around 500-600g, totaling approximately 1100-1300 grams.",1000.0,,"The red-marked object consists of two stacked yoga blocks. Standard foam yoga blocks typically weigh between 400g and 600g each. Assuming a medium weight of 500g per block, the total weight for two blocks is approximately 1000g."
V-weight-image55.jpg,14500.0,,"The red-marked object is a full-length standing mirror with a decorative wooden frame and blue patterned design. Based on visual estimation, it is likely around 1.2 to 1.5 meters tall and 0.6 to 0.8 meters wide. A standard mirror of this size with 3-5mm thick glass weighs around 10-12 kg. Adding the weight of the wooden frame, backing board, and hardware, the total weight is estimated to be between 12 and 16 kg.",18000.0,,"The red-marked object is a full-length mirror with a decorative frame. Estimating its dimensions as approximately 160 cm in height and 60 cm in width, the glass alone would weigh around 10-12 kg. The substantial frame likely adds another 5-8 kg, bringing the total estimated weight to around 15-20 kg, or 15,000 to 20,000 grams."
V-weight-image56.jpg,450.0,,"The object is a portable LED lantern or camping light, characterized by its yellow plastic base and handle. It appears to be a rechargeable unit, likely containing a lithium-ion battery pack to power the internal LED strips. A typical camping lantern of this size (roughly 20-25 cm in height) with a handle and battery usually weighs between 300 and 600 grams.",300.0,,"The red-marked object is a small portable LED lantern made primarily of plastic with a small battery and electronics. Based on its size and materials, such lanterns typically weigh between 200 and 400 grams."
V-weight-image57.jpg,1200.0,,"The object is a small stool featuring a circular woven seat, likely made from recycled plastic or similar sheet material, mounted on thin metal hairpin legs. The woven seat has significant volume due to the thick lattice-like weaving, suggesting a weight of approximately 800g to 1kg itself. The four metal legs add roughly 400g. Thus, the total weight is estimated to be around 1200g.",3500.0,,"The object is a small stool consisting of three metal hairpin legs and a woven top. Typical metal hairpin legs of this size weigh approximately 500-800g each. The woven seat, including its internal support frame and the thick yarn, likely weighs between 1-2 kg. Summing these estimates, the total weight is approximately 3-4 kg."
V-weight-image58.jpg,1000.0,,"The object is a large mat, likely an indoor-outdoor rug (like a Bubbok) or a foam pad commonly used for exercise or sitting. Based on the floor tiles and background chairs, the mat appears to be roughly 1 meter wide and 2-3 meters long. These types of mats typically have a thickness of 3-10mm and are made of foam, rubber, or fiber. A mat of this size (approx. 2-3 square meters) usually weighs between 0.5kg and 2kg. Given the visual thickness and material, 1kg (1000g) is a reasonable estimate.",1500.0,,"The object is a foam mat, likely used for yoga or exercise. Based on its estimated dimensions (approx. 180cm x 60cm x 1cm) and typical foam densities (like EVA or TPE), it would likely weigh between 1kg and 2kg. I will estimate it at 1500 grams."
V-weight-image60-pov2.jpg,4500.0,,"The object is a small, cube-shaped ottoman or footstool, likely upholstered in a dark fabric (velvet or similar) with wooden legs. Based on visual comparison with the mini-fridge in the background, its dimensions are approximately 40-45 cm in width/depth and 35-40 cm in height. Such furniture items typically consist of a wooden or particle board box frame (approx. 2-3 kg), a fabric cover (approx. 0.5-1 kg), and internal padding or filling (foam or loose filler approx. 1-3 kg). A standard ottoman of these dimensions usually weighs between 3 kg and 6 kg.",13000.0,,"The object is a medium-sized upholstered ottoman. Estimating its dimensions at roughly 110cm x 60cm x 45cm, it likely consists of a wooden frame, high-density foam padding, and fabric. A typical ottoman of this size and construction usually weighs between 10 and 20 kilograms. A reasonable estimate is around 13 kilograms."
V-weight-image60.jpg,12500.0,,"The object is a grey upholstered cube ottoman. Comparing it to the nearby sofa and typical room furniture scales, it appears to have dimensions of approximately 50-60 cm in width, 50 cm in depth, and 40-45 cm in height. It likely consists of a particle board or light wood frame, upholstered fabric, and foam stuffing. A typical ottoman of this size (approx. 0.1-0.15 cubic meters volume of materials) usually weighs between 10 kg and 15 kg.",10000.0,,"The red-marked object is a medium-sized fabric-covered ottoman. Based on its estimated dimensions (approximately 70cm x 50cm x 40cm) and standard materials such as a wooden frame and foam padding, it is estimated to weigh around 10 kilograms."
V-weight-image78.jpg,13000.0,,"The device is labeled as a 2 KVA Automatic Voltage Stabilizer. These units are typically box-shaped, roughly 30-40 cm in dimensions, and are constructed from sheet metal with a heavy internal copper and iron transformer core. Equipment of this capacity and build typically weighs between 12 and 15 kg.",10000.0,,"The object is an automatic voltage stabilizer with a capacity of 2 KVA. These devices primarily consist of a large electrical transformer featuring a heavy iron core and copper windings, which account for most of its weight. A typical 2 KVA stabilizer of this size generally weighs between 8 to 15 kilograms. An estimate of 10 kilograms (10,000 grams) is a reasonable average for this type of equipment."
V-weight-image79-pov2.jpg,2500.0,,"The object is a folded cotton-filled mattress or futon. Based on its size relative to the room furniture (the small table and backpack), it appears to be a standard single or double-sized bedding mattress. Typical cotton mattresses of this size weigh between 1.5 kg and 3 kg. Given the visible thickness of the folds, a weight around 2.5 kg is estimated.",4000.0,,"The red-marked object appears to be a folded floor mattress or a thick quilt. Based on its size and appearance, it is likely made of cotton or foam padding. Such mattresses typically weigh between 3 to 6 kg. I will estimate it at 4 kg."
V-weight-image79.jpg,1150.0,,"The object is a large, folded plaid quilt or duvet lying on the floor. Based on its size (appearing to be a standard double or queen size when unfolded), texture, and thickness which suggests it is a winter-weight bedding item, I can estimate its weight. A standard heavy quilt of this size typically weighs between 1 kg and 1.5 kg.",8000.0,,"The red-marked object appears to be a thick, folded cotton mattress or a heavy quilted blanket. Based on its size relative to the floor tiles and its folded thickness, it is likely to weigh several kilograms. A typical floor mattress of this type generally weighs between 5kg and 10kg. I estimate it to be around 8kg."
